종목명,코드,시장,섹터,패턴,현재가,매수기준가,기준가까지%,컵깊이%,컵기간주,손잡이%,매집강도,매수권,돌파,막돌파,돌파후일수,돌파일,돌파거래량,사상최고가,피봇_최고가대비%,현재가_최고가대비%,52주고점대비%,신규상장,상대강도,컵점수,모양점수,모양,연속일,NEW,투자포인트,소개
领先股份,603991.SS,CN,기술·IT,컵앤핸들,165.82,184.09,-9.93,40.6,8.8,9.2,,True,True,True,4.0,2026-09-23,1.49,188.9,2.5,-12.2,12.2,False,93.0,60.2,46.1,V자,17,False,반도체 장비·소재 중형주 · 시총 281억위안 · ROE 7% · 주가강도 상위 7% (최상위권),반도체 장비·소재
TECNISCO LTD,2962.T,JP,산업재,손잡이형성중,2668.0,2408.41,10.78,53.1,11.6,19.0,,False,True,True,1.0,2026-10-01,2.5,2745.0,12.3,-2.8,2.8,False,99.0,57.3,56.3,U자,16,False,금속가공 소형주 · 시총 205억엔 · ROE 0% · 주가강도 상위 1% (최상위권),금속가공
한양이엔지,045100.KQ,KR,미분류,손잡이없음,35350.0,39439.4,-10.37,35.7,5.6,0.0,1.22,True,False,False,,,,39400.0,-0.1,-10.3,10.3,False,80.0,31.4,0.0,들쭉날쭉,16,False,- · 분기이익 +28% 급증 · 손잡이 없는 컵 · 상승일 거래량 1.2배 · 주가강도 상위 20%,-
뉴파워프라즈마,144960.KQ,KR,미분류,손잡이형성중,13250.0,13413.4,-1.22,36.4,6.2,4.9,,True,False,False,,,,13400.0,-0.1,-1.1,1.1,False,97.0,62.7,71.3,U자,16,False,- · 분기이익 +599% 급증 · 주가강도 상위 3% (최상위권),-
Lindblad Expeditions Holdings Inc.  - ,LIND,US,미분류,손잡이없음,31.43,35.03,-10.29,30.5,6.2,0.0,2.79,True,False,False,,,,35.0,-0.1,-10.2,10.2,False,93.0,50.7,6.7,V자,3,False,- · 손잡이 없는 컵 · 상승일 거래량 2.8배 · 주가강도 상위 7% (최상위권),-
"Veradermics, Incorporated Common Stock",MANE,US,미분류,손잡이없음,121.23,131.37,-7.72,28.6,6.8,0.0,1.39,True,False,False,,,,131.24,-0.1,-7.6,7.6,True,,38.3,0.0,급등,16,False,- · 손잡이 없는 컵 · 상승일 거래량 1.4배,-
Materion Corporation,MTRN,US,미분류,손잡이없음,269.59,304.88,-11.58,25.9,7.6,0.0,1.63,True,False,False,,,,304.58,-0.1,-11.5,11.5,False,91.0,53.5,15.3,V자,16,False,- 중형주 · 시총 55억달러 · 분기이익 +52% 급증 · 손잡이 없는 컵 · 상승일 거래량 1.6배 · 주가강도 상위 9% (최상위권),-
BIOCYTOGEN-B,2315.HK,HK,미분류,손잡이없음,70.0,75.38,-7.13,26.8,5.8,0.0,2.27,True,False,False,,,,75.3,-0.1,-7.0,7.0,False,94.0,56.9,22.2,급등,16,False,- · 손잡이 없는 컵 · 상승일 거래량 2.3배 · 주가강도 상위 6% (최상위권),-
TSE3040,3040.T,JP,미분류,컵앤핸들,2677.0,2743.74,-2.43,15.5,5.6,6.3,,True,False,False,,,,2741.0,-0.1,-2.3,2.3,False,88.0,60.5,41.8,U자,17,False,- · 주가강도 상위 12%,-
TAMRON CO LTD,7740.T,JP,경기소비재,컵앤핸들,1369.0,1464.46,-6.52,16.5,6.4,9.7,,True,False,False,,,,1463.0,-0.1,-6.4,6.4,False,73.0,74.0,48.6,U자,17,False,"레저 소형주 · 시총 2,143억엔 · ROE 13% · 주가강도 73점",레저
KATO SANGYO CO,9869.T,JP,필수소비재,손잡이없음,6530.0,7087.08,-7.86,19.5,13.6,0.0,1.25,True,False,False,,,,7080.0,-0.1,-7.8,7.8,False,41.0,47.8,2.5,급등,16,False,"식품 도매 소형주 · 시총 2,055억엔 · ROE 10% · 손잡이 없는 컵 · 상승일 거래량 1.2배 · 주가강도 41점",식품 도매
TSE6490,6490.T,JP,미분류,손잡이없음,11410.0,12092.08,-5.64,28.4,6.4,0.0,19.21,True,False,False,,,,12080.0,-0.1,-5.5,5.5,False,93.0,46.9,0.0,V자,4,False,- · 손잡이 없는 컵 · 상승일 거래량 19.2배 · 주가강도 상위 7% (최상위권),-
TSE6508,6508.T,JP,미분류,손잡이없음,11890.0,12772.76,-6.91,21.8,5.0,0.0,5.27,True,False,False,,,,12760.0,-0.1,-6.8,6.8,False,91.0,51.1,0.0,V자,5,False,- · 손잡이 없는 컵 · 상승일 거래량 5.3배 · 주가강도 상위 9% (최상위권),-
TSE6570,6570.T,JP,미분류,손잡이없음,4175.0,4469.46,-6.59,27.3,4.6,0.0,3.35,True,False,False,,,,4465.0,-0.1,-6.5,6.5,False,98.0,51.6,12.8,V자,2,False,- · 손잡이 없는 컵 · 상승일 거래량 3.4배 · 주가강도 상위 2% (최상위권),-
KUSURI NO AOKI HOLDINGS CO L,3549.T,JP,헬스케어,손잡이없음,4286.0,4819.81,-11.08,30.4,26.2,0.0,1.17,True,False,False,,,,4815.0,-0.1,-11.0,11.0,False,57.0,43.2,0.0,급등,16,False,"의약품 유통 소형주 · 시총 3,893억엔 · ROE 12% · 손잡이 없는 컵 · 상승일 거래량 1.2배 · 주가강도 57점",의약품 유통
MITSUI O.S.K. LINES LTD,9104.T,JP,산업재,컵앤핸들,7126.0,7516.51,-5.2,31.6,21.2,9.2,,True,False,False,,,,7509.0,-0.1,-5.1,5.1,False,82.0,82.4,81.3,U자,16,False,해운 중형주 · 시총 2.5조엔 · ROE 8% · 주가강도 상위 18%,해운
SUMITOMO CORP,8053.T,JP,산업재,손잡이없음,1752.5,1945.69,-9.93,23.4,11.8,0.0,1.17,True,False,False,,,,1943.75,-0.1,-9.8,9.8,False,72.0,50.8,10.0,급등,15,False,복합기업 대형주 · 시총 8.5조엔 · ROE 14% · 손잡이 없는 컵 · 상승일 거래량 1.2배 · 주가강도 72점,복합기업
SAN-AI OBBLI CO LTD,8097.T,JP,에너지,손잡이없음,2391.0,2616.61,-8.62,22.8,14.4,0.0,1.54,True,False,False,,,,2614.0,-0.1,-8.5,8.5,False,49.0,66.4,38.4,급등,15,False,"정유 소형주 · 시총 1,533억엔 · ROE 10% · 손잡이 없는 컵 · 상승일 거래량 1.5배 · 주가강도 49점",정유
NISSAN CHEMICAL CORPORATION,4021.T,JP,소재,손잡이없음,8377.0,8715.71,-3.89,17.2,4.4,0.0,1.22,True,False,False,,,,8707.0,-0.1,-3.8,3.8,False,74.0,41.8,0.0,V자,12,False,화학 중형주 · 시총 1.1조엔 · ROE 22% · 손잡이 없는 컵 · 상승일 거래량 1.2배 · 주가강도 74점,화학
TSE4216,4216.T,JP,미분류,손잡이없음,7250.0,7937.93,-8.67,29.1,13.4,0.0,3.17,True,False,False,,,,7930.0,-0.1,-8.6,8.6,False,71.0,62.4,28.4,급등,2,False,- · 손잡이 없는 컵 · 상승일 거래량 3.2배 · 주가강도 71점,-
TSE4417,4417.T,JP,미분류,컵앤핸들,5600.0,5935.93,-5.66,17.4,5.8,10.5,,True,False,False,,,,5930.0,-0.1,-5.6,5.6,False,94.0,60.0,31.8,U자,12,False,- · 주가강도 상위 6% (최상위권),-
TSE6994,6994.T,JP,미분류,손잡이없음,1380.0,1538.54,-10.3,42.0,13.4,0.0,1.83,True,False,False,,,,1537.0,-0.1,-10.2,10.2,False,89.0,50.0,23.3,V자,5,False,- · 손잡이 없는 컵 · 상승일 거래량 1.8배 · 주가강도 상위 11%,-
先导基电,600641.SS,CN,기술·IT,손잡이형성중,48.57,52.63,-7.72,56.2,11.8,9.3,,True,False,False,,,,52.58,-0.1,-7.6,7.6,False,96.0,53.3,23.2,급등,9,False,전자부품 중형주 · 시총 489억위안 · 주가강도 상위 4% (최상위권),전자부품
NIPPON SHOKUBAI CO,4114.T,JP,소재,손잡이형성중,2544.0,2728.23,-6.75,22.6,22.2,5.3,,True,True,False,20.0,2026-09-01,1.6,2733.5,0.2,-6.9,6.9,False,71.0,62.8,29.6,급등,12,False,"화학 소형주 · 시총 3,809억엔 · ROE 6% · 주가강도 71점",화학
HIBIYA ENGINEERING,1982.T,JP,산업재,손잡이없음,3225.0,3473.47,-7.15,22.9,12.0,0.0,1.35,True,False,False,,,,3485.0,0.3,-7.5,7.5,False,66.0,49.2,0.0,급등,16,False,"건설·엔지니어링 소형주 · 시총 1,283억엔 · ROE 13% · 손잡이 없는 컵 · 상승일 거래량 1.4배 · 주가강도 66점",건설·엔지니어링
"ASE Technology Holding Co., Ltd. Ameri",ASX,US,기술·IT,손잡이없음,44.46,45.57,-2.43,31.6,5.8,0.0,1.99,True,False,False,,,,45.75,0.4,-2.8,2.8,False,97.0,51.8,25.4,V자,15,False,"반도체 대형주 · 시총 1,084억달러 · 분기이익 +171% 급증 · ROE 17% · 손잡이 없는 컵 · 상승일 거래량 2.0배 · 주가강도 상위 3% (최상위권)",반도체
NISSHINBO HOLDINGS INC,3105.T,JP,산업재,손잡이없음,2677.0,2696.69,-0.73,24.6,5.2,0.0,2.46,True,False,False,,,,2707.0,0.4,-1.1,1.1,False,92.0,50.0,0.0,V자,16,False,"복합기업 소형주 · 시총 3,710억엔 · ROE 8% · 손잡이 없는 컵 · 상승일 거래량 2.5배 · 주가강도 상위 8% (최상위권)",복합기업
IPS INC,4390.T,JP,통신·미디어,손잡이없음,3980.0,4304.3,-7.53,24.7,10.0,0.0,1.66,True,False,False,,,,4320.0,0.4,-7.9,7.9,False,71.0,56.5,13.8,급등,12,False,통신 서비스 소형주 · 시총 539억엔 · ROE 22% · 손잡이 없는 컵 · 상승일 거래량 1.7배 · 주가강도 71점,통신 서비스
타이거일렉,219130.KQ,KR,미분류,손잡이형성중,94900.0,96096.0,-1.24,33.9,6.8,5.8,,True,False,False,,,,96600.0,0.5,-1.8,1.1,False,98.0,76.5,81.8,U자,15,False,- · 분기이익 +266% 급증 · 주가강도 상위 2% (최상위권),-
Southern Copper Corporation Common Sto,SCCO,US,소재,손잡이없음,202.64,219.26,-7.58,32.4,6.2,0.0,1.01,True,True,False,25.0,2026-08-25,0.7,220.78,0.7,-8.2,8.2,False,78.0,54.2,38.7,V자,16,False,"구리 대형주 · 시총 1,656억달러 · 분기이익 +71% 급증 · ROE 50% · 손잡이 없는 컵 · 상승일 거래량 1.0배 · 주가강도 78점",구리
SUMITOMO SEIKA CHEMICALS CO,4008.T,JP,소재,컵앤핸들,1492.0,1576.57,-5.36,14.5,4.6,10.9,,True,False,False,,,,1588.0,0.7,-6.0,6.0,False,75.0,49.4,9.4,급등,12,False,정밀화학 소형주 · 시총 966억엔 · ROE 10% · 주가강도 75점,정밀화학
가온전선,000500.KS,KR,기술·IT,컵앤핸들,322250.0,349849.5,-7.89,67.4,11.2,15.3,,True,False,False,,,,352777.78,0.8,-8.7,8.7,False,99.0,59.1,44.4,V자,12,False,통신장비 중형주 · 시총 5.4조원 · 분기이익 +187% 급증 · ROE 13% · 주가강도 상위 1% (최상위권),통신장비
SUNCALL CORP,5985.T,JP,경기소비재,컵앤핸들,2530.0,2579.58,-1.92,25.5,4.6,10.9,,True,False,False,,,,2601.0,0.8,-2.7,2.7,False,96.0,52.9,6.6,들쭉날쭉,16,False,자동차부품 소형주 · 시총 703억엔 · ROE 18% · 주가강도 상위 4% (최상위권),자동차부품
CITIC BANK,0998.HK,HK,금융,손잡이없음,8.58,8.61,-0.33,24.4,10.4,0.0,1.59,True,True,False,2.0,2026-09-28,1.74,8.69,1.0,-1.3,1.3,False,68.0,58.9,18.8,급등,16,False,"금융 초대형주 · 시총 4,719억HKD · ROE 8% · 손잡이 없는 컵 · 상승일 거래량 1.6배 · 주가강도 68점",금융
TSE8050,8050.T,JP,미분류,손잡이없음,10410.0,11781.77,-11.64,26.3,5.8,0.0,2.3,True,False,False,,,,11920.0,1.2,-12.7,12.7,False,96.0,44.3,0.0,V자,5,False,- · 손잡이 없는 컵 · 상승일 거래량 2.3배 · 주가강도 상위 4% (최상위권),-
"Palo Alto Networks, Inc. - Common Stoc",PANW,US,기술·IT,손잡이없음,397.31,399.28,-0.49,19.4,4.2,0.0,1.83,True,False,False,,,,404.69,1.3,-1.8,1.8,False,93.0,50.8,0.0,급등,16,False,"기술·IT 초대형주 · 시총 3,073억달러 · 분기이익 -197% · ROE 2% · 손잡이 없는 컵 · 상승일 거래량 1.8배 · 주가강도 상위 7% (최상위권)",기술·IT
OKURA INDUSTRIAL CO,4221.T,JP,소재,손잡이없음,5360.0,5735.73,-6.55,21.9,24.8,0.0,0.93,True,True,False,30.0,2026-08-18,0.63,5810.0,1.3,-7.7,7.7,False,48.0,46.8,0.0,들쭉날쭉,12,False,정밀화학 소형주 · 시총 649억엔 · ROE 8% · 손잡이 없는 컵 · 상승일 거래량 0.9배 · 주가강도 48점,정밀화학
TOTECH CORP,9960.T,JP,기술·IT,손잡이없음,4180.0,4524.52,-7.61,19.7,8.4,0.0,2.52,True,False,False,,,,4590.0,1.4,-8.9,8.9,False,50.0,54.6,0.0,V자,16,False,"전자부품 소형주 · 시총 1,696억엔 · ROE 19% · 손잡이 없는 컵 · 상승일 거래량 2.5배 · 주가강도 50점",전자부품
지엔씨에너지,119850.KQ,KR,산업재,손잡이없음,53500.0,58058.0,-7.85,30.5,4.6,0.0,2.47,True,False,False,,,,59000.0,1.6,-9.3,9.3,False,94.0,44.8,0.0,V자,16,False,"산업기계 소형주 · 시총 8,763억원 · 분기이익 +36% 급증 · ROE 20% · 손잡이 없는 컵 · 상승일 거래량 2.5배 · 주가강도 상위 6% (최상위권)",산업기계
CENTRAL AUTOMOTIVE PRODUCTS,8117.T,JP,경기소비재,손잡이없음,2087.0,2292.29,-8.96,22.3,9.8,0.0,1.25,True,True,False,24.0,2026-08-26,3.24,2329.0,1.6,-10.4,10.4,False,46.0,54.4,5.5,급등,15,False,"자동차부품 소형주 · 시총 1,217억엔 · 손잡이 없는 컵 · 상승일 거래량 1.2배 · 주가강도 46점",자동차부품
TSE3612,3612.T,JP,미분류,손잡이없음,1547.0,1699.2,-8.96,16.9,4.2,0.0,1.15,True,True,False,25.0,2026-08-25,2.29,1728.0,1.7,-10.5,10.5,False,31.0,46.0,0.0,V자,10,False,- · 손잡이 없는 컵 · 상승일 거래량 1.1배 · 주가강도 31점,-
"Heartflow, Inc. - Common Stock",HTFL,US,헬스케어,컵앤핸들,49.75,51.24,-2.91,34.5,8.2,11.3,,True,False,False,,,,52.22,1.9,-4.7,4.7,True,93.0,68.7,59.3,U자,17,False,의료정보 서비스 소형주 · 시총 41억달러 · 주가강도 상위 7% (최상위권),의료정보 서비스
"Customers Bancorp, Inc Common Stock",CUBI,US,금융,손잡이없음,74.0,82.64,-10.46,22.8,10.4,0.0,1.25,True,True,False,40.0,2026-08-04,1.75,84.38,2.1,-12.3,12.3,False,32.0,51.9,0.0,V자,16,False,금융 소형주 · 시총 26억달러 · 분기이익 +18% · ROE 14% · 손잡이 없는 컵 · 상승일 거래량 1.2배 · 주가강도 32점,금융
ENEOS HOLDINGS INC,5020.T,JP,에너지,손잡이없음,1368.5,1520.52,-10.0,22.4,14.2,0.0,1.32,True,False,False,,,,1552.5,2.1,-11.9,11.9,False,63.0,59.8,21.9,급등,16,False,정유 중형주 · 시총 3.9조엔 · ROE 20% · 손잡이 없는 컵 · 상승일 거래량 1.3배 · 주가강도 63점,정유
하나마이크론,067310.KQ,KR,미분류,손잡이없음,53600.0,57057.0,-6.06,56.8,13.8,0.0,2.85,True,False,False,,,,58500.0,2.5,-8.4,8.4,False,95.0,67.1,60.5,U자,1,True,- · 분기이익 +2113% 급증 · 손잡이 없는 컵 · 상승일 거래량 2.9배 · 주가강도 상위 5% (최상위권),-
TSE5445,5445.T,JP,미분류,손잡이없음,1980.0,2235.57,-11.43,21.4,22.4,0.0,1.52,True,False,False,,,,2296.67,2.7,-13.8,11.3,False,34.0,48.6,0.0,V자,1,True,- · 손잡이 없는 컵 · 상승일 거래량 1.5배 · 주가강도 34점,-
TSE9147,9147.T,JP,미분류,손잡이형성중,5669.0,5703.7,-0.61,9.8,5.2,2.3,,True,True,False,5.0,2026-09-25,0.9,5866.0,2.8,-3.4,3.4,False,84.0,28.3,0.3,들쭉날쭉,2,False,- · 주가강도 상위 16%,-
TSE6134,6134.T,JP,미분류,손잡이없음,7989.0,8681.67,-7.98,26.2,7.4,0.0,5.58,True,False,False,,,,8943.0,2.9,-10.7,10.7,False,93.0,57.8,21.2,V자,2,False,- · 손잡이 없는 컵 · 상승일 거래량 5.6배 · 주가강도 상위 7% (최상위권),-
TSE3402,3402.T,JP,미분류,손잡이없음,1229.0,1354.85,-9.29,23.4,5.6,0.0,1.12,True,True,False,36.0,2026-08-07,2.23,1395.0,2.9,-11.9,11.9,False,57.0,52.7,8.8,급등,16,False,- · 손잡이 없는 컵 · 상승일 거래량 1.1배 · 주가강도 57점,-
TOYOTA TSUSHO CORP,8015.T,JP,산업재,손잡이없음,7240.0,7566.56,-4.32,23.1,10.8,0.0,1.29,True,True,False,22.0,2026-08-28,0.61,7798.0,3.0,-7.2,7.2,False,80.0,70.9,60.2,덜회복,15,False,복합기업 대형주 · 시총 7.1조엔 · ROE 16% · 손잡이 없는 컵 · 상승일 거래량 1.3배 · 주가강도 상위 20%,복합기업
"BlackRock, Inc. Common Stock",BLK,US,금융,손잡이없음,1058.29,1182.54,-10.51,22.3,11.8,0.0,1.1,True,True,False,33.0,2026-08-13,0.47,1219.94,3.1,-13.3,13.3,False,33.0,46.1,0.0,V자,16,False,"자산운용 대형주 · 시총 1,712억달러 · 분기이익 +20% · ROE 12% · 손잡이 없는 컵 · 상승일 거래량 1.1배 · 주가강도 33점",자산운용
WUXI APPTEC,2359.HK,HK,헬스케어,컵앤핸들,215.2,211.61,1.7,12.6,4.6,3.9,,True,True,False,0.0,2026-09-30,1.07,218.4,3.1,-1.5,1.5,False,93.0,65.2,64.1,U자,15,False,"진단·연구 초대형주 · 시총 6,361억HKD · ROE 28% · 주가강도 상위 7% (최상위권)",진단·연구
TSE6136,6136.T,JP,미분류,손잡이없음,3651.0,4083.08,-10.58,19.5,5.2,0.0,5.35,True,False,False,,,,4223.0,3.3,-13.5,13.5,False,80.0,50.0,0.0,V자,4,False,- · 손잡이 없는 컵 · 상승일 거래량 5.3배 · 주가강도 상위 20%,-
TotalEnergies SE Ordinary Shares,TTE,US,에너지,손잡이없음,85.5,90.83,-5.87,17.6,4.0,0.0,1.74,True,True,False,28.0,2026-08-20,0.88,94.17,3.5,-9.2,9.2,False,61.0,59.0,27.4,급등,16,False,"석유·가스(종합) 초대형주 · 시총 2,007억달러 · 분기이익 +106% 급증 · ROE 14% · 손잡이 없는 컵 · 상승일 거래량 1.7배 · 주가강도 61점",석유·가스(종합)
"Henry Schein, Inc. - Common Stock",HSIC,US,헬스케어,손잡이없음,83.97,89.38,-6.05,23.1,14.6,0.0,2.31,True,True,False,39.0,2026-08-05,1.15,92.68,3.6,-9.4,8.9,False,46.0,71.3,47.7,덜회복,16,False,헬스케어 중형주 · 시총 97억달러 · 분기이익 +17% · ROE 9% · 손잡이 없는 컵 · 상승일 거래량 2.3배 · 주가강도 46점,헬스케어
The Magnum Ice Cream Company N.V. Ordi,MICC,US,필수소비재,손잡이없음,17.78,19.95,-10.88,35.1,16.4,0.0,1.46,True,True,False,33.0,2026-08-13,0.51,20.68,3.6,-14.0,14.0,True,,64.6,64.1,덜회복,16,False,가공식품 중형주 · 시총 118억달러 · ROE 10% · 손잡이 없는 컵 · 상승일 거래량 1.5배,가공식품
ADEKA CORPORATION,4401.T,JP,소재,컵앤핸들,4619.0,4917.91,-6.08,16.9,6.6,13.0,,True,False,False,,,,5104.0,3.6,-9.5,9.5,False,65.0,45.5,0.0,V자,12,False,"정밀화학 소형주 · 시총 4,434억엔 · ROE 10% · 주가강도 65점",정밀화학
Packaging Corporation of America Commo,PKG,US,경기소비재,손잡이없음,229.26,249.76,-8.21,19.3,9.6,0.0,1.0,True,True,False,47.0,2026-07-24,2.13,259.98,3.9,-11.8,11.8,False,35.0,52.6,6.9,급등,16,False,포장재 중형주 · 시총 206억달러 · 분기이익 -19% · ROE 15% · 손잡이 없는 컵 · 상승일 거래량 1.0배 · 주가강도 35점,포장재
"Datadog, Inc. - Class A Common Stock",DDOG,US,기술·IT,컵앤핸들,273.85,280.98,-2.54,30.6,7.2,9.0,,True,False,False,,,,292.72,4.0,-6.4,6.4,False,92.0,77.1,65.2,덜회복,11,False,기술·IT 대형주 · 시총 965억달러 · 분기이익 +1100% 급증 · ROE 5% · 주가강도 상위 8% (최상위권),기술·IT
TSE8157,8157.T,JP,미분류,손잡이없음,4330.0,4204.2,2.99,20.5,5.4,0.0,1.45,True,True,False,42.0,2026-07-30,2.66,4385.0,4.1,-1.3,1.3,False,66.0,52.3,0.0,급등,3,False,- · 손잡이 없는 컵 · 상승일 거래량 1.4배 · 주가강도 66점,-
Hewlett Packard Enterprise Company Com,HPE,US,기술·IT,손잡이없음,63.89,64.31,-0.66,36.6,9.8,0.0,1.53,True,False,False,,,,67.1,4.2,-4.8,4.8,False,97.0,65.4,60.0,U자,16,False,통신장비 대형주 · 시총 752억달러 · 분기이익 +405% 급증 · ROE 11% · 손잡이 없는 컵 · 상승일 거래량 1.5배 · 주가강도 상위 3% (최상위권),통신장비
QINGDAO PORT,6198.HK,HK,산업재,손잡이없음,7.61,7.6,0.1,17.7,4.4,0.0,2.2,True,True,False,15.0,2026-09-09,2.77,7.95,4.4,-4.3,4.3,False,50.0,54.6,0.0,V자,16,False,해운 중형주 · 시총 498억HKD · ROE 11% · 손잡이 없는 컵 · 상승일 거래량 2.2배 · 주가강도 50점,해운
KEWPIE CORP,2809.T,JP,필수소비재,손잡이없음,4318.0,4704.7,-8.22,17.4,10.8,0.0,1.41,True,True,False,43.0,2026-07-29,1.26,4929.0,4.6,-12.4,12.4,False,34.0,51.0,0.0,V자,16,False,"가공식품 중형주 · 시총 6,178억엔 · ROE 8% · 손잡이 없는 컵 · 상승일 거래량 1.4배 · 주가강도 34점",가공식품
PRESS KOGYO CO,7246.T,JP,경기소비재,손잡이없음,972.0,1007.01,-3.48,25.3,21.4,0.0,1.52,True,True,False,21.0,2026-08-31,1.14,1056.0,4.6,-8.0,8.0,False,73.0,53.0,13.9,급등,16,False,자동차부품 소형주 · 시총 977억엔 · ROE 9% · 손잡이 없는 컵 · 상승일 거래량 1.5배 · 주가강도 73점,자동차부품
ITOCHU CORP,8001.T,JP,산업재,손잡이없음,2209.5,2288.79,-3.46,21.2,20.4,0.0,1.49,True,True,False,14.0,2026-09-09,1.48,2399.0,4.6,-7.9,7.9,False,63.0,56.1,12.7,급등,15,False,복합기업 대형주 · 시총 16.6조엔 · ROE 14% · 손잡이 없는 컵 · 상승일 거래량 1.5배 · 주가강도 63점,복합기업
TSE6652,6652.T,JP,미분류,손잡이없음,3855.0,3793.79,1.61,22.1,7.0,0.0,2.29,True,True,False,35.0,2026-08-10,1.47,3975.0,4.6,-3.0,3.0,False,75.0,50.6,0.0,V자,1,True,- · 손잡이 없는 컵 · 상승일 거래량 2.3배 · 주가강도 75점,-
코웨이,021240.KS,KR,경기소비재,컵앤핸들,99700.0,109309.2,-8.79,40.0,57.4,10.5,,True,False,False,,,,114700.0,4.7,-13.1,8.7,False,51.0,45.6,18.7,들쭉날쭉,16,False,가구·생활용품 중형주 · 시총 7.5조원 · 분기이익 +17% · ROE 19% · 주가강도 51점,가구·생활용품
Canadian Natural Resources Limited Com,CNQ,US,에너지,손잡이없음,47.07,49.8,-5.48,21.9,7.2,0.0,1.79,True,True,False,28.0,2026-08-20,0.62,52.31,4.8,-10.0,10.0,False,71.0,50.6,0.0,V자,16,False,"석유·가스 개발 대형주 · 시총 1,032억달러 · 분기이익 +84% 급증 · ROE 27% · 손잡이 없는 컵 · 상승일 거래량 1.8배 · 주가강도 71점",석유·가스 개발
Graham Holdings Company Common Stock,GHC,US,산업재,손잡이없음,1134.67,1201.2,-5.54,22.5,5.2,0.0,1.03,True,True,False,53.0,2026-07-16,1.13,1262.35,4.8,-10.1,10.1,False,27.0,40.7,0.0,V자,16,False,복합기업 소형주 · 시총 48억달러 · 분기이익 +677% 급증 · ROE 12% · 손잡이 없는 컵 · 상승일 거래량 1.0배 · 주가강도 27점,복합기업
Knowles Corporation Common Stock,KN,US,기술·IT,손잡이없음,37.15,40.86,-9.08,21.2,4.4,0.0,3.03,True,False,False,,,,42.93,4.8,-13.5,13.5,False,79.0,51.6,0.0,V자,16,False,전자부품 소형주 · 시총 32억달러 · 분기이익 +144% 급증 · ROE 9% · 손잡이 없는 컵 · 상승일 거래량 3.0배 · 주가강도 79점,전자부품
"American Healthcare REIT, Inc. Common ",AHR,US,부동산,컵앤핸들,51.26,55.81,-8.15,18.0,17.4,5.8,,True,True,False,53.0,2026-07-16,0.9,58.7,4.9,-12.7,12.7,False,38.0,47.5,0.0,V자,17,False,부동산 중형주 · 시총 119억달러 · 분기이익 +167% 급증 · ROE 4% · 주가강도 38점,부동산
"Liberty Live Holdings, Inc. - Series C",LLYVK,US,통신·미디어,손잡이형성중,97.25,104.3,-6.76,11.6,4.0,6.9,,True,True,False,65.0,2026-06-29,1.65,109.75,5.0,-11.4,11.4,False,28.0,35.0,10.6,V자,16,False,엔터테인먼트 중형주 · 시총 91억달러 · 주가강도 28점,엔터테인먼트
SouthState Bank Corporation Common Sto,SSB,US,금융,손잡이없음,99.56,108.57,-8.3,19.3,8.2,0.0,1.44,True,True,False,40.0,2026-08-04,1.2,114.27,5.0,-12.9,11.3,False,33.0,48.6,0.0,V자,16,False,금융 중형주 · 시총 101억달러 · 분기이익 +11% · ROE 11% · 손잡이 없는 컵 · 상승일 거래량 1.4배 · 주가강도 33점,금융
"Gilead Sciences, Inc. - Common Stock",GILD,US,헬스케어,컵앤핸들,149.05,149.12,-0.05,22.8,26.0,3.9,,True,True,False,20.0,2026-09-01,0.7,157.29,5.2,-5.2,5.2,False,61.0,56.6,30.8,급등,17,False,"헬스케어 대형주 · 시총 1,818억달러 · 분기이익 -642% · 주가강도 61점",헬스케어
RIKEN VITAMIN CO,4526.T,JP,필수소비재,손잡이없음,3065.0,3288.28,-6.79,19.0,15.0,0.0,2.25,True,True,False,28.0,2026-08-20,0.91,3470.0,5.2,-11.7,11.7,False,35.0,53.9,10.4,급등,16,False,가공식품 소형주 · 시총 962억엔 · 손잡이 없는 컵 · 상승일 거래량 2.2배 · 주가강도 35점,가공식품
DAI NIPPON PRINTING CO,7912.T,JP,산업재,컵앤핸들,2953.5,3186.18,-7.3,23.7,7.8,3.3,,True,True,False,52.0,2026-07-15,0.63,3364.0,5.3,-12.2,12.2,False,39.0,70.4,65.0,U자,15,False,복합기업 중형주 · 시총 1.3조엔 · ROE 7% · 주가강도 39점,복합기업
"Kymera Therapeutics, Inc. - Common Sto",KYMR,US,헬스케어,손잡이형성중,111.79,122.71,-8.9,23.5,7.2,4.5,,True,True,False,29.0,2026-08-19,0.93,130.05,5.6,-14.0,14.0,False,78.0,51.9,25.1,V자,16,False,바이오 중형주 · 시총 96억달러 · 주가강도 78점,바이오
"Oppenheimer Holdings, Inc. Class A Com",OPY,US,금융,손잡이없음,117.96,118.89,-0.78,24.2,7.2,0.0,1.65,True,True,False,54.0,2026-07-15,0.68,125.88,5.6,-6.3,6.3,False,78.0,57.4,22.0,급등,16,False,증권·자본시장 소형주 · 시총 12억달러 · 분기이익 +25% · ROE 11% · 손잡이 없는 컵 · 상승일 거래량 1.6배 · 주가강도 78점,증권·자본시장
DENTSU SOKEN INC,4812.T,JP,기술·IT,손잡이형성중,2863.0,2762.76,3.63,40.0,24.6,4.6,,True,True,False,22.0,2026-08-28,10.86,2930.0,5.7,-2.3,2.3,False,75.0,41.6,16.9,급등,16,False,"IT 서비스 중형주 · 시총 5,584억엔 · ROE 18% · 주가강도 75점",IT 서비스
"NetScout Systems, Inc. - Common Stock",NTCT,US,미분류,손잡이없음,40.18,45.33,-11.35,19.6,11.4,0.0,1.79,True,False,False,,,,48.13,5.8,-16.5,11.3,False,71.0,54.4,14.6,급등,2,False,- · 손잡이 없는 컵 · 상승일 거래량 1.8배 · 주가강도 71점,-
하나금융지주,086790.KS,KR,금융,손잡이없음,129000.0,133833.7,-3.61,24.6,6.2,0.0,1.25,True,True,False,54.0,2026-07-14,1.48,142500.0,6.1,-9.5,9.5,False,69.0,45.4,10.0,급등,16,False,금융 대형주 · 시총 36.5조원 · 분기이익 +5% · ROE 9% · 손잡이 없는 컵 · 상승일 거래량 1.2배 · 주가강도 69점,금융
메가터치,446540.KQ,KR,기술·IT,손잡이없음,11030.0,11000.99,0.26,57.2,15.0,0.0,5.02,True,True,False,2.0,2026-09-30,1.28,11710.0,6.1,-5.8,5.8,False,98.0,57.1,36.3,덜회복,16,False,"반도체 장비·소재 소형주 · 시총 3,170억원 · ROE 11% · 손잡이 없는 컵 · 상승일 거래량 5.0배 · 주가강도 상위 2% (최상위권)",반도체 장비·소재
JFrog Ltd. - Ordinary shares,FROG,US,기술·IT,손잡이없음,97.04,99.32,-2.29,27.3,4.2,0.0,0.84,True,True,False,23.0,2026-08-27,1.39,105.76,6.1,-8.2,8.2,False,88.0,34.3,0.0,V자,16,False,기술·IT 중형주 · 시총 114억달러 · 손잡이 없는 컵 · 상승일 거래량 0.8배 · 주가강도 상위 12%,기술·IT
SKYLARK HOLDINGS CO LTD,3197.T,JP,경기소비재,손잡이없음,3157.0,3535.53,-10.71,25.8,15.6,0.0,1.34,True,False,False,,,,3764.0,6.1,-16.1,16.1,False,35.0,61.5,47.2,V자,17,False,"외식 중형주 · 시총 7,587억엔 · ROE 10% · 손잡이 없는 컵 · 상승일 거래량 1.3배 · 주가강도 35점",외식
TSE9449,9449.T,JP,미분류,손잡이없음,3964.0,4122.12,-3.84,33.7,22.8,0.0,1.44,True,True,False,43.0,2026-07-29,1.13,4390.0,6.1,-9.7,9.7,False,57.0,44.1,12.8,급등,3,False,- · 손잡이 없는 컵 · 상승일 거래량 1.4배 · 주가강도 57점,-
ASML Holding N.V. - New York Registry ,ASML,US,기술·IT,손잡이형성중,1811.67,1875.56,-3.41,23.5,6.2,3.2,,True,True,False,31.0,2026-08-17,0.64,1999.96,6.2,-9.4,9.4,False,81.0,50.6,21.1,V자,16,False,"반도체 장비·소재 초대형주 · 시총 6,453억달러 · 분기이익 +28% 급증 · ROE 54% · 주가강도 상위 19%",반도체 장비·소재
Hubbell Inc Common Stock,HUBB,US,산업재,손잡이없음,466.98,529.92,-11.88,17.7,5.8,0.0,2.35,True,False,False,,,,565.5,6.3,-17.4,17.4,False,26.0,51.6,12.1,급등,9,False,전기장비·부품 중형주 · 시총 247억달러 · 분기이익 -1% · ROE 24% · 손잡이 없는 컵 · 상승일 거래량 2.4배 · 주가강도 26점,전기장비·부품
LandBridge Company LLC Class A Shares ,LB,US,에너지,손잡이없음,81.17,85.69,-5.27,48.9,14.4,0.0,1.28,True,True,False,28.0,2026-08-20,2.01,91.69,6.5,-11.5,11.5,False,76.0,61.5,53.3,덜회복,16,False,석유·가스 개발 중형주 · 시총 64억달러 · 분기이익 +46% 급증 · ROE 12% · 손잡이 없는 컵 · 상승일 거래량 1.3배 · 주가강도 76점,석유·가스 개발
Teck Resources Ltd Ordinary Shares,TECK,US,소재,컵앤핸들,65.79,67.87,-3.06,24.7,9.4,7.3,,True,True,False,27.0,2026-08-21,1.55,72.56,6.5,-9.3,9.3,False,72.0,71.7,55.1,덜회복,17,False,구리 중형주 · 시총 353억달러 · 분기이익 +324% 급증 · ROE 9% · 주가강도 72점,구리
CELSYS INC,3663.T,JP,기술·IT,손잡이형성중,1805.0,1976.97,-8.7,36.8,33.8,14.2,,True,True,False,57.0,2026-07-08,1.77,2114.0,6.5,-14.6,14.6,False,42.0,42.2,16.5,급등,10,False,기술·IT 소형주 · 시총 548억엔 · ROE 28% · 주가강도 42점,기술·IT
Fastenal Company - Common Stock,FAST,US,산업재,손잡이없음,49.53,49.35,0.37,21.0,15.0,0.0,1.22,True,True,False,40.0,2026-08-04,1.14,52.92,6.7,-6.4,6.4,False,41.0,44.4,6.1,급등,16,False,산업재 유통 대형주 · 시총 563억달러 · 분기이익 +14% · ROE 34% · 손잡이 없는 컵 · 상승일 거래량 1.2배 · 주가강도 41점,산업재 유통
TSE5831,5831.T,JP,미분류,손잡이형성중,3626.0,3463.46,4.69,11.5,4.4,4.7,,True,True,False,33.0,2026-08-13,1.06,3712.0,6.7,-2.3,2.3,False,83.0,27.1,0.0,들쭉날쭉,1,True,- · 주가강도 상위 17%,-
TREASURE FACTORY CO LTD,3093.T,JP,경기소비재,손잡이없음,1952.0,2190.19,-10.88,18.5,4.0,0.0,1.29,True,False,False,,,,2349.0,6.8,-16.9,16.9,False,29.0,39.0,0.0,V자,16,False,전문 유통 소형주 · 시총 460억엔 · ROE 28% · 손잡이 없는 컵 · 상승일 거래량 1.3배 · 주가강도 29점,전문 유통
JBCC HOLDINGS INC,9889.T,JP,기술·IT,손잡이없음,1739.0,1693.69,2.68,32.3,25.4,0.0,2.28,True,True,False,40.0,2026-08-03,2.53,1818.0,6.8,-4.3,4.3,False,76.0,78.2,60.6,덜회복,16,False,"IT 서비스 소형주 · 시총 1,022억엔 · ROE 22% · 손잡이 없는 컵 · 상승일 거래량 2.3배 · 주가강도 76점",IT 서비스
YUASA CO LTD,8074.T,JP,산업재,컵앤핸들,6210.0,6136.13,1.2,21.7,16.6,4.2,,True,True,False,26.0,2026-08-24,0.84,6590.0,6.9,-5.8,5.8,False,57.0,61.1,41.7,V자,15,False,"산업기계 소형주 · 시총 1,365억엔 · ROE 11% · 주가강도 57점",산업기계
TechnipFMC plc Ordinary Share,FTI,US,에너지,컵앤핸들,67.92,74.99,-9.43,15.6,7.4,5.5,,True,True,False,49.0,2026-07-22,0.5,80.7,7.1,-15.8,15.8,False,71.0,66.1,34.4,V자,17,False,석유·가스 장비 중형주 · 시총 305억달러 · 분기이익 +41% 급증 · ROE 36% · 주가강도 71점,석유·가스 장비
"Motorola Solutions, Inc. Common Stock",MSI,US,기술·IT,손잡이형성중,445.97,471.64,-5.44,27.0,21.2,4.9,,True,True,False,149.0,2026-02-26,0.71,507.82,7.1,-12.2,9.9,False,40.0,52.3,34.8,급등,16,False,통신장비 대형주 · 시총 761억달러 · 분기이익 +10% · ROE 92% · 주가강도 40점,통신장비
Tenet Healthcare Corporation Common St,THC,US,헬스케어,컵앤핸들,255.56,262.94,-2.81,36.3,19.8,6.9,,True,True,False,34.0,2026-08-12,0.47,283.05,7.1,-9.7,9.7,False,73.0,45.0,20.0,급등,17,False,의료시설 중형주 · 시총 209억달러 · 분기이익 +213% 급증 · ROE 37% · 주가강도 73점,의료시설
ExxonMobil Holdings Corporation Common,XOM,US,에너지,손잡이없음,162.75,163.84,-0.67,17.6,7.0,0.0,1.26,True,True,False,30.0,2026-08-18,1.19,176.41,7.1,-7.7,7.7,False,69.0,44.4,0.0,V자,16,False,"석유·가스(종합) 초대형주 · 시총 6,716억달러 · 분기이익 +112% 급증 · ROE 13% · 손잡이 없는 컵 · 상승일 거래량 1.3배 · 주가강도 69점",석유·가스(종합)
SKB BIO,6990.HK,HK,미분류,컵앤핸들,487.0,539.54,-9.74,25.5,5.6,14.4,,True,True,False,31.0,2026-08-18,0.6,581.0,7.1,-16.2,16.2,False,29.0,59.0,44.2,U자,17,False,- · 주가강도 29점,-
"Esquire Financial Holdings, Inc. - Com",ESQ,US,금융,손잡이형성중,116.37,125.07,-6.96,30.3,23.4,7.0,,True,True,False,53.0,2026-07-16,2.13,134.82,7.2,-13.7,13.7,False,40.0,44.8,3.0,들쭉날쭉,16,False,금융 소형주 · 시총 15억달러 · 분기이익 +8% · ROE 18% · 주가강도 40점,금융
"Five Below, Inc. - Common Stock",FIVE,US,경기소비재,컵앤핸들,219.57,244.77,-10.3,31.2,15.0,6.4,,True,True,False,27.0,2026-08-21,0.89,263.88,7.2,-16.8,16.8,False,62.0,61.2,37.2,V자,17,False,전문 유통 중형주 · 시총 140억달러 · 분기이익 +418% 급증 · ROE 28% · 주가강도 62점,전문 유통
"PACS Group, Inc. Common Stock",PACS,US,헬스케어,컵앤핸들,41.55,45.94,-9.55,19.9,6.8,8.4,,True,True,False,52.0,2026-07-17,0.74,49.49,7.2,-16.0,16.0,False,84.0,57.8,24.0,V자,17,False,의료시설 중형주 · 시총 71억달러 · 분기이익 +52% 급증 · ROE 28% · 주가강도 상위 16%,의료시설
NIPPON SANSO HOLDINGS CORPOR,4091.T,JP,소재,손잡이형성중,5352.0,6040.03,-11.39,20.7,4.8,3.0,,True,True,False,61.0,2026-07-02,1.05,6509.0,7.2,-17.8,17.8,False,19.0,52.8,34.5,V자,12,False,화학 중형주 · 시총 2.4조엔 · ROE 12% · 주가강도 19점,화학
Huron Consulting Group Inc. - Common S,HURN,US,산업재,손잡이형성중,156.83,173.07,-9.39,43.5,20.4,24.4,,True,False,False,,,,186.78,7.3,-16.0,16.0,False,74.0,38.8,26.4,급등,16,False,컨설팅 소형주 · 시총 25억달러 · 분기이익 +75% 급증 · ROE 27% · 주가강도 74점,컨설팅
NIPPON SODA CO LTD,4041.T,JP,소재,컵앤핸들,3645.0,3893.89,-6.39,21.2,20.4,3.3,,True,True,False,36.0,2026-08-07,1.26,4200.0,7.3,-13.2,13.2,False,33.0,45.7,7.7,급등,12,False,"화학 소형주 · 시총 2,074억엔 · ROE 9% · 주가강도 33점",화학
Liberty Media Corporation - Series A C,FWONA,US,통신·미디어,손잡이형성중,84.63,92.17,-8.18,25.9,36.6,5.5,,True,True,False,53.0,2026-07-16,1.07,99.52,7.4,-15.0,15.0,False,19.0,43.1,10.3,들쭉날쭉,17,False,엔터테인먼트 중형주 · 시총 222억달러 · 분기이익 -99% · ROE 3% · 주가강도 19점,엔터테인먼트
Essent Group Ltd. Common Shares,ESNT,US,금융,컵앤핸들,57.91,65.13,-11.08,16.6,19.6,3.2,,True,True,False,53.0,2026-07-16,0.81,70.37,7.4,-17.7,17.7,False,12.0,42.7,8.2,급등,17,False,금융 중형주 · 시총 61억달러 · 분기이익 +8% · ROE 12% · 주가강도 12점,금융
邮储银行,601658.SS,CN,금융,손잡이없음,5.46,5.98,-8.63,20.3,37.8,0.0,1.16,True,False,False,,,,6.46,7.4,-15.5,12.6,False,35.0,39.0,0.0,들쭉날쭉,16,False,"금융 초대형주 · 시총 6,401억위안 · ROE 8% · 손잡이 없는 컵 · 상승일 거래량 1.2배 · 주가강도 35점",금융
ChipMOS TECHNOLOGIES INC. - American D,IMOS,US,기술·IT,컵앤핸들,71.77,72.48,-0.98,44.5,10.8,8.9,,True,False,False,,,,78.35,7.5,-8.4,8.4,False,96.0,53.6,31.8,V자,11,False,반도체 소형주 · 시총 25억달러 · ROE 9% · 주가강도 상위 4% (최상위권),반도체
"Kestra Medical Technologies, Ltd. - Co",KMTS,US,헬스케어,손잡이형성중,28.29,27.74,1.99,48.0,16.8,20.9,,True,True,False,231.0,2025-10-28,0.43,30.0,7.5,-5.7,5.7,True,56.0,41.5,22.7,급등,16,False,의료기기·소모품 소형주 · 시총 15억달러 · 주가강도 56점,의료기기·소모품
NISSEI ASB MACHINE CO,6284.T,JP,산업재,손잡이형성중,8430.0,9509.5,-11.35,24.3,9.0,11.8,,True,True,False,71.0,2026-06-18,1.14,10280.0,7.5,-18.0,18.0,False,49.0,61.1,35.0,V자,16,False,"산업기계 소형주 · 시총 1,279억엔 · ROE 15% · 주가강도 49점",산업기계
티에스이,131290.KQ,KR,미분류,손잡이없음,300000.0,294294.0,1.94,51.2,4.0,0.0,1.96,True,True,False,14.0,2026-09-10,5.86,318500.0,7.6,-5.8,5.8,False,99.0,51.7,27.3,V자,16,False,- 중형주 · 시총 3.2조원 · 분기이익 +746% 급증 · 손잡이 없는 컵 · 상승일 거래량 2.0배 · 주가강도 상위 1% (최상위권),-
"CG Oncology, Inc. - Common stock",CGON,US,헬스케어,손잡이형성중,70.89,74.81,-5.25,29.5,5.8,9.8,,True,True,False,57.0,2026-07-10,0.99,80.97,7.6,-12.4,12.4,False,76.0,65.4,50.4,V자,16,False,바이오 중형주 · 시총 66억달러 · 주가강도 76점,바이오
Moody's Corporation Common Stock,MCO,US,금융,컵앤핸들,454.13,505.41,-10.15,26.4,23.4,5.3,,True,True,False,53.0,2026-07-16,0.92,546.88,7.6,-17.0,17.0,False,17.0,48.0,0.0,급등,17,False,금융정보·거래소 대형주 · 시총 809억달러 · 분기이익 +57% 급증 · ROE 77% · 주가강도 17점,금융정보·거래소
Permian Resources Corporation Class A ,PR,US,에너지,손잡이없음,21.12,22.7,-6.95,21.1,10.0,0.0,1.4,True,True,False,29.0,2026-08-19,1.52,24.65,7.9,-14.3,14.3,False,74.0,57.7,9.2,급등,16,False,석유·가스 개발 중형주 · 시총 194억달러 · 분기이익 +232% 급증 · ROE 11% · 손잡이 없는 컵 · 상승일 거래량 1.4배 · 주가강도 74점,석유·가스 개발
TAKASAGO THERMAL ENGINEERING,1969.T,JP,산업재,손잡이없음,4663.0,5295.29,-11.94,24.7,10.0,0.0,1.68,True,False,False,,,,5749.0,7.9,-18.9,18.9,False,30.0,72.2,59.0,덜회복,16,False,"건축자재·설비 중형주 · 시총 6,101억엔 · ROE 18% · 손잡이 없는 컵 · 상승일 거래량 1.7배 · 주가강도 30점",건축자재·설비
NICHIREI CORP,2871.T,JP,필수소비재,손잡이형성중,2070.0,2180.68,-5.08,19.7,13.8,7.5,,True,True,False,65.0,2026-06-26,0.93,2369.0,7.9,-12.6,12.6,False,41.0,45.5,10.7,V자,16,False,"가공식품 중형주 · 시총 5,584억엔 · ROE 10% · 주가강도 41점",가공식품
"Rush Enterprises, Inc. - Class B Commo",RUSHB,US,경기소비재,손잡이없음,53.91,52.81,2.09,20.3,5.8,0.0,1.28,True,True,False,40.0,2026-08-04,0.95,57.38,8.0,-6.0,6.0,False,70.0,46.7,13.3,급등,16,False,자동차 판매 중형주 · 시총 63억달러 · 분기이익 +1% · ROE 12% · 손잡이 없는 컵 · 상승일 거래량 1.3배 · 주가강도 70점,자동차 판매
"CF Industries Holdings, Inc. Common St",CF,US,소재,손잡이없음,115.2,130.56,-11.76,22.8,7.4,0.0,1.37,True,True,False,20.0,2026-09-01,1.57,141.96,8.0,-18.9,18.9,False,57.0,53.9,0.0,V자,16,False,농업 자재 중형주 · 시총 203억달러 · 분기이익 +100% 급증 · ROE 30% · 손잡이 없는 컵 · 상승일 거래량 1.4배 · 주가강도 57점,농업 자재
"Belite Bio, Inc - American Depositary ",BLTE,US,헬스케어,손잡이없음,169.82,183.85,-7.63,29.2,15.4,0.0,0.97,True,True,False,17.0,2026-09-04,4.13,200.0,8.1,-15.1,15.1,False,78.0,63.1,46.9,덜회복,16,False,바이오 중형주 · 시총 69억달러 · 손잡이 없는 컵 · 상승일 거래량 1.0배 · 주가강도 78점,바이오
OBIC BUSINESS CONSULTANT,4733.T,JP,기술·IT,컵앤핸들,8160.0,8619.61,-5.33,38.5,36.8,11.5,,True,True,False,22.0,2026-08-28,1.44,9379.0,8.1,-13.0,13.0,False,60.0,45.2,19.9,급등,16,False,"IT 서비스 중형주 · 시총 6,180억엔 · ROE 12% · 주가강도 60점",IT 서비스
TANSEISHA CO LTD,9743.T,JP,산업재,컵앤핸들,1397.0,1533.53,-8.9,22.9,30.0,1.5,,True,True,False,20.0,2026-09-01,0.84,1671.0,8.2,-16.4,16.4,False,24.0,42.7,0.0,V자,16,False,기업 서비스 소형주 · 시총 706억엔 · ROE 12% · 주가강도 24점,기업 서비스
成都银行,601838.SS,CN,금융,컵앤핸들,19.31,19.24,0.37,26.7,40.8,5.2,,True,True,False,84.0,2026-06-02,1.55,20.96,8.2,-7.9,5.3,False,47.0,42.6,0.0,V자,17,False,금융 중형주 · 시총 843억위안 · ROE 14% · 주가강도 47점,금융
"Darden Restaurants, Inc. Common Stock",DRI,US,경기소비재,손잡이형성중,193.25,210.77,-8.31,26.0,28.4,2.9,,True,True,False,177.0,2026-01-15,1.26,229.76,8.3,-15.9,15.9,False,26.0,37.9,0.0,V자,16,False,외식 중형주 · 시총 235억달러 · 분기이익 +36% 급증 · ROE 54% · 주가강도 26점,외식
Cintas Corporation - Common Stock,CTAS,US,산업재,손잡이형성중,195.06,209.93,-7.08,28.9,47.0,6.5,,True,True,False,46.0,2026-07-27,0.98,229.24,8.4,-14.9,11.0,False,39.0,35.7,1.7,급등,16,False,기업 서비스 대형주 · 시총 792억달러 · 분기이익 +16% · ROE 41% · 주가강도 39점,기업 서비스
TSE7715,7715.T,JP,미분류,손잡이형성중,4425.0,4439.43,-0.33,20.0,6.0,3.7,,True,False,False,,,,4845.0,8.4,-8.7,8.7,False,87.0,63.2,47.0,U자,16,False,- · 주가강도 상위 13%,-
HITACHI,6501.T,JP,산업재,손잡이형성중,5523.0,5532.53,-0.17,27.3,23.4,3.9,,True,True,False,36.0,2026-08-07,0.91,6039.0,8.4,-8.5,8.5,False,69.0,42.2,3.6,들쭉날쭉,16,False,복합기업 초대형주 · 시총 24.3조엔 · 주가강도 69점,복합기업
TOYODA GOSEI,7282.T,JP,경기소비재,손잡이없음,1032.5,1047.05,-1.39,25.9,10.4,0.0,1.24,True,True,False,59.0,2026-07-06,0.55,1144.0,8.5,-9.7,9.7,False,62.0,40.8,0.0,V자,16,False,"자동차부품 중형주 · 시총 6,200억엔 · ROE 12% · 손잡이 없는 컵 · 상승일 거래량 1.2배 · 주가강도 62점",자동차부품
GLORY LTD,6457.T,JP,산업재,손잡이없음,4370.0,4563.56,-4.24,16.2,6.6,0.0,3.45,True,True,False,43.0,2026-07-29,1.32,4985.0,8.5,-12.3,12.3,False,50.0,51.5,5.7,급등,16,False,"사무기기 소형주 · 시총 2,290억엔 · ROE 8% · 손잡이 없는 컵 · 상승일 거래량 3.5배 · 주가강도 50점",사무기기
Investors Title Company - Common Stock,ITIC,US,금융,손잡이없음,282.9,282.39,0.18,25.6,10.8,0.0,2.09,True,True,False,53.0,2026-07-16,0.68,309.55,8.8,-8.6,8.6,False,48.0,58.7,31.2,덜회복,16,False,금융 소형주 · 시총 6억달러 · 분기이익 +19% · ROE 15% · 손잡이 없는 컵 · 상승일 거래량 2.1배 · 주가강도 48점,금융
OBIC CO LTD,4684.T,JP,기술·IT,손잡이형성중,5062.0,5155.15,-1.81,34.3,46.2,7.6,,True,False,False,,,,5658.0,8.9,-10.5,8.7,False,64.0,51.3,50.3,덜회복,16,False,기술·IT 중형주 · 시총 2.2조엔 · ROE 17% · 주가강도 64점,기술·IT
WAKITA & CO,8125.T,JP,산업재,컵앤핸들,1914.0,1952.95,-1.99,24.9,21.0,2.5,,True,True,False,28.0,2026-08-20,0.69,2143.0,8.9,-10.7,10.7,False,38.0,51.7,30.3,V자,15,False,농기계·중장비 소형주 · 시총 983억엔 · ROE 4% · 주가강도 38점,농기계·중장비
BAUDROIE INC,4413.T,JP,기술·IT,손잡이없음,2960.0,3143.14,-5.83,46.1,37.8,0.0,1.46,True,True,False,55.0,2026-07-10,0.8,3450.0,8.9,-14.2,10.7,False,67.0,39.9,12.5,V자,12,False,IT 서비스 소형주 · 시총 925억엔 · ROE 41% · 손잡이 없는 컵 · 상승일 거래량 1.5배 · 주가강도 67점,IT 서비스
Centerra Gold Inc. Common Shares,CGAU,US,소재,컵앤핸들,21.78,22.32,-2.43,30.6,22.6,6.3,,True,True,False,29.0,2026-08-19,1.35,24.52,9.0,-11.2,11.2,False,85.0,45.1,2.6,급등,17,False,금 소형주 · 시총 46억달러 · 분기이익 +9% · ROE 33% · 주가강도 상위 15%,금
KYB CORPORATION,7242.T,JP,경기소비재,손잡이형성중,1527.0,1613.28,-5.35,29.2,25.2,3.3,,True,True,False,18.0,2026-09-03,1.36,1773.33,9.0,-13.9,13.9,False,51.0,62.0,55.4,덜회복,16,False,"자동차부품 소형주 · 시총 1,871억엔 · ROE 11% · 주가강도 51점",자동차부품
HOSOKAWA MICRON CORP,6277.T,JP,산업재,손잡이없음,6560.0,6326.32,3.69,25.6,15.4,0.0,1.6,True,True,False,5.0,2026-09-25,5.82,6950.0,9.0,-5.6,5.6,False,68.0,57.0,16.6,급등,8,False,산업기계 소형주 · 시총 980억엔 · ROE 3% · 손잡이 없는 컵 · 상승일 거래량 1.6배 · 주가강도 68점,산업기계
FOOD & LIFE COMPANIES LTD,3563.T,JP,경기소비재,컵앤핸들,5086.0,5583.58,-8.91,19.2,8.2,5.3,,True,True,False,45.0,2026-07-27,0.76,6135.0,9.0,-17.1,17.1,False,59.0,57.9,28.0,V자,17,False,외식 중형주 · 시총 1.1조엔 · ROE 30% · 주가강도 59점,외식
Freedom Holding Corp. - Common Stock,FRHC,US,금융,컵앤핸들,167.3,176.37,-5.14,44.3,53.4,8.8,,True,True,False,4.0,2026-09-24,0.79,194.01,9.1,-13.8,6.0,False,48.0,45.0,18.9,V자,17,False,금융지주 중형주 · 시총 104억달러 · 분기이익 -15% · ROE 11% · 주가강도 48점,금융지주
GigaCloud Technology Inc - Class A Ord,GCT,US,기술·IT,손잡이형성중,51.68,56.33,-8.25,37.2,12.4,18.2,,True,False,False,,,,62.0,9.1,-16.6,8.2,False,85.0,53.4,46.4,U자,16,False,기술·IT 소형주 · 시총 19억달러 · 분기이익 +27% 급증 · ROE 32% · 주가강도 상위 15%,기술·IT
Equinor ASA,EQNR,US,에너지,컵앤핸들,41.6,41.67,-0.17,26.1,11.0,9.0,,True,True,False,31.0,2026-08-17,0.78,45.84,9.1,-9.2,9.2,False,83.0,57.2,28.0,V자,17,False,"석유·가스(종합) 대형주 · 시총 1,029억달러 · 분기이익 +298% 급증 · ROE 21% · 주가강도 상위 17%",석유·가스(종합)
Charles Schwab Corporation (The) Commo,SCHW,US,금융,컵앤핸들,97.74,104.07,-6.09,21.9,20.8,4.4,,True,True,False,46.0,2026-07-27,0.65,114.53,9.1,-14.7,14.7,False,31.0,43.0,0.0,V자,17,False,"증권·자본시장 대형주 · 시총 1,848억달러 · 분기이익 +43% 급증 · ROE 20% · 주가강도 31점",증권·자본시장
AISAN INDUSTRY CO,7283.T,JP,경기소비재,손잡이없음,2135.0,2298.3,-7.11,26.7,16.8,0.0,1.95,True,True,False,59.0,2026-07-06,4.43,2527.0,9.1,-15.5,15.5,False,44.0,51.6,0.0,급등,17,False,"자동차부품 소형주 · 시총 1,233억엔 · ROE 10% · 손잡이 없는 컵 · 상승일 거래량 1.9배 · 주가강도 44점",자동차부품
TSE6941,6941.T,JP,미분류,손잡이없음,9500.0,10380.37,-8.48,30.5,7.4,0.0,2.87,True,False,False,,,,11420.0,9.1,-16.8,16.8,False,87.0,70.0,53.6,덜회복,1,True,- · 손잡이 없는 컵 · 상승일 거래량 2.9배 · 주가강도 상위 13%,-
BOK Financial Corporation - Common Sto,BOKF,US,금융,손잡이형성중,126.4,133.29,-5.17,10.1,4.8,2.1,,True,True,False,75.0,2026-06-12,0.76,146.84,9.2,-13.9,13.9,False,27.0,38.4,25.1,덜회복,16,False,금융 중형주 · 시총 81억달러 · 분기이익 +33% 급증 · ROE 11% · 주가강도 27점,금융
GLOBAL NEW MAT,6616.HK,HK,소재,컵앤핸들,9.66,10.31,-6.26,44.5,32.0,7.8,,True,True,False,17.0,2026-09-07,0.99,11.36,9.2,-15.0,13.6,False,80.0,43.5,5.3,급등,17,False,정밀화학 중형주 · 시총 132억HKD · 주가강도 상위 20%,정밀화학
TSE2802,2802.T,JP,미분류,손잡이없음,5177.0,5759.75,-10.12,16.6,5.0,0.0,1.59,True,False,False,,,,6340.0,9.2,-18.3,18.3,False,52.0,44.3,0.0,V자,16,False,- · 손잡이 없는 컵 · 상승일 거래량 1.6배 · 주가강도 52점,-
TSE7988,7988.T,JP,미분류,손잡이형성중,2410.0,2526.02,-4.59,28.1,16.8,2.9,,True,True,False,59.0,2026-07-06,0.95,2781.0,9.2,-13.3,13.3,False,32.0,55.6,36.1,덜회복,15,False,- · 주가강도 32점,-
TSE6947,6947.T,JP,미분류,손잡이없음,5430.0,5325.32,1.97,20.3,16.4,0.0,1.08,True,True,False,0.0,2026-10-02,1.02,5870.0,9.3,-7.5,0.7,False,58.0,46.6,11.4,급등,5,False,- · 손잡이 없는 컵 · 상승일 거래량 1.1배 · 주가강도 58점,-
TSE9532,9532.T,JP,미분류,손잡이형성중,5747.0,6195.19,-7.23,21.9,21.4,2.4,,True,True,False,8.0,2026-09-17,0.87,6828.0,9.3,-15.8,15.8,False,47.0,54.2,24.6,급등,3,False,- · 주가강도 47점,-
RTX Corporation Common Stock,RTX,US,산업재,손잡이없음,185.65,205.57,-9.69,16.8,6.8,0.0,1.61,True,True,False,48.0,2026-07-23,1.91,226.88,9.4,-18.2,18.2,False,25.0,51.0,0.0,V자,16,False,"항공우주·방산 초대형주 · 시총 2,653억달러 · ROE 12% · 손잡이 없는 컵 · 상승일 거래량 1.6배 · 주가강도 25점",항공우주·방산
QOL HOLDINGS CO LTD,3034.T,JP,헬스케어,손잡이없음,2364.0,2406.4,-1.76,30.1,30.6,0.0,1.62,True,True,False,35.0,2026-08-10,5.15,2655.0,9.4,-11.0,11.0,False,66.0,53.6,15.6,급등,16,False,의약품 유통 소형주 · 시총 891억엔 · ROE 17% · 손잡이 없는 컵 · 상승일 거래량 1.6배 · 주가강도 66점,의약품 유통
SIMPLEX HLDGS INC,4373.T,JP,기술·IT,손잡이없음,1147.0,1159.16,-1.05,22.7,4.6,0.0,1.04,True,True,False,43.0,2026-07-29,1.31,1280.0,9.4,-10.4,10.4,False,65.0,42.2,2.0,V자,12,False,"IT 서비스 소형주 · 시총 2,545억엔 · ROE 22% · 손잡이 없는 컵 · 상승일 거래량 1.0배 · 주가강도 65점",IT 서비스
Hess Midstream LP Class A Representing,HESM,US,에너지,컵앤핸들,37.37,39.94,-6.43,28.3,29.4,3.6,,True,True,False,132.0,2026-03-23,0.82,44.14,9.5,-15.3,9.8,False,33.0,38.4,0.0,V자,17,False,석유·가스 수송 중형주 · 시총 84억달러 · ROE 151% · 주가강도 33점,석유·가스 수송
TOMOE ENGINEERING CO,6309.T,JP,산업재,컵앤핸들,1938.0,2026.02,-4.34,27.8,23.0,3.6,,True,True,False,26.0,2026-08-24,0.77,2239.0,9.5,-13.4,13.4,False,47.0,67.1,60.8,덜회복,17,False,산업기계 소형주 · 시총 579억엔 · ROE 10% · 주가강도 47점,산업기계
삼성전자우,005935.KS,KR,미분류,컵앤핸들,201000.0,220220.0,-8.73,42.0,12.4,12.1,,True,False,False,,,,243500.0,9.6,-17.5,17.5,False,95.0,45.5,32.5,V자,10,False,- · 주가강도 상위 5% (최상위권),-
S-Oil,010950.KS,KR,에너지,컵앤핸들,159800.0,160160.0,-0.22,49.0,24.6,9.2,,True,True,False,15.0,2026-09-09,1.29,177100.0,9.6,-9.8,9.8,False,94.0,47.3,4.3,들쭉날쭉,17,False,정유 대형주 · 시총 17.9조원 · ROE 16% · 주가강도 상위 6% (최상위권),정유
Target Hospitality Corp. - Common Stoc,TH,US,산업재,컵앤핸들,19.72,19.67,0.26,32.5,8.8,9.4,,True,True,False,16.0,2026-09-08,1.39,21.76,9.6,-9.4,9.4,False,92.0,59.7,35.8,V자,17,False,기업 서비스 소형주 · 시총 19억달러 · 주가강도 상위 8% (최상위권),기업 서비스
TRANSACTION CO LTD,7818.T,JP,필수소비재,컵앤핸들,1187.0,1299.3,-8.64,21.9,11.6,3.7,,True,True,False,84.0,2026-06-01,0.78,1438.0,9.6,-17.5,17.5,False,20.0,42.2,0.6,V자,17,False,생활용품 소형주 · 시총 657억엔 · ROE 21% · 주가강도 20점,생활용품
TKC CORPORATION,9746.T,JP,기술·IT,컵앤핸들,4040.0,4189.18,-3.56,28.6,50.8,4.9,,True,False,False,,,,4635.0,9.6,-12.8,7.7,False,44.0,30.7,0.0,V자,17,False,"IT 서비스 소형주 · 시총 2,019억엔 · ROE 13% · 주가강도 44점",IT 서비스
TSE5331,5331.T,JP,미분류,손잡이없음,3725.0,4189.18,-11.08,20.0,5.8,0.0,7.27,True,False,False,,,,4635.0,9.6,-19.6,19.6,False,62.0,49.2,0.0,V자,1,True,- · 손잡이 없는 컵 · 상승일 거래량 7.3배 · 주가강도 62점,-
"Cohu, Inc. - Common Stock",COHU,US,미분류,손잡이형성중,68.14,67.33,1.21,47.5,12.2,5.2,,True,True,False,0.0,2026-09-30,1.15,74.6,9.7,-8.7,8.7,False,97.0,47.9,23.5,급등,5,False,- · 주가강도 상위 3% (최상위권),-
Banco De Chile ADS,BCH,US,금융,손잡이없음,40.01,42.24,-5.28,20.4,4.6,0.0,1.33,True,True,False,43.0,2026-07-30,0.76,46.77,9.7,-14.5,14.5,False,47.0,46.6,8.4,급등,16,False,금융 중형주 · 시총 214억달러 · ROE 22% · 손잡이 없는 컵 · 상승일 거래량 1.3배 · 주가강도 47점,금융
TSE4092,4092.T,JP,미분류,손잡이없음,5740.0,5745.74,-0.1,31.9,4.0,0.0,3.24,True,True,False,41.0,2026-07-31,0.96,6360.0,9.7,-9.7,9.7,False,93.0,46.9,4.3,V자,16,False,- · 손잡이 없는 컵 · 상승일 거래량 3.2배 · 주가강도 상위 7% (최상위권),-
"Freeport-McMoRan, Inc. Common Stock",FCX,US,소재,손잡이없음,70.0,72.35,-3.25,22.5,4.6,0.0,1.17,True,True,False,27.0,2026-08-21,1.98,80.24,9.8,-12.8,12.8,False,76.0,53.4,16.4,급등,16,False,"구리 대형주 · 시총 1,100억달러 · ROE 15% · 손잡이 없는 컵 · 상승일 거래량 1.2배 · 주가강도 76점",구리
TSE9699,9699.T,JP,미분류,손잡이없음,4325.0,4619.62,-6.38,20.9,11.6,0.0,2.01,True,True,False,27.0,2026-08-21,1.15,5120.0,9.8,-15.5,11.4,False,34.0,49.8,0.0,V자,16,False,- · 손잡이 없는 컵 · 상승일 거래량 2.0배 · 주가강도 34점,-
TSE4461,4461.T,JP,미분류,손잡이형성중,14760.0,14344.33,2.9,27.0,5.6,4.0,,True,True,False,2.0,2026-09-30,0.74,15900.0,9.8,-7.2,7.2,False,93.0,44.4,11.8,V자,16,False,- · 주가강도 상위 7% (최상위권),-
Microsoft Corporation - Common Stock,MSFT,US,기술·IT,손잡이형성중,512.9,499.94,2.59,25.1,8.8,4.1,,True,True,False,37.0,2026-08-07,0.66,555.45,10.0,-7.7,7.4,False,66.0,46.7,24.4,급등,16,False,기술·IT 초대형주 · 시총 3.7조달러 · ROE 34% · 주가강도 66점,기술·IT
Solventum Corporation Common Stock,SOLV,US,미분류,손잡이없음,88.15,86.45,1.97,27.8,17.6,0.0,1.13,True,True,False,44.0,2026-07-29,1.07,96.05,10.0,-8.2,6.4,False,63.0,39.0,1.5,V자,16,False,- · 손잡이 없는 컵 · 상승일 거래량 1.1배 · 주가강도 63점,-
Suncor Energy  Inc. Common Stock,SU,US,에너지,컵앤핸들,67.87,66.86,1.52,24.2,10.8,5.3,,True,True,False,42.0,2026-07-31,0.96,74.28,10.0,-8.6,5.8,False,77.0,58.2,32.9,V자,17,False,석유·가스(종합) 대형주 · 시총 802억달러 · ROE 19% · 주가강도 77점,석유·가스(종합)
"Frequency Electronics, Inc. - Common S",FEIM,US,기술·IT,손잡이없음,84.53,80.68,4.77,29.3,4.0,0.0,1.42,True,True,False,13.0,2026-09-11,4.86,89.76,10.1,-5.8,5.8,False,92.0,57.6,25.5,급등,16,False,통신장비 소형주 · 시총 10억달러 · ROE 3% · 손잡이 없는 컵 · 상승일 거래량 1.4배 · 주가강도 상위 8% (최상위권),통신장비
CENTRAL NEW EGY,1735.HK,HK,산업재,손잡이없음,11.85,11.38,4.12,34.0,42.2,0.0,1.84,True,True,False,2.0,2026-09-28,3.73,12.66,10.1,-6.4,4.7,False,83.0,42.6,0.0,급등,8,False,건설·엔지니어링 중형주 · 시총 494억HKD · ROE 2% · 손잡이 없는 컵 · 상승일 거래량 1.8배 · 주가강도 상위 17%,건설·엔지니어링
TSE7911,7911.T,JP,미분류,컵앤핸들,2350.0,2664.66,-11.81,31.3,6.4,6.2,,True,True,False,59.0,2026-07-06,0.57,2964.0,10.1,-20.7,20.7,False,30.0,69.4,60.9,U자,15,False,- · 주가강도 30점,-
Allegion plc Ordinary Shares,ALLE,US,미분류,손잡이형성중,153.77,164.41,-6.47,30.8,38.2,6.6,,True,True,False,40.0,2026-08-04,0.81,183.11,10.2,-16.0,16.0,False,32.0,39.9,0.0,V자,16,False,- · 주가강도 32점,-
Ero Copper Corp. Common Shares,ERO,US,미분류,손잡이형성중,36.69,36.66,0.09,29.7,9.4,10.3,,True,True,False,27.0,2026-08-21,3.16,40.83,10.2,-10.1,10.1,False,84.0,51.0,10.9,급등,16,False,- · 주가강도 상위 16%,-
TSE7296,7296.T,JP,미분류,손잡이없음,4050.0,3883.88,4.28,19.3,5.8,0.0,1.28,True,True,False,38.0,2026-08-05,2.92,4330.0,10.3,-6.5,6.5,False,64.0,52.7,14.8,급등,16,False,- · 손잡이 없는 컵 · 상승일 거래량 1.3배 · 주가강도 64점,-
TSE5105,5105.T,JP,미분류,손잡이없음,3907.0,4357.35,-10.34,19.5,7.0,0.0,4.4,True,False,False,,,,4855.0,10.3,-19.5,19.5,False,28.0,49.8,0.0,급등,16,False,- · 손잡이 없는 컵 · 상승일 거래량 4.4배 · 주가강도 28점,-
移远通信,603236.SS,CN,기술·IT,컵앤핸들,71.35,77.28,-7.67,41.1,34.0,9.8,,True,False,False,,,,86.28,10.4,-17.3,10.6,False,69.0,60.2,51.4,U자,17,False,통신장비 중형주 · 시총 247억위안 · ROE 16% · 주가강도 69점,통신장비
大元泵业,603757.SS,CN,미분류,손잡이형성중,70.77,77.57,-8.76,31.9,5.0,11.8,,True,True,False,61.0,2026-07-06,1.06,86.62,10.4,-18.3,18.3,False,76.0,52.7,26.8,V자,16,False,- · 주가강도 76점,-
"Third Coast Bancshares, Inc. Common St",TCBX,US,미분류,손잡이형성중,42.39,41.5,2.14,18.2,8.4,3.5,,True,True,False,118.0,2026-04-13,1.4,46.35,10.5,-8.6,8.6,False,46.0,44.7,3.6,V자,2,False,- · 주가강도 46점,-
TSE1358,1358.T,JP,미분류,손잡이없음,142100.0,147397.25,-3.59,19.7,5.2,0.0,3.4,True,False,False,,,,165250.0,10.8,-14.0,14.0,False,87.0,46.9,0.0,급등,16,False,- · 손잡이 없는 컵 · 상승일 거래량 3.4배 · 주가강도 상위 13%,-
TSE1458,1458.T,JP,미분류,손잡이없음,89040.0,91931.84,-3.15,19.4,5.2,0.0,2.3,True,False,False,,,,103100.0,10.8,-13.6,13.6,False,87.0,46.9,0.0,급등,16,False,- · 손잡이 없는 컵 · 상승일 거래량 2.3배 · 주가강도 상위 13%,-
TSE2282,2282.T,JP,미분류,손잡이형성중,2002.5,2205.54,-9.21,8.6,4.2,2.8,,True,True,False,214.0,2025-11-13,0.76,2473.33,10.8,-19.0,19.0,False,20.0,45.2,38.7,U자,16,False,- · 주가강도 20점,-
TSE6507,6507.T,JP,미분류,손잡이없음,14090.0,15075.06,-6.53,27.4,7.0,0.0,5.71,True,False,False,,,,16900.0,10.8,-16.6,16.6,False,72.0,70.9,57.3,덜회복,3,False,- · 손잡이 없는 컵 · 상승일 거래량 5.7배 · 주가강도 72점,-
Lumentum Holdings Inc. - Common Stock,LITE,US,미분류,손잡이형성중,971.26,967.57,0.38,43.3,9.6,13.5,,True,True,False,31.0,2026-08-17,1.04,1085.68,10.9,-10.5,10.5,False,98.0,40.5,15.0,V자,16,False,- · 주가강도 상위 2% (최상위권),-
McGrath RentCorp - Common Stock,MGRC,US,산업재,컵앤핸들,114.35,116.6,-1.93,25.6,19.0,3.3,,True,True,False,169.0,2026-01-28,1.61,130.86,10.9,-12.6,9.1,False,28.0,42.3,19.8,V자,17,False,임대·리스 소형주 · 시총 27억달러 · ROE 13% · 주가강도 28점,임대·리스
Hudbay Minerals Inc. Ordinary Shares (,HBM,US,소재,컵앤핸들,26.68,28.65,-6.87,25.4,16.0,8.9,,True,True,False,27.0,2026-08-21,1.13,32.15,10.9,-17.0,17.0,False,78.0,42.1,0.0,들쭉날쭉,17,False,구리 중형주 · 시총 129억달러 · ROE 17% · 주가강도 78점,구리
TSE1570,1570.T,JP,미분류,손잡이없음,74560.0,76986.91,-3.15,19.4,5.2,0.0,2.04,True,False,False,,,,86380.0,10.9,-13.7,13.7,False,86.0,46.1,0.0,급등,16,False,- · 손잡이 없는 컵 · 상승일 거래량 2.0배 · 주가강도 상위 14%,-
OKUMA CORPORATION,6103.T,JP,산업재,컵앤핸들,4855.0,5085.08,-4.52,26.7,8.0,8.7,,True,True,False,39.0,2026-08-04,1.3,5710.0,10.9,-15.0,15.0,False,68.0,73.2,62.1,덜회복,17,False,"산업기계 소형주 · 시총 2,506억엔 · ROE 6% · 주가강도 68점",산업기계
"Entegris, Inc. - Common Stock",ENTG,US,미분류,손잡이없음,154.06,166.37,-7.4,24.3,5.0,0.0,1.98,True,False,False,,,,186.94,11.0,-17.6,17.6,False,81.0,55.2,15.0,급등,16,False,- · 손잡이 없는 컵 · 상승일 거래량 2.0배 · 주가강도 상위 19%,-
Manulife Financial Corporation Common ,MFC,US,금융,컵앤핸들,42.59,41.47,2.7,8.8,4.6,4.7,,True,True,False,58.0,2026-07-09,0.59,46.61,11.0,-8.6,6.0,False,59.0,45.0,45.6,U자,15,False,금융 대형주 · 시총 720억달러 · ROE 13% · 주가강도 59점,금융
IINO KAIUN KAISHA,9119.T,JP,산업재,컵앤핸들,1672.0,1780.78,-6.11,28.9,18.6,5.8,,True,True,False,8.0,2026-09-17,0.95,2000.0,11.0,-16.4,13.5,False,61.0,75.0,75.1,덜회복,16,False,"해운 소형주 · 시총 1,867억엔 · ROE 15% · 주가강도 61점",해운
Federal Signal Corporation Common Stoc,FSS,US,산업재,손잡이형성중,110.79,119.61,-7.37,21.5,7.2,3.0,,True,True,False,68.0,2026-06-24,1.68,134.51,11.1,-17.6,17.6,False,14.0,50.8,23.6,V자,16,False,농기계·중장비 중형주 · 시총 70억달러 · ROE 21% · 주가강도 14점,농기계·중장비
Newmont Corporation,NEM,US,소재,손잡이형성중,115.34,120.31,-4.13,20.9,7.6,5.7,,True,True,False,31.0,2026-08-17,0.88,135.29,11.1,-14.7,14.7,False,61.0,69.8,53.0,U자,16,False,"금 대형주 · 시총 1,283억달러 · ROE 26% · 주가강도 61점",금
MARUCHIYO YAMAOKA CORP,3399.T,JP,경기소비재,컵앤핸들,3935.0,3773.77,4.27,36.2,20.8,9.4,,True,True,False,147.0,2026-02-25,1.33,4250.0,11.2,-7.4,7.4,False,63.0,79.3,84.2,U자,17,False,외식 소형주 · 시총 795억엔 · ROE 8% · 주가강도 63점,외식
TSE7453,7453.T,JP,미분류,손잡이없음,4247.0,4109.1,3.36,20.5,4.2,0.0,1.21,True,True,False,54.0,2026-07-13,4.31,4625.0,11.2,-8.2,8.2,False,75.0,45.1,0.0,V자,16,False,- · 손잡이 없는 컵 · 상승일 거래량 1.2배 · 주가강도 75점,-
TSE4188,4188.T,JP,미분류,손잡이없음,1150.0,1172.17,-1.89,27.7,9.4,0.0,1.21,True,True,False,59.0,2026-07-06,0.84,1319.5,11.2,-12.8,11.9,False,61.0,41.2,1.1,급등,12,False,- · 손잡이 없는 컵 · 상승일 거래량 1.2배 · 주가강도 61점,-
TSE6273,6273.T,JP,미분류,손잡이없음,73280.0,82662.58,-11.35,21.7,7.0,0.0,2.01,True,False,False,,,,93220.0,11.3,-21.4,15.6,False,67.0,61.8,23.9,V자,1,True,- · 손잡이 없는 컵 · 상승일 거래량 2.0배 · 주가강도 67점,-
HD현대마린솔루션,443060.KS,KR,산업재,컵앤핸들,235500.0,254254.0,-7.38,33.7,12.0,11.2,,True,False,False,,,,287000.0,11.4,-17.9,17.9,False,58.0,67.2,61.5,U자,16,False,항공우주·방산 대형주 · 시총 11.0조원 · ROE 41% · 주가강도 58점,항공우주·방산
Monster Beverage Corporation - Common ,MNST,US,미분류,손잡이형성중,41.62,44.43,-6.32,18.9,9.8,6.4,,True,True,False,87.0,2026-05-27,1.12,50.17,11.4,-17.0,17.0,False,35.0,57.8,23.1,급등,16,False,- · 주가강도 35점,-
KOTOBUKI SPIRITS,2222.T,JP,필수소비재,컵앤핸들,2371.5,2470.47,-4.01,33.1,58.6,8.9,,True,True,False,64.0,2026-06-29,1.03,2787.0,11.4,-14.9,14.9,False,57.0,39.6,12.1,들쭉날쭉,17,False,"제과 소형주 · 시총 3,947억엔 · ROE 31% · 주가강도 57점",제과
TSE5019,5019.T,JP,미분류,손잡이형성중,1559.0,1514.01,2.97,29.7,20.4,3.3,,True,True,False,15.0,2026-09-08,1.52,1708.5,11.4,-8.8,8.8,False,74.0,63.7,57.2,덜회복,16,False,- · 주가강도 74점,-
TSE4116,4116.T,JP,미분류,손잡이형성중,1295.0,1368.37,-5.36,22.5,22.0,5.9,,True,True,False,26.0,2026-08-24,1.01,1545.0,11.4,-16.2,8.5,False,70.0,56.4,22.2,급등,12,False,- · 주가강도 70점,-
FirstSun Capital Bancorp - Common Stoc,FSUN,US,금융,컵앤핸들,38.61,40.11,-3.74,28.7,9.2,7.7,,True,True,False,166.0,2026-02-02,2.33,45.32,11.5,-14.8,8.8,False,31.0,59.3,41.8,V자,17,False,금융 소형주 · 시총 18억달러 · ROE 3% · 주가강도 31점,금융
"Cheniere Energy Partners, LP Common Un",CQP,US,미분류,손잡이형성중,60.86,63.03,-3.45,27.5,50.0,3.4,,True,True,False,145.0,2026-03-04,0.97,71.25,11.5,-14.6,14.6,False,36.0,40.6,18.9,들쭉날쭉,16,False,- · 주가강도 36점,-
"Equitable Holdings, Inc. Common Stock",EQH,US,금융,컵앤핸들,51.27,50.08,2.38,36.2,40.6,6.5,,True,True,False,39.0,2026-08-05,2.02,56.61,11.5,-9.4,6.9,False,54.0,33.1,7.3,V자,17,False,자산운용 중형주 · 시총 142억달러 · 주가강도 54점,자산운용
TSE2212,2212.T,JP,미분류,손잡이없음,3515.0,3656.65,-3.87,20.3,11.0,0.0,1.63,True,True,False,43.0,2026-07-29,1.55,4133.0,11.5,-15.0,11.3,False,42.0,51.6,0.0,급등,16,False,- · 손잡이 없는 컵 · 상승일 거래량 1.6배 · 주가강도 42점,-
Flowserve Corporation Common Stock,FLS,US,미분류,손잡이형성중,73.12,81.63,-10.43,28.4,7.0,3.4,,True,True,False,71.0,2026-06-18,1.06,92.41,11.7,-20.9,20.9,False,45.0,67.8,63.0,덜회복,16,False,- · 주가강도 45점,-
TSE3861,3861.T,JP,미분류,손잡이형성중,838.1,874.97,-4.21,18.7,25.0,2.4,,True,True,False,45.0,2026-07-27,0.86,990.7,11.7,-15.4,15.4,False,33.0,40.5,0.0,V자,8,False,- · 주가강도 33점,-
Maplebear Inc. - Common Stock,CART,US,경기소비재,컵앤핸들,43.12,47.18,-8.6,35.0,45.4,7.9,,True,True,False,66.0,2026-06-26,1.56,53.5,11.8,-19.4,18.1,False,34.0,27.8,0.0,들쭉날쭉,17,False,온라인 유통 중형주 · 시총 108억달러 · ROE 16% · 주가강도 34점,온라인 유통
"Ameriprise Financial, Inc. Common Stoc",AMP,US,미분류,컵앤핸들,492.35,513.21,-4.07,23.2,20.8,4.7,,True,True,False,56.0,2026-07-13,1.09,582.05,11.8,-15.4,14.0,False,34.0,42.6,1.4,급등,17,False,- · 주가강도 34점,-
MIDEA GROUP,0300.HK,HK,미분류,컵앤핸들,91.8,89.69,2.35,16.6,6.6,3.1,,True,True,False,55.0,2026-07-15,1.56,101.7,11.8,-9.7,9.7,False,45.0,38.0,11.1,V자,17,False,- · 주가강도 45점,-
Karooooo Ltd. - Ordinary shares,KARO,US,미분류,손잡이없음,60.0,60.59,-0.97,31.9,27.6,0.0,1.21,True,True,False,53.0,2026-07-16,2.68,68.8,11.9,-12.8,12.8,False,56.0,47.2,2.4,급등,16,False,- · 손잡이 없는 컵 · 상승일 거래량 1.2배 · 주가강도 56점,-
TSE3002,3002.T,JP,미분류,손잡이형성중,4035.0,4199.2,-3.91,23.6,27.6,2.0,,True,True,False,34.0,2026-08-12,1.08,4765.0,11.9,-15.3,15.3,False,35.0,43.6,0.0,V자,16,False,- · 주가강도 35점,-
TSE7995,7995.T,JP,미분류,손잡이없음,7000.0,7627.62,-8.23,18.8,6.4,0.0,5.85,True,False,False,,,,8660.0,11.9,-19.2,19.2,False,82.0,49.2,0.0,급등,8,False,- · 손잡이 없는 컵 · 상승일 거래량 5.8배 · 주가강도 상위 18%,-
"ServisFirst Bancshares, Inc. Common St",SFBS,US,미분류,손잡이없음,39.98,44.58,-10.32,20.5,10.4,0.0,1.75,True,True,False,45.0,2026-07-28,0.66,50.69,12.0,-21.1,13.2,False,30.0,45.5,0.0,V자,16,False,- · 손잡이 없는 컵 · 상승일 거래량 1.8배 · 주가강도 30점,-
TSE4004,4004.T,JP,미분류,손잡이없음,16175.0,18028.01,-10.28,28.5,6.4,0.0,2.67,True,False,False,,,,20495.0,12.0,-21.1,21.1,False,94.0,41.4,0.0,V자,12,False,- · 손잡이 없는 컵 · 상승일 거래량 2.7배 · 주가강도 상위 6% (최상위권),-
TSE8985,8985.T,JP,미분류,손잡이없음,80800.0,91691.6,-11.88,18.9,33.2,0.0,1.1,True,False,False,,,,104300.0,12.1,-22.5,11.8,False,27.0,39.0,0.0,들쭉날쭉,16,False,- · 손잡이 없는 컵 · 상승일 거래량 1.1배 · 주가강도 27점,-
NITTO DENKO CORP,6988.T,JP,소재,컵앤핸들,3495.0,3575.57,-2.25,14.2,7.8,4.3,,True,False,False,,,,4068.0,12.1,-14.1,14.1,False,40.0,34.8,6.1,V자,5,False,정밀화학 중형주 · 시총 2.3조엔 · ROE 13% · 주가강도 40점,정밀화학
Parker-Hannifin Corporation Common Sto,PH,US,산업재,컵앤핸들,955.42,965.94,-1.09,20.8,8.6,3.6,,True,True,False,67.0,2026-06-25,0.56,1099.94,12.2,-13.1,13.1,False,43.0,74.7,75.7,덜회복,17,False,"산업기계 대형주 · 시총 1,166억달러 · ROE 25% · 주가강도 43점",산업기계
Intel Corporation - Common Stock,INTC,US,기술·IT,손잡이형성중,120.23,124.85,-3.7,38.4,18.2,7.9,,True,True,False,4.0,2026-09-24,1.09,142.35,12.3,-15.5,15.5,False,97.0,36.1,0.0,들쭉날쭉,11,False,"반도체 초대형주 · 시총 6,502억달러 · 주가강도 상위 3% (최상위권)",반도체
中国稀土,000831.SZ,CN,미분류,손잡이형성중,52.73,58.64,-10.08,24.3,12.0,5.7,,True,True,False,32.0,2026-08-14,2.0,66.88,12.3,-21.2,21.2,False,35.0,46.5,0.0,V자,16,False,- · 주가강도 35점,-
招商轮船,601872.SS,CN,에너지,컵앤핸들,20.15,20.12,0.15,35.2,19.0,11.5,,True,True,False,14.0,2026-09-09,1.68,22.98,12.4,-12.3,12.3,False,91.0,43.5,10.2,V자,17,False,"석유·가스 수송 대형주 · 시총 1,695억위안 · ROE 25% · 주가강도 상위 9% (최상위권)",석유·가스 수송
Shopify Inc. - Class A Subordinate Vot,SHOP,US,미분류,손잡이없음,148.3,159.03,-6.75,21.9,5.2,0.0,1.96,True,False,False,,,,182.19,12.7,-18.6,18.6,False,53.0,46.9,0.0,V자,16,False,- · 손잡이 없는 컵 · 상승일 거래량 2.0배 · 주가강도 53점,-
솔브레인,357780.KQ,KR,미분류,손잡이없음,425500.0,461961.5,-7.89,53.3,14.8,0.0,2.13,True,False,False,,,,530000.0,12.8,-19.7,19.7,False,83.0,55.0,42.2,V자,2,False,- · 손잡이 없는 컵 · 상승일 거래량 2.1배 · 주가강도 상위 17%,-
Integer Holdings Corporation Common St,ITGR,US,미분류,손잡이없음,126.35,127.69,-1.05,51.4,63.0,0.0,1.56,True,False,False,,,,146.36,12.8,-13.7,0.4,False,81.0,36.3,25.9,V자,16,False,- · 손잡이 없는 컵 · 상승일 거래량 1.6배 · 주가강도 상위 19%,-
유진테크,084370.KQ,KR,미분류,손잡이없음,185200.0,201701.5,-8.18,57.3,15.0,0.0,1.64,True,False,False,,,,231500.0,12.9,-20.0,20.0,False,95.0,47.7,35.0,V자,1,True,- · 손잡이 없는 컵 · 상승일 거래량 1.6배 · 주가강도 상위 5% (최상위권),-
"First Citizens BancShares, Inc. - Clas",FCNCA,US,미분류,손잡이형성중,2060.2,2101.1,-1.95,25.2,19.6,2.6,,True,True,False,196.0,2025-12-17,0.87,2412.93,12.9,-14.6,10.3,False,36.0,46.4,20.9,V자,16,False,- · 주가강도 36점,-
"Liberty Live Holdings, Inc. - Series A",LLYVA,US,통신·미디어,손잡이형성중,94.64,92.37,2.45,25.3,21.2,3.6,,True,True,False,154.0,2026-02-19,0.84,106.06,12.9,-10.8,10.8,False,29.0,43.8,0.0,V자,16,False,엔터테인먼트 중형주 · 시총 88억달러 · 주가강도 29점,엔터테인먼트
TSE5602,5602.T,JP,미분류,컵앤핸들,1624.0,1780.78,-8.8,25.2,22.2,5.6,,True,True,False,21.0,2026-08-31,0.9,2044.0,12.9,-20.5,20.5,False,44.0,70.4,64.0,U자,1,True,- · 주가강도 44점,-
한국콜마,161890.KS,KR,미분류,손잡이형성중,135900.0,144144.0,-5.72,30.3,5.2,12.9,,True,True,False,26.0,2026-08-25,1.13,165900.0,13.1,-18.1,18.1,False,91.0,56.1,46.6,U자,16,False,- · 주가강도 상위 9% (최상위권),-
"Cactus, Inc. Class A Common Stock",WHD,US,에너지,손잡이없음,62.22,64.36,-3.33,24.5,7.8,0.0,1.33,True,True,False,42.0,2026-07-31,1.79,74.07,13.1,-16.0,16.0,False,79.0,52.0,0.0,V자,16,False,석유·가스 장비 소형주 · 시총 48억달러 · ROE 13% · 손잡이 없는 컵 · 상승일 거래량 1.3배 · 주가강도 79점,석유·가스 장비
TSE2124,2124.T,JP,미분류,손잡이없음,1058.0,1025.02,3.22,19.9,20.6,0.0,1.71,True,True,False,32.0,2026-08-14,3.06,1179.0,13.1,-10.3,6.2,False,55.0,54.0,0.0,급등,16,False,- · 손잡이 없는 컵 · 상승일 거래량 1.7배 · 주가강도 55점,-
"Citizens Financial Group, Inc. Common ",CFG,US,미분류,손잡이형성중,63.76,65.34,-2.41,19.3,7.8,3.0,,True,True,False,113.0,2026-04-20,0.94,75.33,13.3,-15.4,15.4,False,34.0,61.3,42.3,V자,16,False,- · 주가강도 34점,-
Itau Unibanco Banco Holding SA America,ITUB,US,미분류,손잡이형성중,8.53,8.32,2.54,17.4,7.4,3.6,,True,True,False,13.0,2026-09-11,1.21,9.6,13.3,-11.1,11.1,False,48.0,40.4,0.0,V자,16,False,- · 주가강도 48점,-
Palantir Technologies Inc. - Class A C,PLTR,US,기술·IT,컵앤핸들,187.05,179.78,4.04,46.5,31.4,6.3,,True,True,False,27.0,2026-08-21,0.95,207.52,13.4,-9.9,9.9,False,70.0,43.8,12.7,급등,17,False,"기술·IT 초대형주 · 시총 4,092억달러 · ROE 38% · 주가강도 70점",기술·IT
Union Pacific Corporation Common Stock,UNP,US,미분류,손잡이형성중,272.13,273.77,-0.6,8.8,4.4,1.9,,True,True,False,63.0,2026-07-01,0.73,315.99,13.4,-13.9,13.9,False,43.0,27.4,2.2,급등,16,False,- · 주가강도 43점,-
CITIZEN WATCH CO LTD,7762.T,JP,경기소비재,손잡이형성중,2428.0,2527.52,-3.94,23.3,5.4,7.4,,True,True,False,35.0,2026-08-10,2.05,2920.0,13.4,-16.8,16.8,False,88.0,39.5,0.0,V자,15,False,"신발·액세서리 중형주 · 시총 5,927억엔 · ROE 11% · 주가강도 상위 12%",신발·액세서리
NIQ Global Intelligence plc Ordinary S,NIQ,US,미분류,손잡이형성중,17.01,17.64,-3.56,43.1,23.4,4.0,,True,True,False,29.0,2026-08-19,1.1,20.39,13.5,-16.6,13.6,True,83.0,50.9,54.0,U자,17,False,- 중형주 · 시총 54억달러 · 주가강도 상위 17%,-
KONAMI GROUP CORPORATION,9766.T,JP,통신·미디어,컵앤핸들,22320.0,23002.98,-2.97,22.5,11.4,13.7,,True,False,False,,,,26645.0,13.7,-16.2,16.2,False,57.0,51.2,21.3,급등,17,False,게임·콘텐츠 중형주 · 시총 2.9조엔 · ROE 21% · 주가강도 57점,게임·콘텐츠
"Rush Enterprises, Inc. - Class A Commo",RUSHA,US,경기소비재,컵앤핸들,45.81,48.0,-4.57,20.6,6.6,4.0,,True,True,False,114.0,2026-04-17,1.12,55.74,13.9,-17.8,17.8,False,47.0,53.1,28.1,V자,17,False,자동차 판매 중형주 · 시총 58억달러 · ROE 12% · 주가강도 47점,자동차 판매
"Jefferson Capital, Inc. - Common Stock",JCAP,US,미분류,손잡이형성중,19.08,20.99,-9.1,33.0,22.8,6.0,,True,True,False,37.0,2026-08-07,1.38,24.44,14.1,-21.9,21.9,True,26.0,43.0,11.7,V자,16,False,- · 주가강도 26점,-
SIMCERE PHARMA,2096.HK,HK,미분류,손잡이형성중,11.85,12.95,-8.51,36.5,12.8,7.1,,True,True,False,55.0,2026-07-15,2.05,15.08,14.1,-21.4,17.6,False,17.0,53.9,38.1,V자,16,False,- · 주가강도 17점,-
TOCALO CO LTD,3433.T,JP,산업재,컵앤핸들,3010.0,2972.97,1.25,23.3,6.6,4.5,,True,True,False,109.0,2026-04-21,1.07,3460.0,14.1,-13.0,13.0,False,54.0,52.4,30.9,V자,17,False,"기업 서비스 소형주 · 시총 1,669억엔 · ROE 16% · 주가강도 54점",기업 서비스
TSE9279,9279.T,JP,미분류,손잡이형성중,2084.0,2349.85,-11.31,23.7,12.8,4.2,,True,True,False,51.0,2026-07-16,2.05,2740.0,14.2,-23.9,23.9,False,45.0,62.1,39.3,V자,2,False,- · 주가강도 45점,-
테스,095610.KQ,KR,미분류,손잡이없음,184300.0,202702.5,-9.08,51.7,15.0,0.0,1.43,True,False,False,,,,236500.0,14.3,-22.1,22.1,False,98.0,32.6,0.0,V자,1,True,- · 손잡이 없는 컵 · 상승일 거래량 1.4배 · 주가강도 상위 2% (최상위권),-
"Kimball Electronics, Inc. - Common Sto",KE,US,미분류,컵앤핸들,27.33,28.44,-3.91,33.2,39.4,5.8,,True,False,False,,,,33.19,14.3,-17.7,14.6,False,37.0,31.8,0.0,들쭉날쭉,4,False,- · 주가강도 37점,-
U-Haul Holding Company Common Stock,UHAL,US,미분류,손잡이없음,60.17,67.71,-11.13,38.0,53.8,0.0,1.92,True,True,False,56.0,2026-07-13,0.61,79.04,14.3,-23.9,21.3,False,40.0,29.2,0.0,들쭉날쭉,16,False,- · 손잡이 없는 컵 · 상승일 거래량 1.9배 · 주가강도 40점,-
TSE4204,4204.T,JP,미분류,손잡이형성중,2502.5,2624.62,-4.65,21.7,22.2,2.1,,True,True,False,60.0,2026-07-03,0.59,3065.0,14.4,-18.4,18.4,False,17.0,42.1,0.0,V자,12,False,- · 주가강도 17점,-
瑞芯微,603893.SS,CN,미분류,손잡이없음,215.57,214.1,0.68,26.0,4.0,0.0,3.11,True,True,False,56.0,2026-07-13,1.67,249.99,14.4,-13.8,8.0,False,66.0,78.6,69.1,덜회복,16,False,- · 손잡이 없는 컵 · 상승일 거래량 3.1배 · 주가강도 66점,-
Travel   Leisure Co. Common  Stock,TNL,US,경기소비재,컵앤핸들,61.87,69.24,-10.64,14.3,5.0,2.9,,True,True,False,201.0,2025-12-10,1.36,81.0,14.5,-23.6,23.6,False,7.0,56.1,38.2,U자,17,False,여행 서비스 소형주 · 시총 40억달러 · 주가강도 7점,여행 서비스
金诚信,603979.SS,CN,소재,컵앤핸들,72.28,76.72,-5.78,26.7,4.8,10.3,,True,True,False,39.0,2026-08-05,1.04,89.77,14.5,-19.5,19.5,False,52.0,63.4,43.5,U자,17,False,산업금속 광업 중형주 · 시총 505억위안 · ROE 23% · 주가강도 52점,산업금속 광업
Griffon Corporation Common Stock,GFF,US,미분류,손잡이형성중,93.04,92.69,0.37,30.8,9.8,3.3,,True,True,False,109.0,2026-04-24,0.85,108.57,14.6,-14.3,14.3,False,56.0,56.5,39.2,V자,17,False,- · 주가강도 56점,-
TSE4419,4419.T,JP,미분류,손잡이없음,1410.0,1493.49,-5.59,49.5,35.4,0.0,1.14,True,True,False,60.0,2026-07-03,1.67,1748.0,14.6,-19.3,19.3,False,69.0,58.6,53.8,덜회복,12,False,- · 손잡이 없는 컵 · 상승일 거래량 1.1배 · 주가강도 69점,-
"Teradyne, Inc. - Common Stock",TER,US,기술·IT,손잡이형성중,400.91,416.03,-3.63,26.6,6.0,5.4,,True,False,False,,,,487.91,14.7,-17.8,17.8,False,92.0,61.0,50.6,덜회복,16,False,반도체 장비·소재 대형주 · 시총 627억달러 · ROE 36% · 주가강도 상위 8% (최상위권),반도체 장비·소재
Greif Inc. Class A Common Stock,GEF,US,미분류,손잡이없음,79.59,77.22,3.07,21.5,16.4,0.0,1.81,True,True,False,47.0,2026-07-24,1.1,90.57,14.7,-12.1,12.1,False,57.0,50.1,1.0,급등,16,False,- · 손잡이 없는 컵 · 상승일 거래량 1.8배 · 주가강도 57점,-
TSE9983,9983.T,JP,미분류,손잡이형성중,71430.0,75655.58,-5.59,15.6,8.0,9.3,,True,True,False,101.0,2026-05-07,1.77,88690.0,14.7,-19.5,19.5,False,52.0,46.6,0.0,V자,16,False,- · 주가강도 52점,-
Digi International Inc. - Common Stock,DGII,US,기술·IT,손잡이형성중,76.23,74.0,3.01,21.7,4.6,3.9,,True,True,False,38.0,2026-08-06,2.05,86.84,14.8,-12.2,12.2,False,87.0,46.6,27.2,V자,15,False,통신장비 소형주 · 시총 27억달러 · ROE 7% · 주가강도 상위 13%,통신장비
"InterDigital, Inc. - Common Stock",IDCC,US,기술·IT,컵앤핸들,326.07,351.68,-7.28,34.9,22.6,9.7,,True,False,False,,,,412.6,14.8,-21.0,21.0,False,42.0,48.0,0.0,V자,17,False,기술·IT 중형주 · 시총 88억달러 · ROE 26% · 주가강도 42점,기술·IT
St. Joe Company (The) Common Stock,JOE,US,미분류,손잡이없음,65.78,72.62,-9.42,19.2,12.8,0.0,0.8,True,False,False,,,,85.25,14.8,-22.8,10.6,False,51.0,43.4,0.0,급등,16,False,- · 손잡이 없는 컵 · 상승일 거래량 0.8배 · 주가강도 51점,-
"Simon Property Group, Inc. Common Stoc",SPG,US,부동산,손잡이형성중,200.76,203.25,-1.23,13.3,6.2,1.9,,True,True,False,114.0,2026-04-17,0.8,238.5,14.8,-15.8,15.8,False,27.0,52.8,46.0,V자,17,False,부동산 대형주 · 시총 776억달러 · ROE 121% · 주가강도 27점,부동산
US Foods Holding Corp. Common Stock,USFD,US,필수소비재,컵앤핸들,92.21,94.89,-2.83,16.4,6.2,3.7,,True,True,False,68.0,2026-06-24,0.71,111.42,14.8,-17.2,17.2,False,37.0,70.0,77.4,U자,17,False,식품 도매 중형주 · 시총 211억달러 · ROE 16% · 주가강도 37점,식품 도매
TSE2243,2243.T,JP,미분류,손잡이형성중,4831.0,4760.76,1.48,14.9,5.2,3.4,,True,True,False,1.0,2026-10-01,0.92,5590.0,14.8,-13.6,13.6,False,88.0,53.0,45.6,U자,3,False,- · 주가강도 상위 12%,-
"Merit Medical Systems, Inc. - Common S",MMSI,US,미분류,손잡이없음,86.23,94.84,-9.08,36.9,28.0,0.0,1.67,True,False,False,,,,111.45,14.9,-22.6,9.0,False,55.0,60.9,60.8,덜회복,16,False,- · 손잡이 없는 컵 · 상승일 거래량 1.7배 · 주가강도 55점,-
Gates Industrial Corporation Ltd. Comm,GTES,US,산업재,손잡이형성중,26.2,25.79,1.61,26.7,7.6,3.0,,True,True,False,117.0,2026-04-14,0.87,30.34,15.0,-13.6,13.6,False,43.0,43.5,0.0,V자,16,False,산업기계 중형주 · 시총 64억달러 · ROE 10% · 주가강도 43점,산업기계
"Prudential Financial, Inc. Common Stoc",PRU,US,미분류,컵앤핸들,113.58,111.0,2.32,22.3,25.0,5.1,,True,True,False,63.0,2026-07-01,0.86,130.55,15.0,-13.0,11.1,False,39.0,52.5,18.3,V자,17,False,- · 주가강도 39점,-
"United Rentals, Inc. Common Stock",URI,US,산업재,컵앤핸들,1000.78,1002.12,-0.13,27.0,12.8,9.0,,True,True,False,82.0,2026-06-03,1.61,1179.18,15.0,-15.1,15.1,False,47.0,55.0,16.0,급등,17,False,임대·리스 대형주 · 시총 640억달러 · ROE 29% · 주가강도 47점,임대·리스
TSE7611,7611.T,JP,미분류,손잡이없음,2932.0,3313.31,-11.51,25.8,22.2,0.0,1.64,True,False,False,,,,3900.0,15.0,-24.8,22.0,False,27.0,50.8,26.6,V자,16,False,- · 손잡이 없는 컵 · 상승일 거래량 1.6배 · 주가강도 27점,-
COSMO ENERGY HLDGS CO LTD,5021.T,JP,에너지,컵앤핸들,4232.0,4280.28,-1.13,27.1,20.4,3.4,,True,True,False,20.0,2026-09-01,0.9,5034.0,15.0,-15.9,15.9,False,41.0,41.1,0.7,V자,16,False,"석유·가스(종합) 중형주 · 시총 7,204억엔 · ROE 23% · 주가강도 41점",석유·가스(종합)
高能环境,603588.SS,CN,산업재,컵앤핸들,16.54,17.6,-6.01,40.8,23.0,9.3,,True,False,False,,,,20.7,15.0,-20.1,20.1,False,86.0,56.0,41.8,U자,16,False,환경·폐기물 중형주 · 시총 251억위안 · ROE 15% · 주가강도 상위 14%,환경·폐기물
ePlus inc. - Common Stock,PLUS,US,미분류,손잡이없음,90.01,90.87,-0.95,19.5,8.2,0.0,1.19,True,True,False,45.0,2026-07-28,0.92,106.98,15.1,-15.9,8.3,False,54.0,41.4,0.0,V자,16,False,- · 손잡이 없는 컵 · 상승일 거래량 1.2배 · 주가강도 54점,-
TSE4432,4432.T,JP,미분류,컵앤핸들,3370.0,3588.58,-6.09,41.8,31.6,14.4,,True,False,False,,,,4225.0,15.1,-20.2,11.5,False,68.0,58.7,70.3,U자,16,False,- · 주가강도 68점,-
주성엔지니어링,036930.KQ,KR,미분류,손잡이형성중,249500.0,239739.5,4.07,62.3,9.8,21.0,,True,True,False,1.0,2026-10-01,1.21,283000.0,15.3,-11.8,11.8,False,99.0,39.5,30.8,V자,15,False,- · 주가강도 상위 1% (최상위권),-
이엔에프테크놀로지,102710.KQ,KR,미분류,손잡이없음,49200.0,55055.0,-10.63,27.8,6.2,0.0,4.64,True,False,False,,,,65000.0,15.3,-24.3,24.3,False,49.0,68.2,64.0,덜회복,16,False,- · 손잡이 없는 컵 · 상승일 거래량 4.6배 · 주가강도 49점,-
"HCI Group, Inc. Common Stock",HCI,US,금융,손잡이형성중,173.82,178.18,-2.45,26.5,24.8,3.6,,True,True,False,66.0,2026-06-26,3.54,210.5,15.4,-17.4,17.4,False,22.0,37.8,0.0,급등,17,False,금융 소형주 · 시총 23억달러 · ROE 35% · 주가강도 22점,금융
프로텍,053610.KQ,KR,미분류,손잡이형성중,85200.0,86086.0,-1.03,50.7,14.8,7.7,,True,False,False,,,,101900.0,15.5,-16.4,16.4,False,95.0,54.2,54.6,U자,1,True,- · 주가강도 상위 5% (최상위권),-
"Air Products and Chemicals, Inc. Commo",APD,US,미분류,손잡이형성중,278.23,288.1,-3.43,23.9,22.8,2.5,,True,True,False,160.0,2026-02-10,0.55,341.14,15.5,-18.4,11.6,False,23.0,60.6,65.1,덜회복,16,False,- · 주가강도 23점,-
"HealthEquity, Inc. - Common Stock",HQY,US,헬스케어,컵앤핸들,88.46,98.44,-10.14,12.5,5.0,6.5,,True,True,False,53.0,2026-07-16,0.99,116.65,15.6,-24.2,17.8,False,20.0,43.6,13.2,V자,17,False,의료정보 서비스 중형주 · 시총 77억달러 · ROE 11% · 주가강도 20점,의료정보 서비스
TSE1605,1605.T,JP,미분류,손잡이없음,3710.0,4184.18,-11.33,23.6,11.2,0.0,1.12,True,False,False,,,,4955.0,15.6,-25.1,25.1,False,53.0,41.4,0.0,V자,16,False,- · 손잡이 없는 컵 · 상승일 거래량 1.1배 · 주가강도 53점,-
TSE4901,4901.T,JP,미분류,컵앤핸들,3343.0,3376.37,-0.99,11.6,4.2,8.3,,True,True,False,84.0,2026-06-01,1.14,3999.0,15.6,-16.4,14.5,False,27.0,40.6,24.9,V자,16,False,- · 주가강도 27점,-
陕西煤业,601225.SS,CN,에너지,손잡이형성중,26.03,25.21,3.27,25.4,10.8,5.8,,True,True,False,48.0,2026-07-23,0.9,29.87,15.6,-12.9,7.7,False,61.0,33.5,0.0,V자,16,False,"석탄 대형주 · 시총 2,491억위안 · ROE 22% · 주가강도 61점",석탄
INNOVENT BIO,1801.HK,HK,미분류,손잡이형성중,98.05,94.99,3.22,25.9,7.8,11.3,,True,True,False,55.0,2026-07-15,2.68,112.7,15.7,-13.0,13.0,False,50.0,61.1,40.1,급등,16,False,- · 주가강도 50점,-
Fox Corporation - Class A Common Stock,FOXA,US,미분류,컵앤핸들,62.65,64.34,-2.63,30.1,7.8,4.5,,True,True,False,33.0,2026-08-13,0.53,76.39,15.8,-18.0,18.0,False,34.0,64.8,66.0,덜회복,17,False,- · 주가강도 34점,-
Ascendis Pharma A/S - Ordinary Share,ASND,US,미분류,손잡이형성중,227.83,237.24,-3.97,18.6,5.4,4.2,,True,True,False,69.0,2026-06-23,1.2,282.15,15.9,-19.3,19.3,False,24.0,41.5,12.3,V자,16,False,- · 주가강도 24점,-
振华股份,603067.SS,CN,미분류,손잡이형성중,40.25,42.84,-6.05,39.7,17.4,10.4,,True,False,False,,,,50.92,15.9,-21.0,21.0,False,79.0,40.5,6.0,들쭉날쭉,8,False,- · 주가강도 79점,-
Fox Corporation - Class B Common Stock,FOX,US,통신·미디어,컵앤핸들,56.3,57.24,-1.64,28.9,7.6,4.7,,True,True,False,33.0,2026-08-13,0.32,68.18,16.0,-17.4,17.4,False,34.0,66.7,64.8,U자,17,False,엔터테인먼트 중형주 · 시총 245억달러 · ROE 14% · 주가강도 34점,엔터테인먼트
GE Aerospace Common Stock,GE,US,미분류,손잡이형성중,312.29,326.73,-4.42,22.8,13.2,4.7,,True,True,False,81.0,2026-06-04,0.71,388.84,16.0,-19.7,19.7,False,18.0,46.1,13.4,급등,16,False,- · 주가강도 18점,-
TSE9042,9042.T,JP,미분류,컵앤핸들,4326.0,4774.77,-9.4,18.8,7.4,4.2,,True,True,False,45.0,2026-07-27,1.21,5690.0,16.1,-24.0,16.5,False,33.0,37.2,2.2,V자,16,False,- · 주가강도 33점,-
广合科技,001389.SZ,CN,미분류,손잡이없음,176.66,199.94,-11.64,34.2,14.4,0.0,1.43,True,False,False,,,,238.26,16.1,-25.9,25.9,False,89.0,30.3,0.0,들쭉날쭉,16,False,- · 손잡이 없는 컵 · 상승일 거래량 1.4배 · 주가강도 상위 11%,-
"Amazon.com, Inc. - Common Stock",AMZN,US,경기소비재,손잡이형성중,249.15,240.67,3.52,20.9,10.0,2.2,,True,True,False,117.0,2026-04-14,1.36,287.2,16.2,-13.2,13.2,False,46.0,45.8,11.0,급등,17,False,온라인 유통 초대형주 · 시총 2.7조달러 · ROE 31% · 주가강도 46점,온라인 유통
Jacobs Solutions Inc. Common Stock,J,US,산업재,컵앤핸들,135.27,141.19,-4.19,31.0,22.8,7.1,,True,True,False,40.0,2026-08-04,1.2,168.44,16.2,-19.7,19.7,False,32.0,42.4,20.8,V자,17,False,건설·엔지니어링 중형주 · 시총 166억달러 · ROE 8% · 주가강도 32점,건설·엔지니어링
TSE7721,7721.T,JP,미분류,손잡이없음,7480.0,7987.98,-6.36,21.7,4.4,0.0,3.46,True,False,False,,,,9540.0,16.3,-21.6,21.6,False,76.0,43.0,1.5,급등,16,False,- · 손잡이 없는 컵 · 상승일 거래량 3.5배 · 주가강도 76점,-
TSE2749,2749.T,JP,미분류,컵앤핸들,636.0,666.67,-4.6,27.1,33.8,5.4,,True,True,False,194.0,2025-12-12,0.78,797.0,16.4,-20.2,20.2,False,30.0,62.0,52.7,덜회복,3,False,- · 주가강도 30점,-
中国海油,600938.SS,CN,미분류,손잡이없음,33.42,37.24,-10.25,29.0,6.4,0.0,1.0,True,False,False,,,,44.54,16.4,-25.0,25.0,False,55.0,60.4,69.9,덜회복,16,False,- · 손잡이 없는 컵 · 상승일 거래량 1.0배 · 주가강도 55점,-
"DXP Enterprises, Inc. - Common Stock",DXPE,US,미분류,손잡이형성중,181.21,173.47,4.46,25.3,5.4,6.1,,True,True,False,71.0,2026-06-18,1.48,208.0,16.6,-12.9,12.9,False,78.0,54.5,38.8,덜회복,16,False,- · 주가강도 78점,-
Bloom Energy Corporation Class A Commo,BE,US,산업재,손잡이형성중,276.98,293.01,-5.47,51.3,17.2,11.4,,True,False,False,,,,351.28,16.6,-21.2,21.2,False,96.0,43.3,21.9,V자,15,False,전기장비·부품 대형주 · 시총 850억달러 · ROE 22% · 주가강도 상위 4% (최상위권),전기장비·부품
"M-tron Industries, Inc. Common Stock",MPTI,US,기술·IT,컵앤핸들,78.26,87.32,-10.37,24.7,6.0,17.8,,True,True,False,86.0,2026-05-28,0.42,104.85,16.7,-25.4,25.4,False,54.0,45.9,21.9,V자,17,False,전자부품 소형주 · 시총 3억달러 · ROE 12% · 주가강도 54점,전자부품
Neptune Insurance Holdings Inc. Class ,NP,US,미분류,컵앤핸들,27.35,29.28,-6.59,53.3,15.8,17.9,,True,True,False,100.0,2026-05-07,3.97,35.15,16.7,-22.2,22.2,True,,36.8,34.8,V자,17,False,-,-
"Neurocrine Biosciences, Inc. - Common ",NBIX,US,미분류,손잡이형성중,141.84,154.89,-8.43,23.7,20.8,3.4,,True,True,False,97.0,2026-05-12,1.15,186.12,16.8,-23.8,23.8,False,16.0,45.3,9.8,급등,16,False,- · 주가강도 16점,-
CHINA XLX FERT,1866.HK,HK,미분류,손잡이없음,10.47,10.79,-2.97,26.7,6.6,0.0,1.48,True,True,False,22.0,2026-08-31,1.85,12.98,16.9,-19.3,19.3,False,64.0,50.0,17.5,급등,16,False,- · 손잡이 없는 컵 · 상승일 거래량 1.5배 · 주가강도 64점,-
滨江集团,002244.SZ,CN,미분류,손잡이없음,10.14,10.77,-5.86,32.8,13.8,0.0,1.31,True,False,False,,,,12.96,16.9,-21.8,20.8,False,48.0,37.6,4.7,V자,16,False,- · 손잡이 없는 컵 · 상승일 거래량 1.3배 · 주가강도 48점,-
"Becton, Dickinson and Company Common S",BDX,US,미분류,손잡이없음,179.0,187.54,-4.55,25.2,21.2,0.0,1.93,True,True,False,29.0,2026-08-19,0.97,225.88,17.0,-20.8,7.3,False,57.0,50.6,18.4,급등,16,False,- · 손잡이 없는 컵 · 상승일 거래량 1.9배 · 주가강도 57점,-
"Benchmark Electronics, Inc. Common Sto",BHE,US,미분류,컵앤핸들,82.91,83.37,-0.56,23.2,16.4,3.5,,True,True,False,1.0,2026-09-29,1.06,100.41,17.0,-17.4,17.4,False,86.0,37.7,0.0,들쭉날쭉,16,False,- · 주가강도 상위 14%,-
"Celestica, Inc. Common Stock",CLS,US,미분류,손잡이형성중,361.43,393.39,-8.12,30.6,10.6,5.7,,True,True,False,114.0,2026-04-17,0.9,474.03,17.0,-23.8,23.8,False,66.0,58.5,46.2,U자,16,False,- · 주가강도 66점,-
Korn Ferry Common Stock,KFY,US,미분류,컵앤핸들,71.59,72.6,-1.39,24.9,36.4,4.5,,True,True,False,79.0,2026-06-08,0.93,87.51,17.0,-18.2,18.2,False,40.0,48.5,35.6,U자,17,False,- · 주가강도 40점,-
네오셈,253590.KQ,KR,미분류,손잡이없음,15600.0,17717.7,-11.95,62.1,17.4,0.0,3.31,True,False,False,,,,21400.0,17.2,-27.1,27.1,False,86.0,55.1,45.8,V자,1,True,- · 손잡이 없는 컵 · 상승일 거래량 3.3배 · 주가강도 상위 14%,-
TSE6524,6524.T,JP,미분류,손잡이없음,5810.0,6406.4,-9.31,42.0,13.4,0.0,2.13,True,False,False,,,,7740.0,17.2,-24.9,24.9,False,87.0,46.8,29.5,V자,1,True,- · 손잡이 없는 컵 · 상승일 거래량 2.1배 · 주가강도 상위 13%,-
TSE3539,3539.T,JP,미분류,손잡이없음,1476.0,1611.61,-8.41,26.2,15.0,0.0,2.23,True,False,False,,,,1947.5,17.2,-24.2,19.2,False,39.0,61.0,38.4,급등,16,False,- · 손잡이 없는 컵 · 상승일 거래량 2.2배 · 주가강도 39점,-
First American Corporation (New) Commo,FAF,US,미분류,손잡이형성중,60.74,67.45,-9.94,21.4,7.0,2.1,,True,True,False,110.0,2026-04-23,1.36,81.54,17.3,-25.5,24.0,False,16.0,50.6,33.4,V자,16,False,- · 주가강도 16점,-
NS SOLUTIONS CORPORATION,2327.T,JP,기술·IT,컵앤핸들,3821.0,3848.84,-0.72,22.3,11.0,6.2,,True,True,False,53.0,2026-07-14,0.69,4655.0,17.3,-17.9,17.9,False,37.0,51.1,28.0,V자,17,False,"IT 서비스 중형주 · 시총 7,155억엔 · ROE 12% · 주가강도 37점",IT 서비스
TSE8088,8088.T,JP,미분류,손잡이없음,2006.5,2181.68,-8.03,17.2,4.8,0.0,1.53,True,True,False,36.0,2026-08-07,4.09,2637.5,17.3,-23.9,12.5,False,48.0,47.0,0.0,V자,15,False,- · 손잡이 없는 컵 · 상승일 거래량 1.5배 · 주가강도 48점,-
"Indivior Pharmaceuticals, Inc.  - Comm",INDV,US,미분류,손잡이형성중,35.85,35.37,1.36,26.5,14.8,5.8,,True,True,False,105.0,2026-04-30,2.68,42.81,17.4,-16.3,16.3,False,47.0,44.7,17.2,V자,16,False,- · 주가강도 47점,-
"Nutanix, Inc. - Class A Common Stock",NTNX,US,기술·IT,컵앤핸들,70.41,68.87,2.24,53.1,38.0,5.9,,True,True,False,23.0,2026-08-27,2.5,83.36,17.4,-15.5,9.6,False,81.0,60.4,66.9,U자,17,False,기술·IT 중형주 · 시총 181억달러 · ROE 37460% · 주가강도 상위 19%,기술·IT
TSE9468,9468.T,JP,미분류,손잡이형성중,3789.0,3761.76,0.72,23.0,12.0,3.6,,True,True,False,58.0,2026-07-07,0.98,4552.0,17.4,-16.8,4.5,False,46.0,52.0,33.6,급등,3,False,- · 주가강도 46점,-
이수페타시스,007660.KS,KR,미분류,손잡이없음,123100.0,135335.2,-9.04,57.2,11.4,0.0,1.94,True,False,False,,,,164400.0,17.7,-25.1,25.1,False,62.0,42.0,21.5,V자,10,False,- · 손잡이 없는 컵 · 상승일 거래량 1.9배 · 주가강도 62점,-
"Cencora, Inc. Common Stock",COR,US,헬스케어,컵앤핸들,300.25,310.76,-3.38,25.4,10.8,4.6,,True,True,False,46.0,2026-07-27,0.61,377.54,17.7,-20.5,20.5,False,20.0,51.5,35.2,V자,17,False,헬스케어 대형주 · 시총 612억달러 · ROE 97% · 주가강도 20점,헬스케어
"Robinhood Markets, Inc. - Class A Comm",HOOD,US,미분류,컵앤핸들,112.5,126.54,-11.09,54.6,39.0,11.4,,True,False,False,,,,153.86,17.8,-26.9,26.9,False,43.0,62.8,58.2,U자,16,False,- · 주가강도 43점,-
CHIFENG GOLD,6693.HK,HK,소재,컵앤핸들,36.32,41.04,-11.5,50.5,21.8,13.5,,True,True,False,28.0,2026-08-21,2.28,49.9,17.8,-27.2,27.2,True,55.0,32.6,0.0,V자,17,False,금 중형주 · 시총 738억HKD · ROE 26% · 주가강도 55점,금
Wheaton Precious Metals Corp Common Sh,WPM,US,소재,컵앤핸들,133.72,136.16,-1.79,23.6,7.0,4.9,,True,True,False,31.0,2026-08-17,0.82,165.76,17.9,-19.3,19.3,False,52.0,62.7,53.3,U자,17,False,금 대형주 · 시총 712억달러 · ROE 24% · 주가강도 52점,금
YAHAGI CONSTRUCTION CO,1870.T,JP,산업재,컵앤핸들,2121.0,2077.07,2.11,19.2,14.0,2.4,,True,True,False,31.0,2026-08-17,1.12,2534.0,18.0,-16.3,16.3,False,37.0,49.6,20.5,급등,17,False,건설·엔지니어링 소형주 · 시총 920억엔 · ROE 12% · 주가강도 37점,건설·엔지니어링
TSE6258,6258.T,JP,미분류,컵앤핸들,3865.0,4024.02,-3.95,34.4,12.4,17.3,,True,False,False,,,,4906.67,18.0,-21.2,3.9,False,89.0,37.1,17.5,급등,17,False,- · 주가강도 상위 11%,-
ABM Industries Incorporated Common Sto,ABM,US,산업재,컵앤핸들,48.1,48.94,-1.71,30.2,56.0,5.2,,True,True,False,45.0,2026-07-28,1.0,59.78,18.1,-19.5,6.2,False,51.0,33.5,0.0,들쭉날쭉,17,False,기업 서비스 소형주 · 시총 29억달러 · ROE 9% · 주가강도 51점,기업 서비스
MMG,1208.HK,HK,소재,컵앤핸들,8.69,9.79,-11.29,39.6,14.2,9.2,,True,True,False,14.0,2026-09-10,1.07,11.96,18.1,-27.3,27.4,False,65.0,48.6,31.1,V자,17,False,"구리 대형주 · 시총 1,265억HKD · ROE 21% · 주가강도 65점",구리
HONDA MOTOR CO,7267.T,JP,경기소비재,컵앤핸들,1660.5,1605.6,3.42,28.1,19.6,7.1,,True,True,False,44.0,2026-07-28,1.07,1959.5,18.1,-15.3,6.0,False,52.0,69.5,67.2,U자,17,False,자동차 대형주 · 시총 6.5조엔 · 주가강도 52점,자동차
TSE7581,7581.T,JP,미분류,손잡이없음,6510.0,6896.89,-5.61,28.1,15.2,0.0,1.48,True,True,False,50.0,2026-07-17,13.71,8420.0,18.1,-22.7,22.7,False,63.0,54.7,18.3,급등,16,False,- · 손잡이 없는 컵 · 상승일 거래량 1.5배 · 주가강도 63점,-
3M Company Common Stock,MMM,US,미분류,손잡이없음,164.15,177.59,-7.57,21.5,8.8,0.0,1.36,True,True,False,46.0,2026-07-27,1.22,217.2,18.2,-24.4,11.2,False,39.0,43.2,0.0,V자,16,False,- · 손잡이 없는 컵 · 상승일 거래량 1.4배 · 주가강도 39점,-
PSBC,1658.HK,HK,금융,컵앤핸들,5.54,5.58,-0.73,22.5,39.6,5.0,,True,False,False,,,,6.82,18.2,-18.8,4.2,False,51.0,37.1,5.4,급등,17,False,"금융 초대형주 · 시총 6,413억HKD · ROE 8% · 주가강도 51점",금융
TSE9616,9616.T,JP,미분류,손잡이형성중,3216.0,3092.09,4.01,31.9,37.0,3.5,,True,True,False,59.0,2026-07-06,1.34,3785.0,18.3,-15.0,9.2,False,52.0,40.0,21.4,급등,16,False,- · 주가강도 52점,-
TSE3099,3099.T,JP,미분류,손잡이형성중,1617.5,1710.21,-5.42,11.5,4.2,8.8,,True,True,False,83.0,2026-06-02,2.12,2096.0,18.4,-22.8,22.8,False,38.0,46.7,31.8,V자,16,False,- · 주가강도 38점,-
TSE6383,6383.T,JP,미분류,손잡이없음,5766.0,6412.41,-10.08,17.3,6.0,0.0,1.84,True,False,False,,,,7857.0,18.4,-26.6,26.6,False,30.0,54.6,20.9,급등,2,False,- · 손잡이 없는 컵 · 상승일 거래량 1.8배 · 주가강도 30점,-
"Omada Health, Inc. - Common Stock",OMDA,US,미분류,손잡이형성중,20.81,23.13,-10.02,58.2,40.8,5.5,,True,True,False,58.0,2026-07-09,0.8,28.4,18.6,-26.7,22.7,True,58.0,38.5,18.8,V자,16,False,- · 주가강도 58점,-
Tutor Perini Corporation Common Stock,TPC,US,산업재,손잡이형성중,82.52,83.26,-0.89,25.4,5.6,3.8,,True,True,False,119.0,2026-04-10,0.86,102.3,18.6,-19.3,19.3,False,54.0,53.5,33.3,덜회복,16,False,건설·엔지니어링 소형주 · 시총 46억달러 · ROE 14% · 주가강도 54점,건설·엔지니어링
"Worthington Steel, Inc. Common Shares",WS,US,미분류,컵앤핸들,35.23,40.03,-11.98,38.1,13.6,9.3,,True,True,False,102.0,2026-05-05,0.96,49.17,18.6,-28.4,28.4,False,48.0,41.6,7.7,들쭉날쭉,17,False,- · 주가강도 48점,-
INSILICO,3696.HK,HK,미분류,손잡이없음,60.1,65.82,-8.68,53.1,23.4,0.0,1.17,True,False,False,,,,80.9,18.6,-25.7,25.7,True,,30.4,4.6,들쭉날쭉,12,False,- · 손잡이 없는 컵 · 상승일 거래량 1.2배,-
TSE1814,1814.T,JP,미분류,손잡이형성중,3525.0,3663.66,-3.78,23.7,25.2,2.5,,True,True,False,45.0,2026-07-27,1.18,4505.0,18.7,-21.8,21.8,False,49.0,44.9,0.0,V자,16,False,- · 주가강도 49점,-
TSE1980,1980.T,JP,미분류,손잡이형성중,3010.0,2988.99,0.7,10.8,4.8,3.8,,True,True,False,0.0,2026-10-02,0.25,3680.0,18.8,-18.2,18.2,False,61.0,36.1,24.8,들쭉날쭉,16,False,- · 주가강도 61점,-
Bank of America Corporation Common Sto,BAC,US,미분류,손잡이형성중,54.43,52.89,2.91,18.9,8.4,2.3,,True,True,False,118.0,2026-04-13,0.66,65.23,18.9,-16.6,16.6,False,28.0,57.2,31.9,급등,16,False,- · 주가강도 28점,-
TSE7456,7456.T,JP,미분류,손잡이형성중,6890.0,7187.18,-4.13,24.9,7.8,10.6,,True,True,False,22.0,2026-08-28,1.17,8860.0,18.9,-22.2,22.2,False,75.0,68.9,55.4,U자,16,False,- · 주가강도 75점,-
宏发股份,600885.SS,CN,산업재,컵앤핸들,33.53,33.61,-0.25,26.4,7.8,9.2,,True,True,False,92.0,2026-05-21,1.17,41.45,18.9,-19.1,17.0,False,43.0,71.9,73.2,U자,17,False,전기장비·부품 중형주 · 시총 539억위안 · ROE 17% · 주가강도 43점,전기장비·부품
Addus HomeCare Corporation - Common St,ADUS,US,미분류,컵앤핸들,110.54,110.68,-0.13,25.6,19.0,3.6,,True,True,False,53.0,2026-07-16,1.19,136.72,19.0,-19.1,11.2,False,38.0,45.1,24.3,급등,17,False,- · 주가강도 38점,-
"Commerce Bancshares, Inc. - Common Sto",CBSH,US,금융,손잡이형성중,54.74,56.06,-2.35,22.3,40.6,3.0,,True,True,False,68.0,2026-06-24,1.02,69.29,19.1,-21.0,10.1,False,28.0,33.8,0.0,급등,17,False,금융 중형주 · 시총 83억달러 · ROE 15% · 주가강도 28점,금융
TSE7199,7199.T,JP,미분류,손잡이형성중,2069.0,2159.16,-4.18,18.4,7.6,1.7,,True,True,False,59.0,2026-07-06,0.49,2668.0,19.1,-22.5,8.7,False,40.0,49.2,12.0,V자,16,False,- · 주가강도 40점,-
TSE4307,4307.T,JP,미분류,컵앤핸들,5075.0,5241.24,-3.17,23.2,5.4,8.6,,True,True,False,44.0,2026-07-28,1.22,6476.0,19.1,-21.6,21.6,False,33.0,68.6,62.5,덜회복,12,False,- · 주가강도 33점,-
OUTFRONT Media Inc. Common Stock,OUT,US,부동산,컵앤핸들,27.75,29.56,-6.12,13.2,5.8,2.5,,True,True,False,114.0,2026-04-17,0.76,36.57,19.2,-24.1,20.6,False,44.0,46.8,35.0,V자,17,False,부동산 소형주 · 시총 50억달러 · ROE 35% · 주가강도 44점,부동산
TSE9039,9039.T,JP,미분류,컵앤핸들,2912.0,2933.93,-0.75,12.0,8.0,2.3,,True,True,False,108.0,2026-04-22,1.3,3630.0,19.2,-19.8,6.1,False,32.0,46.0,28.0,V자,16,False,- · 주가강도 32점,-
한미약품,128940.KS,KR,미분류,손잡이형성중,498000.0,564564.0,-11.79,47.8,11.6,20.0,,True,False,False,,,,699543.06,19.3,-28.8,23.0,False,64.0,45.0,35.2,V자,16,False,- · 주가강도 64점,-
Logitech International S.A. - Register,LOGI,US,미분류,손잡이형성중,100.99,113.15,-10.75,32.3,27.6,5.4,,True,True,False,85.0,2026-05-29,3.41,140.17,19.3,-28.0,22.1,False,35.0,61.7,49.3,덜회복,16,False,- · 주가강도 35점,-
Fortuna Mining Corp. Common Shares,FSM,US,소재,컵앤핸들,11.24,11.18,0.53,20.8,7.6,6.6,,True,True,False,29.0,2026-08-19,1.38,13.85,19.3,-18.8,18.8,False,65.0,66.6,52.6,U자,17,False,금 소형주 · 시총 36억달러 · ROE 24% · 주가강도 65점,금
Renasant Corporation Common Stock,RNST,US,금융,컵앤핸들,38.88,40.19,-3.26,19.5,8.2,4.0,,True,True,False,114.0,2026-04-17,1.0,49.78,19.3,-21.9,12.7,False,29.0,39.5,0.0,V자,17,False,금융 소형주 · 시총 37억달러 · ROE 8% · 주가강도 29점,금융
"MBX Biosciences, Inc. - Common Stock",MBX,US,미분류,손잡이형성중,58.62,58.56,0.11,38.9,7.0,5.9,,True,True,False,60.0,2026-07-07,0.9,72.64,19.4,-19.3,19.3,False,95.0,57.4,53.6,U자,16,False,- · 주가강도 상위 5% (최상위권),-
TOHO CO LTD,9602.T,JP,통신·미디어,컵앤핸들,1581.5,1656.65,-4.54,27.2,22.2,14.2,,True,False,False,,,,2059.0,19.5,-23.2,21.2,False,39.0,44.2,17.5,V자,17,False,엔터테인먼트 중형주 · 시총 1.3조엔 · ROE 10% · 주가강도 39점,엔터테인먼트
Element Solutions Inc. Common Stock,ESI,US,미분류,손잡이없음,36.28,39.6,-8.38,20.5,5.0,0.0,2.0,True,False,False,,,,49.25,19.6,-26.3,26.3,False,51.0,41.8,0.0,V자,10,False,- · 손잡이 없는 컵 · 상승일 거래량 2.0배 · 주가강도 51점,-
TSE8706,8706.T,JP,미분류,컵앤핸들,1774.0,1788.79,-0.83,20.9,18.8,4.6,,True,True,False,43.0,2026-07-29,3.71,2225.0,19.6,-20.3,9.9,False,50.0,52.9,28.7,급등,16,False,- · 주가강도 50점,-
TSE3626,3626.T,JP,미분류,손잡이없음,4054.0,4339.33,-6.58,33.3,65.2,0.0,1.05,True,False,False,,,,5399.0,19.6,-24.9,24.9,False,43.0,17.9,0.0,들쭉날쭉,10,False,- · 손잡이 없는 컵 · 상승일 거래량 1.1배 · 주가강도 43점,-
동진쎄미켐,005290.KQ,KR,미분류,손잡이없음,53100.0,57957.9,-8.38,44.4,28.8,0.0,1.68,True,False,False,,,,72200.0,19.7,-26.5,26.5,False,68.0,28.9,0.0,들쭉날쭉,1,True,- · 손잡이 없는 컵 · 상승일 거래량 1.7배 · 주가강도 68점,-
삼화콘덴서,001820.KS,KR,미분류,컵앤핸들,156400.0,157857.7,-0.92,67.3,15.8,9.8,,True,True,False,1.0,2026-10-01,1.47,196800.0,19.8,-20.5,20.5,False,99.0,46.7,25.3,V자,11,False,- · 주가강도 상위 1% (최상위권),-
한양디지텍,078350.KQ,KR,미분류,손잡이없음,36400.0,35535.5,2.43,61.4,25.0,0.0,2.94,True,True,False,1.0,2026-10-01,2.95,44300.0,19.8,-17.8,17.8,False,95.0,41.4,0.0,V자,2,False,- · 손잡이 없는 컵 · 상승일 거래량 2.9배 · 주가강도 상위 5% (최상위권),-
AZOOM CO LTD,3496.T,JP,부동산,컵앤핸들,4795.0,4994.99,-4.0,28.7,31.2,4.3,,True,True,False,22.0,2026-08-28,0.44,6230.0,19.8,-23.0,23.0,False,40.0,55.2,37.4,덜회복,17,False,부동산 서비스 소형주 · 시총 593억엔 · 주가강도 40점,부동산 서비스
에이팩트,200470.KQ,KR,미분류,손잡이형성중,10390.0,10490.48,-0.96,65.5,17.2,12.3,,True,False,False,,,,13100.0,19.9,-20.7,20.7,False,95.0,43.1,17.9,V자,11,False,- · 주가강도 상위 5% (최상위권),-
"IDEAYA Biosciences, Inc. - Common Stoc",IDYA,US,미분류,손잡이형성중,38.42,38.25,0.45,29.6,10.2,8.8,,True,True,False,61.0,2026-07-06,1.54,47.74,19.9,-19.5,10.0,False,56.0,61.2,39.0,U자,16,False,- · 주가강도 56점,-
LA HOLDINGS CO LTD,2986.T,JP,부동산,컵앤핸들,2870.0,3169.83,-9.46,27.8,15.8,5.5,,True,True,False,163.0,2026-01-30,1.96,3956.67,19.9,-27.5,27.5,False,34.0,69.0,67.5,U자,17,False,부동산 서비스 소형주 · 시총 643억엔 · ROE 16% · 주가강도 34점,부동산 서비스
TSE6920,6920.T,JP,미분류,손잡이없음,46620.0,46916.87,-0.63,32.1,6.6,0.0,3.45,True,False,False,,,,58580.0,19.9,-20.4,20.4,False,87.0,54.1,28.8,급등,5,False,- · 손잡이 없는 컵 · 상승일 거래량 3.5배 · 주가강도 상위 13%,-
Chord Energy Corporation - Common Stoc,CHRD,US,미분류,손잡이없음,134.07,152.1,-11.86,26.8,8.6,0.0,1.78,True,True,False,11.0,2026-09-15,0.74,190.23,20.0,-29.5,14.6,False,68.0,41.6,0.0,V자,16,False,- · 손잡이 없는 컵 · 상승일 거래량 1.8배 · 주가강도 68점,-
FIRST TRACTOR,0038.HK,HK,산업재,컵앤핸들,8.69,9.19,-5.43,33.7,11.2,11.8,,True,True,False,25.0,2026-08-26,3.96,11.5,20.1,-24.4,18.0,False,52.0,51.5,28.0,V자,17,False,농기계·중장비 중형주 · 시총 111억HKD · ROE 10% · 주가강도 52점,농기계·중장비
华源控股,002787.SZ,CN,미분류,컵앤핸들,25.51,27.96,-8.76,43.0,15.4,12.3,,True,False,False,,,,34.99,20.1,-27.1,27.1,False,94.0,42.6,16.7,V자,10,False,- · 주가강도 상위 6% (최상위권),-
Axalta Coating Systems Ltd. Common Sha,AXTA,US,소재,컵앤핸들,32.16,33.14,-2.97,30.2,15.0,3.8,,True,True,False,74.0,2026-06-15,0.67,41.65,20.4,-22.8,16.7,False,32.0,55.6,52.0,덜회복,17,False,정밀화학 중형주 · 시총 74억달러 · ROE 14% · 주가강도 32점,정밀화학
OR Royalties Inc. Common Shares,OR,US,미분류,손잡이없음,34.34,38.27,-10.26,28.0,7.0,0.0,2.46,True,True,False,25.0,2026-08-25,1.28,48.06,20.4,-28.5,28.5,False,22.0,61.6,39.9,급등,16,False,- · 손잡이 없는 컵 · 상승일 거래량 2.5배 · 주가강도 22점,-
"Cadence Design Systems, Inc. - Common ",CDNS,US,기술·IT,컵앤핸들,330.19,331.14,-0.29,21.5,4.0,5.1,,True,False,False,,,,416.69,20.5,-20.8,20.8,False,25.0,71.5,78.2,덜회복,17,False,기술·IT 대형주 · 시총 786억달러 · ROE 23% · 주가강도 25점,기술·IT
TSE3405,3405.T,JP,미분류,손잡이없음,1781.0,1947.95,-8.57,23.4,21.2,0.0,1.11,True,True,False,36.0,2026-08-07,3.78,2450.0,20.5,-27.3,14.7,False,44.0,45.2,6.3,들쭉날쭉,16,False,- · 손잡이 없는 컵 · 상승일 거래량 1.1배 · 주가강도 44점,-
TSE6323,6323.T,JP,미분류,손잡이형성중,4202.0,4131.13,1.72,33.1,7.0,17.1,,True,True,False,82.0,2026-06-03,1.45,5199.0,20.5,-19.2,19.2,False,86.0,46.0,35.7,급등,16,False,- · 주가강도 상위 14%,-
TSE6925,6925.T,JP,미분류,손잡이형성중,4131.0,4100.1,0.75,23.3,5.8,2.7,,True,True,False,1.0,2026-10-01,1.24,5164.0,20.6,-20.0,20.0,False,77.0,48.9,28.8,급등,5,False,- · 주가강도 77점,-
CHINFMINING,1258.HK,HK,소재,컵앤핸들,15.61,15.11,3.34,30.7,5.2,7.6,,True,True,False,41.0,2026-08-04,0.55,19.05,20.7,-18.1,18.1,False,69.0,64.5,58.3,U자,17,False,구리 중형주 · 시총 597억HKD · ROE 23% · 주가강도 69점,구리
"Expedia Group, Inc. - Common Stock",EXPE,US,미분류,컵앤핸들,263.36,270.78,-2.74,26.2,8.8,8.4,,True,True,False,57.0,2026-07-10,0.6,342.0,20.8,-23.0,23.0,False,40.0,72.2,66.5,덜회복,17,False,- · 주가강도 40점,-
国机精工,002046.SZ,CN,산업재,컵앤핸들,59.75,60.95,-1.97,33.4,17.0,8.8,,True,True,False,9.0,2026-09-16,1.12,76.95,20.8,-22.4,22.4,False,70.0,38.1,11.3,V자,17,False,산업기계 중형주 · 시총 324억위안 · ROE 4% · 주가강도 70점,산업기계
COMPUTER ENGINEERING & CONSU,9692.T,JP,기술·IT,컵앤핸들,2243.0,2243.24,-0.01,24.4,24.6,2.3,,True,True,False,45.0,2026-07-27,0.76,2835.0,20.9,-20.9,13.0,False,35.0,55.4,41.1,덜회복,17,False,기술·IT 소형주 · 시총 663억엔 · ROE 14% · 주가강도 35점,기술·IT
Science Applications International Cor,SAIC,US,미분류,손잡이형성중,127.56,123.53,3.26,29.8,19.2,20.3,,True,True,False,38.0,2026-08-06,1.0,156.34,21.0,-18.4,10.6,False,68.0,39.3,23.0,급등,16,False,- · 주가강도 68점,-
Barrick Mining Corporation Common Shar,B,US,소재,손잡이형성중,40.67,44.18,-7.95,22.9,16.0,10.6,,True,True,False,29.0,2026-08-19,1.65,55.95,21.0,-27.3,25.6,False,39.0,45.9,0.0,들쭉날쭉,16,False,금 대형주 · 시총 726억달러 · ROE 27% · 주가강도 39점,금
VSTECS,0856.HK,HK,기술·IT,컵앤핸들,8.84,10.04,-11.95,33.8,28.0,7.9,,True,True,False,106.0,2026-04-29,1.25,12.72,21.1,-30.5,30.5,False,25.0,59.4,58.4,덜회복,17,False,IT 서비스 중형주 · 시총 138억HKD · ROE 17% · 주가강도 25점,IT 서비스
淮北矿业,600985.SS,CN,미분류,손잡이형성중,15.87,17.13,-7.34,23.4,9.0,7.8,,True,True,False,32.0,2026-08-14,1.47,21.7,21.1,-26.9,15.5,False,67.0,73.0,68.4,U자,16,False,- · 주가강도 67점,-
Cenovus Energy Inc Common Stock,CVE,US,미분류,손잡이없음,31.08,32.1,-3.18,24.4,8.0,0.0,1.36,True,True,False,31.0,2026-08-17,0.74,40.73,21.2,-23.7,9.0,False,86.0,53.8,22.3,V자,16,False,- · 손잡이 없는 컵 · 상승일 거래량 1.4배 · 주가강도 상위 14%,-
"Hercules Capital, Inc. Common Stock",HTGC,US,금융,컵앤핸들,16.81,17.37,-3.21,28.0,29.6,4.8,,True,True,False,26.0,2026-08-24,1.22,22.04,21.2,-23.7,12.1,False,30.0,44.6,28.1,V자,17,False,자산운용 소형주 · 시총 33억달러 · ROE 17% · 주가강도 30점,자산운용
"Skyward Specialty Insurance Group, Inc",SKWD,US,미분류,컵앤핸들,52.8,51.71,2.1,26.9,61.2,5.8,,True,True,False,69.0,2026-06-23,0.88,65.69,21.3,-19.6,19.6,False,32.0,29.4,0.0,들쭉날쭉,17,False,- · 주가강도 32점,-
AIDA ENGINEERING,6118.T,JP,산업재,컵앤핸들,1226.0,1248.25,-1.78,17.6,10.8,6.2,,True,True,False,101.0,2026-05-07,1.59,1586.0,21.3,-22.7,10.0,False,51.0,51.6,17.7,V자,17,False,산업기계 소형주 · 시총 675억엔 · ROE 5% · 주가강도 51점,산업기계
海通发展,603162.SS,CN,미분류,손잡이없음,13.04,13.35,-2.33,34.8,9.4,0.0,1.36,True,True,False,17.0,2026-09-04,2.05,16.97,21.3,-23.2,23.2,False,89.0,55.9,36.3,급등,16,False,- · 손잡이 없는 컵 · 상승일 거래량 1.4배 · 주가강도 상위 11%,-
"Cavco Industries, Inc. - Common Stock",CVCO,US,경기소비재,컵앤핸들,560.26,560.64,-0.07,19.2,5.0,7.9,,True,True,False,79.0,2026-06-08,0.76,713.01,21.4,-21.4,21.4,False,25.0,43.3,18.8,V자,17,False,주택건설 소형주 · 시총 41억달러 · ROE 17% · 주가강도 25점,주택건설
TSE6516,6516.T,JP,미분류,손잡이없음,5550.0,6196.19,-10.43,19.8,6.4,0.0,6.52,True,False,False,,,,7880.0,21.4,-29.6,29.6,False,62.0,45.1,0.0,V자,8,False,- · 손잡이 없는 컵 · 상승일 거래량 6.5배 · 주가강도 62점,-
Brinks Company (The) Common Stock,BCO,US,산업재,컵앤핸들,100.99,107.09,-5.69,16.1,5.4,5.0,,True,True,False,56.0,2026-07-13,0.84,136.37,21.5,-25.9,25.9,False,15.0,46.5,27.5,V자,17,False,보안 서비스 소형주 · 시총 45억달러 · ROE 46% · 주가강도 15점,보안 서비스
WEX Inc. common stock,WEX,US,기술·IT,컵앤핸들,168.7,191.57,-11.94,32.9,13.4,5.6,,True,True,False,33.0,2026-08-13,1.0,244.04,21.5,-30.9,17.3,False,52.0,65.3,59.5,U자,17,False,기술·IT 중형주 · 시총 63억달러 · ROE 30% · 주가강도 52점,기술·IT
NABTESCO CORP,6268.T,JP,산업재,컵앤핸들,4971.0,4796.79,3.63,28.0,5.4,3.6,,True,True,False,110.0,2026-04-20,1.0,6113.0,21.5,-18.7,18.7,False,62.0,52.9,51.6,덜회복,17,False,"산업기계 중형주 · 시총 5,289억엔 · ROE 7% · 주가강도 62점",산업기계
TSE6928,6928.T,JP,미분류,손잡이형성중,3390.0,3278.27,3.41,15.8,5.2,5.5,,True,True,False,2.0,2026-09-30,0.94,4175.0,21.5,-18.8,14.8,False,80.0,46.8,3.0,들쭉날쭉,5,False,- · 주가강도 상위 20%,-
赤峰黄金,600988.SS,CN,미분류,손잡이형성중,39.56,40.82,-3.09,44.3,10.6,14.2,,True,True,False,39.0,2026-08-05,1.12,51.99,21.5,-23.9,23.9,False,64.0,60.1,64.3,덜회복,16,False,- · 주가강도 64점,-
Associated Banc-Corp Common Stock,ASB,US,금융,손잡이형성중,28.65,27.81,3.03,19.1,8.4,2.6,,True,True,False,118.0,2026-04-13,0.83,35.46,21.6,-19.2,11.7,False,36.0,54.1,34.6,V자,17,False,금융 중형주 · 시총 58억달러 · ROE 10% · 주가강도 36점,금융
"HealthStream, Inc. - Common Stock",HSTM,US,헬스케어,컵앤핸들,29.71,31.14,-4.6,42.9,62.8,11.5,,True,False,False,,,,39.77,21.7,-25.3,4.5,False,60.0,47.1,42.7,덜회복,17,False,의료정보 서비스 소형주 · 시총 9억달러 · ROE 6% · 주가강도 60점,의료정보 서비스
Ardmore Shipping Corporation Common St,ASC,US,미분류,손잡이형성중,18.66,18.34,1.75,31.1,13.4,3.9,,True,True,False,29.0,2026-08-19,0.63,23.44,21.8,-20.4,6.8,False,83.0,43.4,27.7,V자,16,False,- · 주가강도 상위 17%,-
Morgan Stanley Common Stock,MS,US,미분류,컵앤핸들,188.08,181.44,3.66,19.0,8.8,3.7,,True,True,False,117.0,2026-04-14,1.18,232.25,21.9,-19.0,19.0,False,34.0,51.1,27.9,V자,17,False,- · 주가강도 34점,-
TSE6525,6525.T,JP,미분류,손잡이형성중,9918.0,9538.53,3.98,20.3,5.6,3.8,,True,True,False,2.0,2026-09-30,3.38,12220.0,21.9,-18.8,18.8,False,90.0,45.3,31.1,들쭉날쭉,3,False,- · 주가강도 상위 10% (최상위권),-
TSE5805,5805.T,JP,미분류,손잡이없음,2811.0,3055.05,-7.99,17.4,4.8,0.0,3.1,True,False,False,,,,3914.0,21.9,-28.2,28.2,False,71.0,42.8,0.0,들쭉날쭉,1,True,- · 손잡이 없는 컵 · 상승일 거래량 3.1배 · 주가강도 71점,-
TSE5333,5333.T,JP,미분류,손잡이없음,5582.0,6168.16,-9.5,21.7,5.0,0.0,3.4,True,False,False,,,,7894.0,21.9,-29.3,29.3,False,80.0,53.8,18.9,급등,1,True,- · 손잡이 없는 컵 · 상승일 거래량 3.4배 · 주가강도 상위 20%,-
AMADA CO LTD,6113.T,JP,산업재,컵앤핸들,2600.0,2514.01,3.42,20.2,5.4,4.1,,True,True,False,106.0,2026-04-24,0.76,3224.0,22.0,-19.4,19.4,False,54.0,47.4,23.6,급등,17,False,"산업기계 중형주 · 시총 7,305억엔 · 주가강도 54점",산업기계
"Royal Gold, Inc. - Common Stock",RGLD,US,소재,컵앤핸들,236.0,238.48,-1.04,18.2,7.6,5.4,,True,True,False,29.0,2026-08-19,0.91,306.25,22.1,-22.9,22.9,False,46.0,75.0,74.3,U자,17,False,금 중형주 · 시총 221억달러 · ROE 14% · 주가강도 46점,금
TSE2160,2160.T,JP,미분류,컵앤핸들,3275.0,3433.43,-4.61,32.7,18.2,8.6,,True,False,False,,,,4410.0,22.1,-25.7,12.4,False,68.0,64.6,52.5,U자,16,False,- · 주가강도 68점,-
Starbucks Corporation - Common Stock,SBUX,US,경기소비재,컵앤핸들,93.96,98.23,-4.35,15.4,7.4,2.7,,True,True,False,117.0,2026-04-14,0.63,126.32,22.2,-25.6,15.0,False,31.0,35.6,0.0,V자,17,False,"외식 대형주 · 시총 1,101억달러 · 주가강도 31점",외식
ResMed Inc. Common Stock,RMD,US,미분류,손잡이형성중,221.1,234.37,-5.66,30.7,34.8,2.4,,True,True,False,25.0,2026-08-25,1.15,301.34,22.2,-26.6,22.4,False,21.0,28.5,0.0,들쭉날쭉,16,False,- · 주가강도 21점,-
"Immix Biopharma, Inc. - Common Stock",IMMX,US,헬스케어,컵앤핸들,10.4,11.73,-11.31,35.5,5.2,11.6,,True,True,False,30.0,2026-08-18,0.72,15.1,22.3,-31.1,31.1,False,96.0,68.1,77.1,U자,17,False,바이오 소형주 · 시총 9억달러 · 주가강도 상위 4% (최상위권),바이오
Woori Financial Group Inc. American De,WF,US,금융,컵앤핸들,75.54,77.76,-2.85,34.6,26.8,5.9,,True,True,False,13.0,2026-09-11,1.59,100.12,22.3,-24.5,10.8,False,72.0,60.8,51.7,U자,17,False,금융 중형주 · 시총 181억달러 · ROE 9% · 주가강도 72점,금융
剑桥科技,603083.SS,CN,기술·IT,컵앤핸들,205.45,204.7,0.36,42.7,13.4,13.4,,True,True,False,16.0,2026-09-07,0.68,263.3,22.3,-22.0,22.0,False,87.0,30.2,0.0,들쭉날쭉,17,False,통신장비 중형주 · 시총 802억위안 · ROE 6% · 주가강도 상위 13%,통신장비
TSE8035,8035.T,JP,미분류,손잡이형성중,12090.0,12612.6,-4.14,20.5,6.2,4.9,,True,False,False,,,,16252.0,22.4,-25.6,25.6,False,85.0,58.0,59.0,U자,1,True,- · 주가강도 상위 15%,-
东阳光,600673.SS,CN,미분류,손잡이형성중,30.37,33.23,-8.62,27.8,17.2,20.9,,True,True,False,153.0,2026-02-11,1.17,42.83,22.4,-29.1,29.1,False,40.0,38.4,2.1,급등,16,False,- · 주가강도 40점,-
한솔아이원스,114810.KQ,KR,미분류,손잡이형성중,15900.0,15425.41,3.08,58.3,14.6,5.5,,True,True,False,1.0,2026-10-01,0.95,19900.0,22.5,-20.1,20.1,False,73.0,37.6,19.7,V자,4,False,- · 주가강도 73점,-
"Lantheus Holdings, Inc. - Common Stock",LNTH,US,미분류,컵앤핸들,99.53,98.37,1.18,56.6,51.6,6.7,,True,True,False,89.0,2026-05-22,2.25,126.89,22.5,-21.6,11.0,False,75.0,56.2,70.0,덜회복,16,False,- · 주가강도 75점,-
PrimeEnergy Resources Corporation - Co,PNRG,US,에너지,컵앤핸들,197.5,216.22,-8.66,46.9,47.2,9.4,,True,True,False,135.0,2026-03-18,0.94,278.9,22.5,-29.2,29.2,False,46.0,53.7,39.7,들쭉날쭉,17,False,석유·가스 개발 소형주 · 시총 3억달러 · ROE 12% · 주가강도 46점,석유·가스 개발
TC Energy Corporation Common Stock,TRP,US,미분류,컵앤핸들,57.78,55.4,4.3,11.0,6.0,3.8,,True,True,False,192.0,2025-12-23,0.91,71.47,22.5,-19.2,19.2,False,18.0,40.7,40.6,V자,17,False,- · 주가강도 18점,-
"CeriBell, Inc. - Common Stock",CBLL,US,헬스케어,컵앤핸들,24.39,25.36,-3.81,34.9,30.2,9.3,,True,False,False,,,,32.75,22.6,-25.5,4.8,False,82.0,35.7,0.9,급등,17,False,의료기기 소형주 · 시총 9억달러 · 주가강도 상위 18%,의료기기
"SailPoint, Inc. - Common Stock",SAIL,US,기술·IT,컵앤핸들,20.36,20.4,-0.2,54.4,69.6,15.1,,True,True,False,23.0,2026-08-27,2.17,26.35,22.6,-22.7,15.2,False,67.0,18.7,0.0,들쭉날쭉,17,False,기술·IT 중형주 · 시총 114억달러 · 주가강도 67점,기술·IT
Central Garden & Pet Company - Class A,CENTA,US,필수소비재,컵앤핸들,33.52,34.54,-2.97,30.5,27.2,5.2,,True,True,False,154.0,2026-02-19,0.98,44.66,22.7,-24.9,17.8,False,31.0,39.6,0.0,V자,17,False,가공식품 소형주 · 시총 21억달러 · ROE 10% · 주가강도 31점,가공식품
SFA반도체,036540.KQ,KR,미분류,손잡이없음,11690.0,11651.64,0.33,67.9,16.2,0.0,3.91,True,True,False,0.0,2026-10-02,0.66,15096.46,22.8,-22.6,1.4,False,98.0,54.0,35.9,급등,16,False,- · 손잡이 없는 컵 · 상승일 거래량 3.9배 · 주가강도 상위 2% (최상위권),-
"Commvault Systems, Inc. - Common Stock",CVLT,US,미분류,손잡이없음,149.92,154.98,-3.27,26.7,4.4,0.0,1.86,True,False,False,,,,200.68,22.8,-25.3,23.9,False,61.0,38.1,0.4,V자,16,False,- · 손잡이 없는 컵 · 상승일 거래량 1.9배 · 주가강도 61점,-
"Interparfums, Inc. - Common Stock",IPAR,US,필수소비재,손잡이형성중,110.96,124.45,-10.84,34.1,42.4,8.3,,True,True,False,46.0,2026-07-27,0.78,161.17,22.8,-31.2,14.2,False,48.0,35.9,11.1,급등,17,False,생활용품 소형주 · 시총 36억달러 · ROE 19% · 주가강도 48점,생활용품
赛轮轮胎,601058.SS,CN,경기소비재,컵앤핸들,13.24,13.94,-5.05,24.4,10.8,6.4,,True,True,False,43.0,2026-07-30,1.21,18.05,22.8,-26.6,26.6,False,23.0,62.7,58.6,덜회복,17,False,자동차부품 중형주 · 시총 446억위안 · ROE 17% · 주가강도 23점,자동차부품
"Ulta Beauty, Inc. - Common Stock",ULTA,US,미분류,손잡이형성중,546.17,551.32,-0.93,23.3,14.4,2.8,,True,True,False,37.0,2026-08-07,0.75,714.97,22.9,-23.6,23.6,False,40.0,60.0,32.9,급등,16,False,- · 주가강도 40점,-
NIHON DENGI CO,1723.T,JP,기술·IT,컵앤핸들,2155.0,2426.42,-11.19,21.4,7.8,6.4,,True,True,False,16.0,2026-09-07,1.56,3147.5,22.9,-31.5,31.5,False,52.0,67.1,46.2,U자,17,False,"전자부품 소형주 · 시총 1,611억엔 · ROE 16% · 주가강도 52점",전자부품
TSE9716,9716.T,JP,미분류,손잡이형성중,1219.0,1287.29,-5.3,24.7,18.8,3.7,,True,True,False,20.0,2026-09-01,1.28,1670.0,22.9,-27.0,16.8,False,42.0,66.5,62.7,덜회복,16,False,- · 주가강도 42점,-
TSE6479,6479.T,JP,미분류,손잡이형성중,3792.0,4092.09,-7.33,28.9,11.8,9.9,,True,True,False,89.0,2026-05-25,1.05,5307.0,22.9,-28.5,28.5,False,49.0,75.6,77.6,U자,16,False,- · 주가강도 49점,-
ISC,095340.KQ,KR,미분류,손잡이형성중,215500.0,225225.0,-4.32,58.3,15.0,6.2,,True,False,False,,,,292500.0,23.0,-26.3,26.3,False,93.0,56.8,45.9,V자,10,False,- · 주가강도 상위 7% (최상위권),-
원익IPS,240810.KQ,KR,미분류,컵앤핸들,144000.0,144244.1,-0.17,51.1,18.6,14.9,,True,False,False,,,,187800.0,23.2,-23.3,23.3,False,94.0,29.3,0.0,들쭉날쭉,10,False,- · 주가강도 상위 6% (최상위권),-
Dakota Gold Corp. Common Stock,DC,US,소재,컵앤핸들,6.09,6.49,-6.11,33.6,9.8,15.2,,True,True,False,6.0,2026-09-22,2.57,8.47,23.4,-28.1,16.0,False,71.0,53.7,54.8,U자,17,False,금 소형주 · 시총 8억달러 · 주가강도 71점,금
"J.B. Hunt Transport Services, Inc. - C",JBHT,US,미분류,컵앤핸들,224.05,229.33,-2.3,17.8,4.8,3.5,,True,True,False,117.0,2026-04-14,0.71,299.76,23.5,-25.3,25.3,False,45.0,69.1,76.8,덜회복,17,False,- · 주가강도 45점,-
Ethos Technologies Inc. - Class A Comm,LIFE,US,미분류,손잡이없음,33.57,32.53,3.19,53.5,12.0,0.0,4.22,True,True,False,35.0,2026-08-11,1.3,42.55,23.5,-21.1,21.1,True,,50.4,26.9,급등,16,False,- · 손잡이 없는 컵 · 상승일 거래량 4.2배,-
"Werner Enterprises, Inc. - Common Stoc",WERN,US,미분류,손잡이형성중,33.98,38.5,-11.74,30.8,11.4,13.4,,True,True,False,91.0,2026-05-20,1.1,50.31,23.5,-32.5,28.4,False,34.0,54.0,37.9,V자,16,False,- · 주가강도 34점,-
TSE4914,4914.T,JP,미분류,손잡이형성중,1262.0,1345.34,-6.19,27.7,58.0,2.5,,True,True,False,21.0,2026-08-31,1.32,1760.0,23.6,-28.3,23.5,False,26.0,28.0,0.0,들쭉날쭉,16,False,- · 주가강도 26점,-
华达科技,603358.SS,CN,미분류,컵앤핸들,44.4,43.66,1.69,33.8,4.8,9.2,,True,True,False,32.0,2026-08-14,1.01,57.18,23.6,-22.4,22.4,False,44.0,49.1,37.7,V자,17,False,- · 주가강도 44점,-
"Applied Materials, Inc. - Common Stock",AMAT,US,미분류,손잡이없음,511.38,564.32,-9.38,27.0,6.4,0.0,5.71,True,False,False,,,,739.67,23.7,-30.9,30.9,False,88.0,59.8,45.7,V자,3,False,- · 손잡이 없는 컵 · 상승일 거래량 5.7배 · 주가강도 상위 12%,-
TSE9962,9962.T,JP,미분류,컵앤핸들,3932.0,3988.98,-1.43,19.4,7.0,4.8,,True,False,False,,,,5230.0,23.7,-24.8,6.5,False,77.0,47.4,20.8,급등,16,False,- · 주가강도 77점,-
"Kulicke and Soffa Industries, Inc. - C",KLIC,US,미분류,손잡이없음,94.25,103.49,-8.93,26.9,5.2,0.0,3.2,True,False,False,,,,135.8,23.8,-30.6,30.6,False,85.0,45.8,8.1,급등,9,False,- · 손잡이 없는 컵 · 상승일 거래량 3.2배 · 주가강도 상위 15%,-
Bausch + Lomb Corporation Common Share,BLCO,US,미분류,컵앤핸들,17.0,16.71,1.76,10.7,5.8,4.6,,True,True,False,62.0,2026-07-02,1.03,21.95,23.9,-22.6,10.1,False,33.0,28.6,13.0,V자,17,False,- · 주가강도 33점,-
Iamgold Corporation Ordinary Shares,IAG,US,미분류,손잡이형성중,18.41,18.89,-2.54,28.0,7.6,7.4,,True,True,False,31.0,2026-08-17,0.94,24.87,24.0,-26.0,26.0,False,54.0,65.5,58.8,U자,16,False,- · 주가강도 54점,-
"McGraw Hill, Inc. Common Stock",MH,US,미분류,손잡이형성중,13.11,13.68,-4.19,40.2,16.0,10.8,,True,True,False,26.0,2026-08-24,1.47,18.0,24.0,-27.2,27.2,True,40.0,52.7,42.7,덜회복,16,False,- · 주가강도 40점,-
"First Hawaiian, Inc. - Common Stock",FHB,US,금융,컵앤핸들,24.62,26.91,-8.5,18.0,10.6,3.3,,True,True,False,113.0,2026-04-20,1.32,35.47,24.1,-30.6,19.5,False,12.0,38.3,3.1,V자,17,False,금융 소형주 · 시총 31억달러 · ROE 10% · 주가강도 12점,금융
Walmart Inc. - Common Stock,WMT,US,미분류,손잡이형성중,103.92,102.59,1.29,8.9,4.2,2.0,,True,True,False,264.0,2025-09-11,1.0,135.16,24.1,-23.1,23.1,False,14.0,37.3,31.6,V자,16,False,- · 주가강도 14점,-
Murphy USA Inc. Common Stock,MUSA,US,미분류,손잡이형성중,504.03,482.98,4.36,34.0,46.6,7.3,,True,True,False,129.0,2026-03-26,1.07,636.05,24.1,-20.8,20.8,False,43.0,32.2,10.1,들쭉날쭉,16,False,- · 주가강도 43점,-
TSE6951,6951.T,JP,미분류,컵앤핸들,7764.0,7455.45,4.14,13.7,8.2,6.9,,True,True,False,62.0,2026-07-01,0.8,9840.0,24.2,-21.1,16.1,False,75.0,42.5,10.3,V자,5,False,- · 주가강도 75점,-
GST,083450.KQ,KR,미분류,손잡이없음,54400.0,53453.4,1.77,23.6,4.2,0.0,3.0,True,True,False,1.0,2026-10-01,2.56,70800.0,24.5,-23.2,23.2,False,93.0,56.1,11.3,급등,16,False,- · 손잡이 없는 컵 · 상승일 거래량 3.0배 · 주가강도 상위 7% (최상위권),-
삼현,437730.KQ,KR,미분류,손잡이없음,51650.0,57957.9,-10.88,55.3,12.8,0.0,2.1,True,False,False,,,,76900.0,24.6,-32.8,32.8,False,86.0,42.1,6.2,급등,16,False,- · 손잡이 없는 컵 · 상승일 거래량 2.1배 · 주가강도 상위 14%,-
GUMING,1364.HK,HK,미분류,컵앤핸들,22.78,23.58,-3.41,22.8,8.0,4.8,,True,True,False,33.0,2026-08-14,0.94,31.28,24.6,-27.2,27.2,False,26.0,60.6,62.9,덜회복,17,False,- · 주가강도 26점,-
Covista Inc. Common Shares,CVSA,US,필수소비재,컵앤핸들,122.2,117.62,3.9,27.4,7.8,4.6,,True,True,False,124.0,2026-04-02,0.36,156.26,24.7,-21.8,21.8,False,24.0,67.5,72.7,U자,17,False,교육 소형주 · 시총 43억달러 · ROE 19% · 주가강도 24점,교육
"Pinnacle Financial Partners, Inc. Comm",PNFP,US,금융,컵앤핸들,93.61,99.39,-5.81,24.2,12.2,4.3,,True,True,False,101.0,2026-05-06,0.96,131.91,24.7,-29.0,15.2,False,24.0,46.9,24.5,V자,17,False,금융 중형주 · 시총 150억달러 · ROE 8% · 주가강도 24점,금융
하나머티리얼즈,166090.KQ,KR,미분류,손잡이없음,64700.0,66066.0,-2.07,27.2,5.6,0.0,3.85,True,False,False,,,,87900.0,24.8,-26.4,26.4,False,76.0,58.0,38.6,덜회복,10,False,- · 손잡이 없는 컵 · 상승일 거래량 3.9배 · 주가강도 76점,-
"Selective Insurance Group, Inc. - Comm",SIGI,US,미분류,컵앤핸들,83.6,82.44,1.4,15.6,14.4,3.5,,True,True,False,114.0,2026-04-17,0.69,109.58,24.8,-23.7,16.7,False,19.0,34.9,0.0,들쭉날쭉,17,False,- · 주가강도 19점,-
"Champion Homes, Inc. Common Stock",SKY,US,미분류,컵앤핸들,85.7,87.6,-2.17,37.7,27.6,6.4,,True,True,False,200.0,2025-12-11,1.42,116.49,24.8,-26.4,13.6,False,40.0,55.1,46.3,덜회복,17,False,- · 주가강도 40점,-
XIAOCAIYUAN,0999.HK,HK,미분류,손잡이없음,8.96,9.79,-8.48,36.5,30.2,0.0,1.44,True,False,False,,,,13.02,24.8,-31.2,27.3,False,53.0,40.0,23.5,V자,16,False,- · 손잡이 없는 컵 · 상승일 거래량 1.4배 · 주가강도 53점,-
CECO Environmental Corp. - Common Stoc,CECO,US,미분류,손잡이형성중,69.64,76.01,-8.38,38.7,9.8,5.6,,True,True,False,103.0,2026-05-04,2.46,101.24,24.9,-31.2,31.2,False,43.0,56.0,50.4,V자,16,False,- · 주가강도 43점,-
"Impinj, Inc. - Common Stock",PI,US,미분류,컵앤핸들,179.29,185.18,-3.18,56.6,46.2,15.2,,True,False,False,,,,247.06,25.0,-27.4,27.4,False,73.0,25.9,1.4,들쭉날쭉,16,False,- · 주가강도 73점,-
CONSUN PHARMA,1681.HK,HK,미분류,손잡이형성중,14.84,14.51,2.24,16.4,4.0,2.2,,True,True,False,2.0,2026-09-28,1.17,19.35,25.0,-23.3,23.3,False,23.0,61.2,49.6,덜회복,16,False,- · 주가강도 23점,-
紫金矿业,601899.SS,CN,소재,컵앤핸들,29.79,33.71,-11.64,32.2,13.4,8.0,,True,True,False,39.0,2026-08-05,1.33,44.94,25.0,-33.7,33.7,False,34.0,41.6,0.0,V자,17,False,"금 초대형주 · 시총 9,057억위안 · ROE 37% · 주가강도 34점",금
"Universal Health Services, Inc. Common",UHS,US,미분류,손잡이없음,174.26,184.56,-5.58,24.0,12.0,0.0,1.13,True,False,False,,,,246.33,25.1,-29.3,29.3,False,20.0,39.0,0.0,V자,16,False,- · 손잡이 없는 컵 · 상승일 거래량 1.1배 · 주가강도 20점,-
"Qnity Electronics, Inc. Common Stock",Q,US,미분류,손잡이형성중,125.74,132.62,-5.19,25.0,5.8,2.8,,True,True,False,118.0,2026-04-13,0.64,177.28,25.2,-29.1,29.1,True,,69.8,71.1,U자,17,False,-,-
TFI International Inc. Common Shares,TFII,US,미분류,컵앤핸들,119.86,125.49,-4.48,23.6,7.8,4.5,,True,True,False,115.0,2026-04-16,0.75,167.69,25.2,-28.5,28.5,False,41.0,55.9,35.0,V자,16,False,- · 주가강도 41점,-
Vicor Corporation - Common Stock,VICR,US,미분류,손잡이형성중,288.94,285.73,1.13,32.5,5.2,8.2,,True,True,False,1.0,2026-09-29,0.6,382.65,25.3,-24.5,24.5,False,98.0,66.2,58.9,U자,5,False,- · 주가강도 상위 2% (최상위권),-
Danaher Corporation Common Stock,DHR,US,헬스케어,컵앤핸들,221.55,220.89,0.3,31.5,41.6,9.8,,True,True,False,6.0,2026-09-22,0.96,296.06,25.4,-25.2,8.8,False,47.0,39.1,9.1,들쭉날쭉,17,False,"진단·연구 대형주 · 시총 1,440억달러 · ROE 8% · 주가강도 47점",진단·연구
TSE7735,7735.T,JP,미분류,손잡이없음,15390.0,14744.73,4.38,20.8,5.0,0.0,9.61,True,True,False,1.0,2026-10-01,0.89,19770.0,25.4,-22.2,22.2,False,90.0,41.0,0.0,V자,8,False,- · 손잡이 없는 컵 · 상승일 거래량 9.6배 · 주가강도 상위 10% (최상위권),-
TSE9828,9828.T,JP,미분류,손잡이형성중,3195.0,3443.44,-7.21,28.2,40.8,3.2,,True,True,False,50.0,2026-07-17,1.39,4615.0,25.4,-30.8,13.2,False,31.0,42.8,33.5,급등,16,False,- · 주가강도 31점,-
工业富联,601138.SS,CN,미분류,손잡이형성중,58.2,63.39,-8.19,30.5,14.6,5.5,,True,True,False,110.0,2026-04-22,2.21,84.95,25.4,-31.5,31.5,False,22.0,41.7,6.1,V자,16,False,- · 주가강도 22점,-
"Lithia Motors, Inc. Common Stock",LAD,US,미분류,손잡이형성중,291.83,326.79,-10.7,33.5,28.8,3.8,,True,True,False,54.0,2026-07-15,1.2,439.49,25.6,-33.6,33.6,False,22.0,33.9,17.3,V자,16,False,- · 주가강도 22점,-
TSE6146,6146.T,JP,미분류,손잡이없음,60050.0,68188.12,-11.93,27.2,6.2,0.0,2.59,True,False,False,,,,91680.0,25.6,-34.5,34.5,False,23.0,46.2,9.1,V자,1,True,- · 손잡이 없는 컵 · 상승일 거래량 2.6배 · 주가강도 23점,-
TSE6016,6016.T,JP,미분류,손잡이없음,12430.0,12692.68,-2.07,45.5,44.8,0.0,1.51,True,False,False,,,,17090.0,25.7,-27.3,27.3,False,74.0,27.2,0.0,들쭉날쭉,16,False,- · 손잡이 없는 컵 · 상승일 거래량 1.5배 · 주가강도 74점,-
TSE3498,3498.T,JP,미분류,컵앤핸들,7660.0,8078.07,-5.18,35.9,26.8,5.7,,True,True,False,33.0,2026-08-13,1.22,10880.0,25.8,-29.6,29.6,False,41.0,64.4,64.4,U자,16,False,- · 주가강도 41점,-
코세스,089890.KQ,KR,미분류,손잡이없음,36900.0,38038.0,-2.99,58.3,12.2,0.0,2.25,True,False,False,,,,51400.0,26.0,-28.2,28.2,False,92.0,66.5,72.0,덜회복,2,False,- · 손잡이 없는 컵 · 상승일 거래량 2.2배 · 주가강도 상위 8% (최상위권),-
유니셈,036200.KQ,KR,미분류,손잡이없음,10920.0,12012.0,-9.09,50.0,32.2,0.0,1.34,True,False,False,,,,16250.0,26.1,-32.8,24.1,False,63.0,25.9,0.0,들쭉날쭉,2,False,- · 손잡이 없는 컵 · 상승일 거래량 1.3배 · 주가강도 63점,-
HPSP,403870.KQ,KR,미분류,손잡이없음,67600.0,67867.8,-0.39,59.5,14.8,0.0,2.24,True,True,False,1.0,2026-10-01,1.84,92000.0,26.2,-26.5,26.5,False,95.0,50.0,20.9,V자,16,False,- · 손잡이 없는 컵 · 상승일 거래량 2.2배 · 주가강도 상위 5% (최상위권),-
Methanex Corporation - Common Stock,MEOH,US,소재,컵앤핸들,58.68,61.43,-4.48,33.9,14.8,8.1,,True,True,False,15.0,2026-09-09,0.96,83.23,26.2,-29.5,12.1,False,75.0,44.9,18.9,V자,17,False,화학 소형주 · 시총 48억달러 · ROE 6% · 주가강도 75점,화학
TSE7942,7942.T,JP,미분류,손잡이없음,2981.0,2936.93,1.5,23.3,9.0,0.0,1.47,True,True,False,37.0,2026-08-06,2.63,3980.0,26.2,-25.1,8.0,False,74.0,54.2,8.0,급등,4,False,- · 손잡이 없는 컵 · 상승일 거래량 1.5배 · 주가강도 74점,-
Agnico Eagle Mines Limited Common Stoc,AEM,US,소재,손잡이형성중,183.27,188.18,-2.61,26.2,7.6,5.3,,True,True,False,31.0,2026-08-17,0.71,255.24,26.3,-28.2,28.2,False,45.0,70.6,71.5,U자,17,False,금 대형주 · 시총 996억달러 · ROE 23% · 주가강도 45점,금
Truist Financial Corporation Common St,TFC,US,금융,컵앤핸들,46.3,50.73,-8.73,16.3,12.4,4.2,,True,True,False,113.0,2026-04-20,0.76,68.95,26.4,-32.8,17.6,False,18.0,36.8,0.0,V자,17,False,금융 대형주 · 시총 613억달러 · ROE 9% · 주가강도 18점,금융
TSE7004,7004.T,JP,미분류,손잡이형성중,1161.0,1115.11,4.11,20.9,7.2,3.9,,True,True,False,120.0,2026-04-06,0.99,1515.0,26.4,-23.4,23.4,False,39.0,50.1,28.0,V자,5,False,- · 주가강도 39점,-
"Brinker International, Inc. Common Sto",EAT,US,미분류,손잡이없음,193.53,187.31,3.32,46.4,26.8,0.0,1.22,True,True,False,56.0,2026-07-13,0.65,254.99,26.5,-24.1,24.1,False,73.0,39.4,29.2,V자,16,False,- · 손잡이 없는 컵 · 상승일 거래량 1.2배 · 주가강도 73점,-
"Kontoor Brands, Inc. Common Stock ",KTB,US,경기소비재,컵앤핸들,63.03,71.16,-11.43,26.5,5.4,4.4,,True,True,False,281.0,2025-08-18,0.9,96.8,26.5,-34.9,29.1,False,4.0,39.6,29.8,V자,17,False,의류 제조 소형주 · 시총 36억달러 · ROE 50% · 주가강도 4점,의류 제조
CubeSmart Common Shares,CUBE,US,미분류,손잡이없음,37.58,42.11,-10.76,15.1,4.6,0.0,1.24,True,True,False,46.0,2026-07-27,1.2,57.34,26.6,-34.5,13.1,False,21.0,35.3,0.0,V자,16,False,- · 손잡이 없는 컵 · 상승일 거래량 1.2배 · 주가강도 21점,-
필옵틱스,161580.KQ,KR,미분류,손잡이없음,41900.0,47547.5,-11.88,59.2,36.2,0.0,2.32,True,False,False,,,,64900.0,26.7,-35.4,35.4,False,59.0,31.3,0.0,들쭉날쭉,1,True,- · 손잡이 없는 컵 · 상승일 거래량 2.3배 · 주가강도 59점,-
엘티씨,170920.KQ,KR,미분류,손잡이없음,43850.0,44494.45,-1.45,31.5,6.0,0.0,1.93,True,False,False,,,,60700.0,26.7,-27.8,27.8,False,92.0,56.3,34.2,급등,9,False,- · 손잡이 없는 컵 · 상승일 거래량 1.9배 · 주가강도 상위 8% (최상위권),-
아모텍,052710.KQ,KR,미분류,손잡이형성중,21200.0,22022.0,-3.73,63.8,21.6,17.7,,True,False,False,,,,30033.19,26.7,-29.4,29.4,False,93.0,29.0,0.0,V자,1,True,- · 주가강도 상위 7% (최상위권),-
"Candel Therapeutics, Inc. - Common Sto",CADL,US,미분류,컵앤핸들,10.44,10.83,-3.56,19.4,5.0,4.9,,True,True,False,33.0,2026-08-13,1.31,14.78,26.7,-29.4,25.4,False,91.0,50.2,22.0,들쭉날쭉,17,False,- · 주가강도 상위 9% (최상위권),-
DN오토모티브,007340.KS,KR,미분류,컵앤핸들,49850.0,49399.35,0.91,40.6,12.2,8.3,,True,True,False,33.0,2026-08-13,1.23,67500.0,26.8,-26.1,26.1,False,90.0,51.9,33.1,급등,16,False,- · 주가강도 상위 10% (최상위권),-
로보티즈,108490.KQ,KR,미분류,손잡이형성중,309000.0,339339.0,-8.94,57.4,29.2,18.4,,True,False,False,,,,464000.0,26.9,-33.4,33.4,False,91.0,25.5,0.0,들쭉날쭉,16,False,- · 주가강도 상위 9% (최상위권),-
Genuine Parts Company Common Stock,GPC,US,경기소비재,컵앤핸들,125.74,137.3,-8.42,40.1,24.6,5.7,,True,True,False,25.0,2026-08-25,0.7,187.73,26.9,-33.0,17.0,False,29.0,62.8,59.6,덜회복,17,False,자동차부품 중형주 · 시총 186억달러 · ROE 1% · 주가강도 29점,자동차부품
Magnolia Oil & Gas Corporation Class A,MGY,US,미분류,손잡이형성중,23.49,23.96,-1.96,27.2,10.6,2.7,,True,True,False,325.0,2025-06-13,1.89,32.76,26.9,-28.3,28.3,False,16.0,42.9,21.7,V자,16,False,- · 주가강도 16점,-
JINHAI MED TECH,2225.HK,HK,미분류,컵앤핸들,4.85,5.09,-4.72,55.3,12.2,13.7,,True,True,False,32.0,2026-08-17,0.68,6.99,27.2,-30.6,30.6,False,98.0,56.5,53.8,U자,16,False,- · 주가강도 상위 2% (최상위권),-
TSE2157,2157.T,JP,미분류,손잡이형성중,986.0,1080.08,-8.71,21.1,13.2,4.1,,True,True,False,43.0,2026-07-29,1.41,1484.0,27.2,-33.6,32.7,False,9.0,52.5,33.7,급등,16,False,- · 주가강도 9점,-
"Axcelis Technologies, Inc. - Common St",ACLS,US,미분류,손잡이없음,131.18,145.85,-10.06,29.5,6.0,0.0,8.76,True,False,False,,,,201.0,27.4,-34.7,32.3,False,68.0,67.0,61.1,덜회복,3,False,- · 손잡이 없는 컵 · 상승일 거래량 8.8배 · 주가강도 68점,-
Qiagen N.V. Common Shares,QGEN,US,미분류,손잡이형성중,43.76,45.58,-3.98,34.4,41.6,9.0,,True,False,False,,,,62.76,27.4,-30.3,24.3,False,37.0,31.7,6.3,들쭉날쭉,16,False,- · 주가강도 37점,-
国芳集团,601086.SS,CN,미분류,손잡이없음,13.33,13.75,-3.08,53.6,49.0,0.0,2.71,True,True,False,16.0,2026-09-07,3.74,18.95,27.4,-29.7,29.7,False,89.0,38.2,0.0,V자,16,False,- · 손잡이 없는 컵 · 상승일 거래량 2.7배 · 주가강도 상위 11%,-
Kaiser Aluminum Corporation - Common S,KALU,US,미분류,컵앤핸들,144.82,144.66,0.11,29.7,7.8,4.6,,True,True,False,114.0,2026-04-17,1.08,199.89,27.6,-27.6,27.6,False,60.0,51.8,35.0,V자,16,False,- · 주가강도 60점,-
"Gold.com, Inc. Common Stock",GOLD,US,미분류,손잡이없음,42.57,48.31,-11.89,23.3,11.6,0.0,1.3,True,True,False,15.0,2026-09-09,2.11,66.7,27.6,-36.2,36.2,False,60.0,49.1,0.0,들쭉날쭉,16,False,- · 손잡이 없는 컵 · 상승일 거래량 1.3배 · 주가강도 60점,-
Farmland Partners Inc. Common Stock,FPI,US,미분류,손잡이없음,11.35,11.88,-4.48,22.4,18.6,0.0,1.8,True,False,False,,,,16.43,27.7,-30.9,14.2,False,50.0,58.0,28.0,급등,11,False,- · 손잡이 없는 컵 · 상승일 거래량 1.8배 · 주가강도 50점,-
WANGUO GOLD GP,3939.HK,HK,미분류,손잡이없음,13.54,13.51,0.2,46.2,12.2,0.0,1.3,True,True,False,29.0,2026-08-20,1.56,18.69,27.7,-27.6,27.6,False,81.0,50.5,31.6,V자,16,False,- · 손잡이 없는 컵 · 상승일 거래량 1.3배 · 주가강도 상위 19%,-
Biglari Holdings Inc. Class B Common S,BH,US,미분류,컵앤핸들,343.86,349.01,-1.48,34.8,9.2,6.8,,True,True,False,68.0,2026-06-24,0.58,483.6,27.8,-28.9,28.9,False,18.0,44.8,35.0,V자,16,False,- · 주가강도 18점,-
원익QnC,074600.KQ,KR,미분류,손잡이없음,32700.0,32732.7,-0.1,24.6,5.4,0.0,2.18,True,False,False,,,,45400.0,27.9,-28.0,28.0,False,70.0,50.4,10.5,급등,11,False,- · 손잡이 없는 컵 · 상승일 거래량 2.2배 · 주가강도 70점,-
에프에스티,036810.KQ,KR,미분류,손잡이없음,35700.0,36769.4,-2.91,59.2,36.8,0.0,1.97,True,False,False,,,,51000.0,27.9,-30.0,30.0,False,70.0,29.8,0.0,들쭉날쭉,2,False,- · 손잡이 없는 컵 · 상승일 거래량 2.0배 · 주가강도 70점,-
TSE5233,5233.T,JP,미분류,손잡이형성중,4040.0,4280.28,-5.61,24.0,32.2,11.1,,True,True,False,86.0,2026-05-28,1.22,5940.0,27.9,-32.0,18.7,False,42.0,36.9,0.0,들쭉날쭉,1,True,- · 주가강도 42점,-
와이씨,232140.KQ,KR,미분류,손잡이없음,16300.0,17397.38,-6.31,60.8,34.8,0.0,3.12,True,False,False,,,,24150.0,28.0,-32.5,32.5,False,72.0,30.3,0.0,들쭉날쭉,10,False,- · 손잡이 없는 컵 · 상승일 거래량 3.1배 · 주가강도 72점,-
케이엔제이,272110.KQ,KR,미분류,손잡이없음,32300.0,32132.1,0.52,29.1,5.6,0.0,3.3,True,True,False,1.0,2026-10-01,1.86,44600.0,28.0,-27.6,27.6,False,70.0,58.5,26.3,급등,11,False,- · 손잡이 없는 컵 · 상승일 거래량 3.3배 · 주가강도 70점,-
The J.M. Smucker Company Common Stock,SJM,US,필수소비재,컵앤핸들,118.91,117.42,1.27,26.1,14.4,8.7,,True,True,False,49.0,2026-07-22,1.33,163.07,28.0,-27.1,12.5,False,51.0,74.8,72.0,U자,17,False,가공식품 중형주 · 시총 132억달러 · ROE 4% · 주가강도 51점,가공식품
TSE6264,6264.T,JP,미분류,손잡이없음,2127.0,2317.31,-8.21,24.9,4.8,0.0,4.06,True,False,False,,,,3220.0,28.0,-33.9,33.9,False,87.0,53.0,17.1,V자,2,False,- · 손잡이 없는 컵 · 상승일 거래량 4.1배 · 주가강도 상위 13%,-
Blue Bird Corporation - Common Stock,BLBD,US,미분류,컵앤핸들,55.5,59.98,-7.47,21.1,15.8,7.4,,True,True,False,156.0,2026-02-17,1.38,83.39,28.1,-33.4,33.4,False,11.0,53.1,25.6,급등,16,False,- · 주가강도 11점,-
Elemental Royalty Corporation - Common,ELE,US,소재,손잡이형성중,19.1,19.38,-1.44,31.7,12.2,3.7,,True,True,False,35.0,2026-08-11,0.53,26.96,28.1,-29.2,29.2,False,45.0,40.6,7.1,급등,17,False,금 소형주 · 시총 14억달러 · ROE 1% · 주가강도 45점,금
"Community Financial System, Inc. Commo",CBU,US,미분류,컵앤핸들,59.54,59.37,0.29,15.3,5.2,5.3,,True,True,False,277.0,2025-08-22,1.09,82.53,28.1,-27.9,16.3,False,20.0,37.1,0.0,V자,17,False,- · 주가강도 20점,-
Crescent Energy Company Class A Common,CRGY,US,에너지,컵앤핸들,12.89,14.13,-8.8,34.4,12.8,7.4,,True,True,False,19.0,2026-09-02,1.07,19.65,28.1,-34.4,16.7,False,79.0,56.6,49.6,V자,17,False,석유·가스 개발 중형주 · 시총 56억달러 · ROE 2% · 주가강도 79점,석유·가스 개발
"Paymentus Holdings, Inc. Class A Commo",PAY,US,미분류,손잡이없음,30.64,32.56,-5.9,38.2,8.4,0.0,3.58,True,True,False,45.0,2026-07-28,1.21,45.31,28.1,-32.4,32.4,False,47.0,53.6,40.9,V자,16,False,- · 손잡이 없는 컵 · 상승일 거래량 3.6배 · 주가강도 47점,-
Hingham Institution for Savings - Comm,HIFS,US,미분류,손잡이형성중,282.59,310.13,-8.88,24.4,19.2,3.4,,True,True,False,63.0,2026-07-01,1.35,432.19,28.2,-34.6,16.4,False,22.0,42.4,0.6,급등,16,False,- · 주가강도 22점,-
"Donnelley Financial Solutions, Inc. Co",DFIN,US,기술·IT,컵앤핸들,47.19,51.0,-7.47,33.6,12.0,9.2,,True,True,False,45.0,2026-07-28,0.69,71.01,28.2,-33.5,16.1,False,27.0,75.6,82.5,U자,17,False,기술·IT 소형주 · 시총 12억달러 · ROE 9% · 주가강도 27점,기술·IT
TSE3994,3994.T,JP,미분류,컵앤핸들,6050.0,6590.58,-8.2,59.5,48.0,14.3,,True,True,False,22.0,2026-08-28,2.25,9190.0,28.3,-34.2,14.2,False,83.0,48.6,52.5,U자,12,False,- · 주가강도 상위 17%,-
Aura Minerals Inc. - Common Shares,AUGO,US,미분류,컵앤핸들,78.68,79.02,-0.43,29.3,5.4,6.9,,True,True,False,29.0,2026-08-19,1.82,110.32,28.4,-28.7,28.7,True,82.0,64.3,67.6,U자,16,False,- · 주가강도 상위 18%,-
"Honda Motor Company, Ltd. Common Stock",HMC,US,경기소비재,컵앤핸들,31.6,31.92,-1.01,33.4,45.6,4.3,,True,True,False,30.0,2026-08-18,0.58,44.56,28.4,-29.1,5.5,False,53.0,21.2,0.0,V자,17,False,자동차 중형주 · 시총 406억달러 · 주가강도 53점,자동차
TSE4187,4187.T,JP,미분류,컵앤핸들,4485.0,4429.42,1.25,29.6,6.0,7.1,,True,True,False,105.0,2026-04-27,2.0,6190.0,28.4,-27.5,27.5,False,42.0,56.0,42.4,V자,12,False,- · 주가강도 42점,-
TSE5838,5838.T,JP,미분류,컵앤핸들,6258.0,6666.66,-6.13,41.2,54.4,9.2,,True,False,False,,,,9317.0,28.4,-32.8,32.8,False,38.0,33.1,0.0,들쭉날쭉,1,True,- · 주가강도 38점,-
코칩,126730.KQ,KR,미분류,컵앤핸들,24200.0,26076.05,-7.19,67.6,12.8,15.4,,True,False,False,,,,36500.0,28.6,-33.7,33.7,False,88.0,47.8,35.0,V자,12,False,- · 주가강도 상위 12%,-
SHIP HEALTH CARE HOLDINGS IN,3360.T,JP,헬스케어,컵앤핸들,2425.0,2326.32,4.24,24.8,12.2,2.8,,True,True,False,50.0,2026-07-17,0.97,3260.0,28.6,-25.6,14.6,False,38.0,42.0,0.0,V자,17,False,"의료기기·소모품 소형주 · 시총 2,177억엔 · ROE 9% · 주가강도 38점",의료기기·소모품
덕산하이메탈,077360.KQ,KR,미분류,손잡이없음,14180.0,15015.0,-5.56,56.0,26.6,0.0,1.55,True,False,False,,,,21100.0,28.8,-32.8,32.8,False,94.0,29.7,0.0,들쭉날쭉,9,False,- · 손잡이 없는 컵 · 상승일 거래량 1.6배 · 주가강도 상위 6% (최상위권),-
Cohen & Steers Inc Common Stock,CNS,US,미분류,손잡이형성중,73.11,78.77,-7.18,30.5,53.4,6.8,,True,True,False,61.0,2026-07-06,0.87,110.67,28.8,-33.9,15.5,False,41.0,36.0,7.7,들쭉날쭉,16,False,- · 주가강도 41점,-
TSE2695,2695.T,JP,미분류,손잡이없음,1678.0,1889.39,-11.19,19.8,15.8,0.0,1.1,True,False,False,,,,2655.0,28.8,-36.8,11.1,False,28.0,39.0,0.0,급등,16,False,- · 손잡이 없는 컵 · 상승일 거래량 1.1배 · 주가강도 28점,-
LS마린솔루션,060370.KQ,KR,미분류,손잡이없음,32950.0,36686.65,-10.19,38.7,32.0,0.0,1.34,True,False,False,,,,51600.0,28.9,-36.1,36.1,False,61.0,26.4,0.0,들쭉날쭉,15,False,- · 손잡이 없는 컵 · 상승일 거래량 1.3배 · 주가강도 61점,-
TSE4186,4186.T,JP,미분류,손잡이형성중,8848.0,9190.18,-3.72,26.4,5.4,4.6,,True,True,False,114.0,2026-04-14,1.09,12925.0,28.9,-31.5,31.5,False,65.0,49.5,39.6,U자,12,False,- · 주가강도 65점,-
"Alto Neuroscience, Inc. Common Stock",ANRO,US,미분류,손잡이형성중,25.53,26.6,-4.01,37.1,8.6,6.8,,True,True,False,66.0,2026-06-26,13.43,37.48,29.0,-31.9,31.9,False,97.0,48.3,33.9,V자,16,False,- · 주가강도 상위 3% (최상위권),-
TSE7276,7276.T,JP,미분류,손잡이없음,2684.0,2975.97,-9.81,18.4,7.4,0.0,1.45,True,False,False,,,,4190.0,29.0,-35.9,9.7,False,49.0,52.2,16.5,급등,16,False,- · 손잡이 없는 컵 · 상승일 거래량 1.4배 · 주가강도 49점,-
TSE9247,9247.T,JP,미분류,손잡이형성중,1685.0,1718.72,-1.96,22.3,5.0,5.5,,True,True,False,81.0,2026-06-04,1.54,2420.0,29.0,-30.4,27.2,False,21.0,44.4,21.4,V자,2,False,- · 주가강도 21점,-
"Infleqtion, Inc. Common Stock",INFQ,US,미분류,컵앤핸들,13.47,15.08,-10.65,47.3,12.8,10.6,,True,False,False,,,,21.28,29.1,-36.7,36.7,True,,51.2,29.3,V자,9,False,-,-
Microchip Technology Incorporated - Co,MCHP,US,미분류,손잡이형성중,77.77,74.96,3.74,27.2,10.4,2.7,,True,True,False,115.0,2026-04-16,0.79,105.91,29.2,-26.6,26.6,False,46.0,44.7,20.9,V자,16,False,- · 주가강도 46점,-
TSE9887,9887.T,JP,미분류,손잡이형성중,5130.0,5355.35,-4.21,11.4,4.0,2.6,,True,True,False,21.0,2026-08-31,1.47,7560.0,29.2,-32.1,25.8,False,17.0,33.2,30.0,V자,15,False,- · 주가강도 17점,-
晋控煤业,601001.SS,CN,미분류,손잡이없음,17.21,19.49,-11.7,20.0,4.2,0.0,0.81,True,False,False,,,,27.54,29.2,-37.5,28.0,False,48.0,38.4,0.0,들쭉날쭉,16,False,- · 손잡이 없는 컵 · 상승일 거래량 0.8배 · 주가강도 48점,-
Adecoagro S.A. Common Shares,AGRO,US,미분류,손잡이형성중,10.14,11.2,-9.47,22.7,4.0,6.3,,True,True,False,26.0,2026-08-24,1.27,15.89,29.5,-36.2,36.2,False,43.0,71.0,71.0,U자,16,False,- · 주가강도 43점,-
TSE6613,6613.T,JP,미분류,손잡이없음,2282.0,2553.55,-10.63,30.7,4.0,0.0,1.98,True,False,False,,,,3620.0,29.5,-37.0,37.0,False,99.0,49.7,17.8,급등,5,False,- · 손잡이 없는 컵 · 상승일 거래량 2.0배 · 주가강도 상위 1% (최상위권),-
"CSW Industrials, Inc. Common Stock",CSW,US,미분류,손잡이형성중,288.08,307.31,-6.26,24.8,21.0,8.1,,True,True,False,201.0,2025-12-10,1.02,436.5,29.6,-34.0,19.0,False,42.0,60.4,34.1,급등,16,False,- · 주가강도 42점,-
Public Storage Common Stock,PSA,US,미분류,손잡이형성중,282.84,297.1,-4.8,15.9,5.6,2.0,,True,True,False,117.0,2026-04-14,1.24,421.76,29.6,-32.9,15.7,False,20.0,43.8,21.3,V자,16,False,- · 주가강도 20점,-
Smurfit WestRock plc Ordinary Shares,SW,US,경기소비재,컵앤핸들,44.1,42.26,4.36,18.2,5.8,5.9,,True,True,False,81.0,2026-06-04,0.77,60.07,29.6,-26.6,16.2,False,36.0,40.4,11.3,V자,17,False,포장재 중형주 · 시총 232억달러 · ROE 3% · 주가강도 36점,포장재
"SkyWest, Inc. - Common Stock",SKYW,US,미분류,손잡이형성중,96.92,95.25,1.76,23.2,8.0,4.1,,True,True,False,68.0,2026-06-24,1.4,135.57,29.7,-28.5,17.7,False,26.0,40.9,4.8,급등,16,False,- · 주가강도 26점,-
Zions Bancorporation N.A. - Common Sto,ZION,US,미분류,컵앤핸들,62.65,62.23,0.67,20.4,8.4,3.1,,True,True,False,114.0,2026-04-17,0.88,88.56,29.7,-29.3,14.6,False,31.0,57.0,36.5,V자,17,False,- · 주가강도 31점,-
Darling Ingredients Inc. Common Stock,DAR,US,미분류,손잡이형성중,60.71,61.57,-1.4,22.9,8.8,3.7,,True,True,False,56.0,2026-07-13,0.73,87.59,29.7,-30.7,13.2,False,79.0,36.8,0.0,V자,16,False,- · 주가강도 79점,-
TSE6750,6750.T,JP,미분류,손잡이없음,2004.0,1949.95,2.77,20.5,33.0,0.0,1.62,True,True,False,33.0,2026-08-13,2.33,2775.0,29.7,-27.8,3.7,False,54.0,43.3,0.0,들쭉날쭉,1,True,- · 손잡이 없는 컵 · 상승일 거래량 1.6배 · 주가강도 54점,-
PTC Inc. - Common Stock,PTC,US,미분류,컵앤핸들,140.3,154.18,-9.0,35.6,21.6,5.6,,True,True,False,27.0,2026-08-21,0.47,219.69,29.8,-36.1,32.2,False,17.0,33.5,0.0,V자,16,False,- · 주가강도 17점,-
Nova Ltd. - Ordinary Shares,NVMI,US,미분류,손잡이없음,385.2,432.01,-10.84,23.6,6.0,0.0,19.18,True,False,False,,,,615.99,29.9,-37.5,37.5,False,22.0,65.4,51.1,덜회복,3,False,- · 손잡이 없는 컵 · 상승일 거래량 19.2배 · 주가강도 22점,-
中国动力,600482.SS,CN,미분류,손잡이없음,33.51,36.99,-9.4,28.6,5.2,0.0,1.54,True,False,False,,,,52.8,29.9,-36.5,22.7,False,71.0,51.1,30.3,급등,17,False,- · 손잡이 없는 컵 · 상승일 거래량 1.5배 · 주가강도 71점,-
中国人保,601319.SS,CN,미분류,손잡이없음,7.98,9.03,-11.62,28.2,39.0,0.0,1.22,True,False,False,,,,12.89,29.9,-38.1,21.6,False,35.0,31.0,0.0,들쭉날쭉,16,False,- · 손잡이 없는 컵 · 상승일 거래량 1.2배 · 주가강도 35점,-
特发信息,000070.SZ,CN,미분류,손잡이형성중,16.3,18.27,-10.77,42.6,27.4,5.9,,True,True,False,6.0,2026-09-21,2.57,26.05,29.9,-37.4,37.4,False,46.0,29.6,0.0,들쭉날쭉,16,False,- · 주가강도 46점,-
LYGEND RESOURCE,2245.HK,HK,미분류,손잡이없음,20.0,21.58,-7.33,52.4,18.6,0.0,1.36,True,False,False,,,,30.82,30.0,-35.1,35.1,False,64.0,42.2,15.5,급등,16,False,- · 손잡이 없는 컵 · 상승일 거래량 1.4배 · 주가강도 64점,-
TSE6125,6125.T,JP,미분류,손잡이형성중,5050.0,5345.34,-5.53,26.0,9.0,16.0,,True,True,False,85.0,2026-05-29,1.44,7650.0,30.1,-34.0,15.3,False,37.0,53.4,48.5,U자,16,False,- · 주가강도 37점,-
CNH Industrial N.V. Common Shares,CNH,US,미분류,손잡이형성중,12.85,12.53,2.53,34.7,36.4,4.6,,True,True,False,159.0,2026-02-11,1.42,17.98,30.3,-28.5,11.1,False,68.0,24.0,0.0,V자,16,False,- · 주가강도 68점,-
恒立液压,601100.SS,CN,미분류,손잡이형성중,90.31,95.7,-5.63,33.8,24.4,11.1,,True,True,False,250.0,2025-09-17,1.36,137.66,30.5,-34.4,28.3,False,5.0,64.1,61.2,U자,17,False,- · 주가강도 5점,-
B2Gold Corp Common shares (Canada),BTG,US,소재,컵앤핸들,5.22,5.24,-0.29,36.1,12.8,5.0,,True,True,False,29.0,2026-08-19,1.13,7.55,30.6,-30.9,17.0,False,59.0,51.5,38.8,급등,17,False,금 중형주 · 시총 71억달러 · ROE 23% · 주가강도 59점,금
Spotify Technology S.A. Ordinary Share,SPOT,US,미분류,손잡이없음,487.38,544.23,-10.45,24.4,5.0,0.0,1.27,True,True,False,25.0,2026-08-25,0.69,785.0,30.7,-37.9,32.5,False,12.0,41.5,13.7,급등,16,False,- · 손잡이 없는 컵 · 상승일 거래량 1.3배 · 주가강도 12점,-
TSE9997,9997.T,JP,미분류,컵앤핸들,1047.0,1064.06,-1.6,23.5,38.6,2.2,,True,True,False,49.0,2026-07-21,1.48,1535.0,30.7,-31.8,5.6,False,47.0,39.3,16.4,V자,17,False,- · 주가강도 47점,-
"Apollo Global Management, Inc. (New) C",APO,US,금융,컵앤핸들,116.06,131.13,-11.49,29.0,9.8,8.4,,True,True,False,99.0,2026-05-08,0.88,189.49,30.8,-38.8,24.3,False,15.0,71.1,62.2,덜회복,17,False,자산운용 대형주 · 시총 773억달러 · ROE 11% · 주가강도 15점,자산운용
"ExlService Holdings, Inc. - Common Sto",EXLS,US,미분류,컵앤핸들,34.38,36.24,-5.12,24.7,12.4,14.2,,True,True,False,29.0,2026-08-19,1.23,52.43,30.9,-34.4,22.1,False,39.0,40.5,0.0,V자,17,False,- · 주가강도 39점,-
Amcor plc Ordinary Shares,AMCR,US,미분류,손잡이형성중,41.86,47.01,-10.95,28.8,21.2,5.4,,True,True,False,40.0,2026-08-04,0.8,68.05,30.9,-38.5,17.8,False,25.0,59.9,50.8,덜회복,16,False,- · 주가강도 25점,-
"Insteel Industries, Inc. Common Stock",IIIN,US,미분류,손잡이없음,29.13,32.9,-11.47,25.9,28.0,0.0,1.69,True,True,False,40.0,2026-08-04,0.9,47.7,31.0,-38.9,25.7,False,8.0,34.3,0.0,들쭉날쭉,16,False,- · 손잡이 없는 컵 · 상승일 거래량 1.7배 · 주가강도 8점,-
TSE3391,3391.T,JP,미분류,손잡이형성중,2080.0,2316.81,-10.22,26.3,12.0,3.7,,True,True,False,56.0,2026-07-09,3.13,3356.0,31.0,-38.0,30.5,False,9.0,39.8,11.1,급등,16,False,- · 주가강도 9점,-
TSE3087,3087.T,JP,미분류,손잡이없음,3190.0,3098.1,2.97,17.2,10.6,0.0,2.18,True,True,False,45.0,2026-07-27,1.2,4495.0,31.1,-29.0,7.7,False,62.0,46.8,0.0,V자,16,False,- · 손잡이 없는 컵 · 상승일 거래량 2.2배 · 주가강도 62점,-
YOURAN DAIRY,9858.HK,HK,미분류,컵앤핸들,4.05,4.46,-9.28,43.7,18.0,14.0,,True,True,False,18.0,2026-09-04,2.0,6.49,31.3,-37.6,23.4,False,59.0,48.3,30.7,급등,17,False,- · 주가강도 59점,-
TSE6104,6104.T,JP,미분류,손잡이없음,5010.0,5095.09,-1.67,24.2,5.8,0.0,2.02,True,False,False,,,,7425.0,31.4,-32.5,3.1,False,58.0,45.9,0.0,V자,16,False,- · 손잡이 없는 컵 · 상승일 거래량 2.0배 · 주가강도 58점,-
CHINA RES POWER,0836.HK,HK,미분류,손잡이없음,19.76,22.18,-10.92,25.1,7.2,0.0,1.37,True,False,False,,,,32.41,31.6,-39.0,10.8,False,50.0,50.7,27.8,V자,16,False,- · 손잡이 없는 컵 · 상승일 거래량 1.4배 · 주가강도 50점,-
TSE9536,9536.T,JP,미분류,손잡이없음,2435.0,2636.63,-7.65,18.2,11.6,0.0,2.19,True,True,False,9.0,2026-09-16,2.45,3855.0,31.6,-36.8,9.6,False,53.0,54.6,0.0,급등,3,False,- · 손잡이 없는 컵 · 상승일 거래량 2.2배 · 주가강도 53점,-
Rio Tinto Plc Common Stock,RIO,US,소재,컵앤핸들,94.17,95.35,-1.23,18.9,5.0,3.2,,True,True,False,121.0,2026-04-08,1.26,139.66,31.7,-32.6,16.4,False,51.0,39.7,1.0,V자,17,False,"산업금속 광업 대형주 · 시총 1,689억달러 · ROE 19% · 주가강도 51점",산업금속 광업
Signet Jewelers Limited Common Shares,SIG,US,미분류,손잡이형성중,102.33,103.59,-1.22,21.3,6.0,7.9,,True,True,False,1.0,2026-09-29,0.67,152.27,32.0,-32.8,7.1,False,61.0,55.2,37.5,급등,16,False,- · 주가강도 61점,-
紫光股份,000938.SZ,CN,미분류,손잡이없음,31.02,34.52,-10.15,27.4,6.6,0.0,2.8,True,True,False,58.0,2026-07-09,2.2,50.84,32.1,-39.0,32.3,False,51.0,48.0,0.0,V자,16,False,- · 손잡이 없는 컵 · 상승일 거래량 2.8배 · 주가강도 51점,-
Medtronic plc. Ordinary Shares,MDT,US,헬스케어,손잡이형성중,86.29,92.08,-6.29,26.2,42.8,2.1,,True,True,False,30.0,2026-08-18,0.82,135.89,32.2,-36.5,18.8,False,23.0,27.7,0.0,들쭉날쭉,17,False,"의료기기 대형주 · 시총 1,172억달러 · ROE 11% · 주가강도 23점",의료기기
"Innoviva, Inc. - Common Stock",INVA,US,미분류,손잡이형성중,21.21,23.44,-9.53,16.5,12.2,5.6,,True,True,False,156.0,2026-02-17,1.13,34.62,32.3,-38.7,15.7,False,30.0,73.0,74.4,U자,16,False,- · 주가강도 30점,-
Abercrombie & Fitch Company Common Sto,ANF,US,미분류,손잡이없음,134.69,133.24,1.09,47.7,29.0,0.0,1.29,True,True,False,24.0,2026-08-26,15.48,196.99,32.4,-31.6,13.2,False,82.0,60.9,59.2,U자,16,False,- · 손잡이 없는 컵 · 상승일 거래량 1.3배 · 주가강도 상위 18%,-
제우스,079370.KQ,KR,미분류,손잡이없음,14500.0,15965.95,-9.18,58.7,35.8,0.0,2.9,True,False,False,,,,23700.0,32.6,-38.8,30.8,False,68.0,28.4,0.0,들쭉날쭉,1,True,- · 손잡이 없는 컵 · 상승일 거래량 2.9배 · 주가강도 68점,-
Opera Limited - American Depositary Sh,OPRA,US,통신·미디어,컵앤핸들,17.62,19.26,-8.51,44.4,29.6,13.0,,True,True,False,84.0,2026-06-01,1.28,28.58,32.6,-38.3,16.3,False,31.0,58.5,42.7,덜회복,17,False,인터넷 콘텐츠 소형주 · 시총 16억달러 · ROE 13% · 주가강도 31점,인터넷 콘텐츠
CATHAY PAC AIR,0293.HK,HK,미분류,손잡이없음,14.74,14.16,4.07,21.8,9.0,0.0,1.15,True,True,False,47.0,2026-07-27,1.32,20.99,32.6,-29.8,3.2,False,66.0,45.5,10.2,급등,16,False,- · 손잡이 없는 컵 · 상승일 거래량 1.1배 · 주가강도 66점,-
EPR Properties Common Stock,EPR,US,미분류,손잡이형성중,56.13,56.9,-1.35,22.1,6.6,2.6,,True,True,False,113.0,2026-04-20,0.46,84.67,32.8,-33.7,13.6,False,32.0,42.3,20.6,V자,16,False,- · 주가강도 32점,-
TSE3661,3661.T,JP,미분류,컵앤핸들,813.0,879.88,-7.6,38.0,31.6,12.2,,True,False,False,,,,1308.5,32.8,-37.9,29.4,False,38.0,59.6,60.2,덜회복,10,False,- · 주가강도 38점,-
"Abacus Global Management, Inc. Class A",ABX,US,미분류,손잡이형성중,8.06,8.88,-9.27,52.1,30.8,19.2,,True,True,False,149.0,2026-02-26,0.92,13.25,33.0,-39.2,35.2,False,18.0,37.0,13.1,급등,16,False,- · 주가강도 18점,-
ENI S.p.A. Common Stock,E,US,미분류,손잡이없음,54.3,57.05,-4.82,20.1,7.6,0.0,1.6,True,True,False,28.0,2026-08-20,1.21,85.16,33.0,-36.2,6.4,False,72.0,43.8,0.0,V자,16,False,- · 손잡이 없는 컵 · 상승일 거래량 1.6배 · 주가강도 72점,-
TSE4912,4912.T,JP,미분류,손잡이없음,1723.5,1886.88,-8.66,20.9,14.2,0.0,1.16,True,True,False,35.0,2026-08-10,2.36,2823.0,33.2,-38.9,11.4,False,35.0,44.4,0.0,V자,16,False,- · 손잡이 없는 컵 · 상승일 거래량 1.2배 · 주가강도 35점,-
OLYMPUS CORPORATION,7733.T,JP,헬스케어,컵앤핸들,1981.0,2130.13,-7.0,39.1,28.2,5.0,,True,True,False,29.0,2026-08-19,1.75,3198.0,33.4,-38.1,10.4,False,58.0,43.1,29.4,V자,17,False,의료기기 중형주 · 시총 2.1조엔 · ROE 11% · 주가강도 58점,의료기기
TSE9503,9503.T,JP,미분류,컵앤핸들,2631.5,2612.61,0.72,20.7,19.0,3.3,,True,True,False,21.0,2026-08-31,3.19,3920.0,33.4,-32.9,13.8,False,51.0,55.3,34.7,급등,3,False,- · 주가강도 51점,-
"Elevance Health, Inc. Common Stock",ELV,US,미분류,컵앤핸들,388.82,377.23,3.07,28.2,14.2,3.1,,True,True,False,99.0,2026-05-08,0.65,567.26,33.5,-31.5,10.9,False,48.0,59.3,57.4,U자,17,False,- · 주가강도 48점,-
JAPAN AIRPORT TERMINAL CO,9706.T,JP,산업재,컵앤핸들,5377.0,5530.52,-2.78,22.2,12.2,6.0,,True,True,False,45.0,2026-07-27,1.21,8320.0,33.5,-35.4,10.5,False,49.0,71.3,65.8,U자,17,False,"공항·항공서비스 중형주 · 시총 5,082억엔 · ROE 19% · 주가강도 49점",공항·항공서비스
Nutrien Ltd. Common Shares,NTR,US,소재,손잡이없음,70.25,77.82,-9.72,23.2,9.4,0.0,2.13,True,True,False,19.0,2026-09-02,1.08,117.25,33.6,-40.1,17.7,False,45.0,45.3,0.0,V자,17,False,농업 자재 중형주 · 시총 376억달러 · ROE 9% · 손잡이 없는 컵 · 상승일 거래량 2.1배 · 주가강도 45점,농업 자재
TSE6141,6141.T,JP,미분류,컵앤핸들,2863.5,3194.19,-10.35,42.7,9.4,6.7,,True,True,False,308.0,2025-06-26,1.0,4810.0,33.6,-40.5,28.1,False,22.0,54.1,33.4,V자,17,False,- · 주가강도 22점,-
科森科技,603626.SS,CN,미분류,손잡이형성중,24.22,24.1,0.48,55.8,21.8,9.2,,True,True,False,0.0,2026-09-30,1.33,36.42,33.8,-33.5,17.1,False,78.0,42.0,18.4,V자,16,False,- · 주가강도 78점,-
SSR Mining Inc. - Common Stock,SSRM,US,소재,손잡이형성중,33.32,31.81,4.74,28.6,7.0,5.0,,True,True,False,35.0,2026-08-11,0.62,48.16,33.9,-30.8,15.5,False,68.0,48.5,19.2,급등,16,False,금 중형주 · 시총 75억달러 · ROE 14% · 주가강도 68점,금
SFA,056190.KQ,KR,미분류,손잡이없음,31400.0,33733.7,-6.92,50.0,17.4,0.0,2.82,True,False,False,,,,51100.0,34.0,-38.6,14.0,False,76.0,64.5,71.1,U자,11,False,- · 손잡이 없는 컵 · 상승일 거래량 2.8배 · 주가강도 76점,-
"Crocs, Inc. - Common Stock",CROX,US,미분류,컵앤핸들,117.31,121.38,-3.35,16.2,5.2,5.5,,True,True,False,81.0,2026-06-04,1.06,183.88,34.0,-36.2,17.0,False,65.0,49.1,24.0,V자,17,False,- · 주가강도 65점,-
"Dollar Tree, Inc. - Common Stock",DLTR,US,필수소비재,컵앤핸들,114.02,117.0,-2.54,22.1,5.4,10.0,,True,True,False,68.0,2026-06-24,0.69,177.19,34.0,-35.7,19.9,False,29.0,50.8,14.7,급등,17,False,할인점 중형주 · 시총 222억달러 · ROE 46% · 주가강도 29점,할인점
Reynolds Consumer Products Inc. - Comm,REYN,US,미분류,컵앤핸들,21.62,23.73,-8.91,19.4,17.6,2.4,,True,True,False,71.0,2026-06-18,1.32,36.0,34.1,-39.9,20.9,False,8.0,40.7,4.2,들쭉날쭉,16,False,- · 주가강도 8점,-
COSCO SHIP ENGY,1138.HK,HK,에너지,컵앤핸들,18.29,19.33,-5.38,45.6,17.0,7.7,,True,True,False,7.0,2026-09-21,1.58,29.35,34.1,-37.7,18.3,False,85.0,57.8,55.0,덜회복,17,False,"석유·가스 수송 대형주 · 시총 1,008억HKD · ROE 16% · 주가강도 상위 15%",석유·가스 수송
GF SEC,1776.HK,HK,미분류,손잡이형성중,17.01,17.75,-4.16,22.7,7.4,7.1,,True,True,False,106.0,2026-04-29,1.42,26.95,34.1,-36.9,20.5,False,23.0,71.6,67.7,덜회복,16,False,- · 주가강도 23점,-
CTS Corporation Common Stock,CTS,US,기술·IT,컵앤핸들,58.69,56.46,3.96,23.7,8.6,4.4,,True,True,False,109.0,2026-04-24,1.28,86.25,34.5,-32.0,15.6,False,64.0,55.2,34.5,V자,17,False,전자부품 소형주 · 시총 16억달러 · ROE 12% · 주가강도 64점,전자부품
TSE6071,6071.T,JP,미분류,손잡이없음,885.0,901.9,-1.87,26.9,24.0,0.0,1.35,True,True,False,31.0,2026-08-17,12.06,1379.0,34.6,-35.8,9.3,False,56.0,52.2,12.5,V자,16,False,- · 손잡이 없는 컵 · 상승일 거래량 1.4배 · 주가강도 56점,-
UGI Corporation Common Stock,UGI,US,미분류,손잡이없음,35.67,38.5,-7.35,17.7,5.0,0.0,1.64,True,True,False,29.0,2026-08-19,2.75,59.31,35.1,-39.9,13.7,False,30.0,40.4,0.0,V자,16,False,- · 손잡이 없는 컵 · 상승일 거래량 1.6배 · 주가강도 30점,-
BEKE-W,2423.HK,HK,미분류,손잡이형성중,44.6,47.73,-6.55,32.7,27.4,4.7,,True,True,False,25.0,2026-08-26,1.5,73.5,35.1,-39.3,15.7,False,41.0,41.8,28.4,들쭉날쭉,16,False,- · 주가강도 41점,-
TSE8876,8876.T,JP,미분류,컵앤핸들,2276.0,2188.69,3.99,11.1,4.4,4.0,,True,True,False,25.0,2026-08-25,0.64,3385.0,35.3,-32.8,2.6,False,65.0,36.1,16.8,급등,16,False,- · 주가강도 65점,-
"Transcat, Inc. - Common Stock",TRNS,US,미분류,컵앤핸들,88.42,94.85,-6.78,22.7,6.4,16.5,,True,True,False,35.0,2026-08-11,0.72,147.12,35.5,-39.9,11.6,False,62.0,45.8,35.0,V자,16,False,- · 주가강도 62점,-
TSE6460,6460.T,JP,미분류,컵앤핸들,3319.0,3214.21,3.26,40.4,50.8,3.9,,True,True,False,11.0,2026-09-14,1.69,4980.0,35.5,-33.4,3.0,False,80.0,46.8,56.9,덜회복,16,False,- · 주가강도 상위 20%,-
TSE2516,2516.T,JP,미분류,손잡이없음,638.8,675.68,-5.46,22.3,11.0,0.0,1.17,True,False,False,,,,1049.0,35.6,-39.1,5.4,False,56.0,45.4,15.9,급등,16,False,- · 손잡이 없는 컵 · 상승일 거래량 1.2배 · 주가강도 56점,-
依顿电子,603328.SS,CN,미분류,손잡이없음,13.83,15.47,-10.57,48.0,12.4,0.0,1.29,True,False,False,,,,24.04,35.6,-42.5,10.5,False,63.0,32.7,8.8,V자,16,False,- · 손잡이 없는 컵 · 상승일 거래량 1.3배 · 주가강도 63점,-
World Acceptance Corporation - Common ,WRLD,US,미분류,손잡이형성중,170.78,170.82,-0.02,40.7,33.0,9.1,,True,True,False,77.0,2026-06-10,0.78,265.75,35.7,-35.7,25.0,False,30.0,37.9,12.6,들쭉날쭉,16,False,- · 주가강도 30점,-
"QuinStreet, Inc. - Common Stock",QNST,US,통신·미디어,컵앤핸들,15.01,16.86,-10.96,36.9,24.6,5.6,,True,True,False,56.0,2026-07-13,0.77,26.27,35.8,-42.9,32.7,False,35.0,37.2,8.9,급등,16,False,광고 소형주 · 시총 10억달러 · ROE 29% · 주가강도 35점,광고
Coca Cola Femsa S.A.B. de C.V.  Americ,KOF,US,미분류,손잡이없음,108.04,116.48,-7.24,20.5,7.4,0.0,1.18,True,True,False,25.0,2026-08-25,1.04,181.35,35.8,-40.4,7.7,False,49.0,39.0,0.0,V자,16,False,- · 손잡이 없는 컵 · 상승일 거래량 1.2배 · 주가강도 49점,-
"Porch Group, Inc. - Common Stock",PRCH,US,미분류,컵앤핸들,16.66,17.61,-5.38,67.3,46.2,4.7,,True,True,False,19.0,2026-09-02,0.69,27.5,36.0,-39.4,9.3,False,85.0,55.7,59.7,U자,15,False,- · 주가강도 상위 15%,-
"Regeneron Pharmaceuticals, Inc. - Comm",REGN,US,미분류,컵앤핸들,758.27,773.52,-1.97,24.3,16.8,3.3,,True,True,False,37.0,2026-08-07,0.85,1211.2,36.1,-37.4,11.8,False,52.0,40.4,0.0,V자,16,False,- · 주가강도 52점,-
Accelerant Holdings Class A Common Sha,ARX,US,미분류,컵앤핸들,19.73,19.92,-0.95,39.7,14.2,2.0,,True,False,False,,,,31.18,36.1,-36.7,0.9,True,81.0,46.2,29.0,V자,16,False,- · 주가강도 상위 19%,-
TSE9513,9513.T,JP,미분류,컵앤핸들,4044.0,4241.24,-4.65,21.2,20.4,4.5,,True,True,False,8.0,2026-09-17,0.64,6650.0,36.2,-39.2,10.4,False,61.0,58.7,35.7,덜회복,3,False,- · 주가강도 61점,-
TSE8624,8624.T,JP,미분류,손잡이없음,1640.0,1573.57,4.22,22.9,8.8,0.0,1.86,True,True,False,52.0,2026-07-15,2.16,2480.0,36.5,-33.9,8.7,False,81.0,61.0,15.9,급등,16,False,- · 손잡이 없는 컵 · 상승일 거래량 1.9배 · 주가강도 상위 19%,-
TSE7616,7616.T,JP,미분류,손잡이없음,2010.5,2044.04,-1.64,18.9,21.2,0.0,1.23,True,True,False,43.0,2026-07-29,2.68,3225.0,36.6,-37.7,7.3,False,49.0,44.4,0.0,V자,16,False,- · 손잡이 없는 컵 · 상승일 거래량 1.2배 · 주가강도 49점,-
"Varonis Systems, Inc. - Common Stock",VRNS,US,미분류,컵앤핸들,47.45,47.63,-0.37,61.6,53.8,8.1,,True,True,False,55.0,2026-07-14,1.55,75.33,36.8,-37.0,25.7,False,77.0,31.4,0.0,V자,16,False,- · 주가강도 77점,-
TSE6727,6727.T,JP,미분류,손잡이없음,866.0,949.95,-8.84,25.3,12.0,0.0,1.77,True,False,False,,,,1522.5,37.6,-43.1,8.7,False,51.0,49.3,18.3,급등,1,True,- · 손잡이 없는 컵 · 상승일 거래량 1.8배 · 주가강도 51점,-
롯데웰푸드,280360.KS,KR,미분류,손잡이없음,118900.0,129929.8,-8.49,30.7,12.2,0.0,2.03,True,True,False,36.0,2026-08-10,5.2,208500.0,37.7,-43.0,23.3,False,46.0,58.1,24.5,V자,16,False,- · 손잡이 없는 컵 · 상승일 거래량 2.0배 · 주가강도 46점,-
"Arcutis Biotherapeutics, Inc. - Common",ARQT,US,미분류,손잡이형성중,26.43,25.37,4.2,24.2,8.2,9.5,,True,True,False,74.0,2026-06-15,1.11,40.88,37.9,-35.3,16.8,False,48.0,47.3,1.1,V자,16,False,- · 주가강도 48점,-
"Tenable Holdings, Inc. - Common Stock",TENB,US,미분류,손잡이형성중,36.39,39.47,-7.8,17.6,4.0,7.0,,True,True,False,61.0,2026-07-06,1.53,63.61,38.0,-42.8,16.7,False,80.0,67.7,63.7,U자,16,False,- · 주가강도 상위 20%,-
"Chime Financial, Inc. - Class A Common",CHYM,US,미분류,손잡이없음,26.64,27.77,-4.06,42.8,25.8,0.0,2.05,True,True,False,38.0,2026-08-06,6.4,44.94,38.2,-40.7,25.1,True,72.0,60.6,40.4,들쭉날쭉,16,False,- · 손잡이 없는 컵 · 상승일 거래량 2.0배 · 주가강도 72점,-
Rogers Corporation Common Stock,ROG,US,미분류,손잡이없음,152.99,169.17,-9.56,32.2,14.0,0.0,2.14,True,False,False,,,,274.51,38.4,-44.3,9.5,False,83.0,51.6,15.0,급등,2,False,- · 손잡이 없는 컵 · 상승일 거래량 2.1배 · 주가강도 상위 17%,-
"Marten Transport, Ltd. - Common Stock",MRTN,US,미분류,손잡이형성중,12.92,14.36,-10.06,25.9,6.4,6.0,,True,True,False,114.0,2026-04-17,1.22,23.43,38.7,-44.9,30.1,False,19.0,51.3,35.0,V자,16,False,- · 주가강도 19점,-
Progress Software Corporation - Common,PRGS,US,미분류,컵앤핸들,39.97,43.28,-7.65,49.6,26.0,9.3,,True,True,False,36.0,2026-08-10,0.46,70.56,38.7,-43.4,15.6,False,48.0,57.6,37.4,U자,16,False,- · 주가강도 48점,-
Zebra Technologies Corporation - Class,ZBRA,US,미분류,손잡이형성중,373.31,377.08,-1.0,38.0,38.8,3.9,,True,True,False,36.0,2026-08-10,0.59,615.0,38.7,-39.3,3.3,False,85.0,36.1,21.4,들쭉날쭉,16,False,- · 주가강도 상위 15%,-
高新发展,000628.SZ,CN,미분류,컵앤핸들,54.09,58.03,-6.79,44.6,25.6,11.2,,True,True,False,7.0,2026-09-18,1.27,95.7,39.4,-43.5,20.6,False,49.0,34.9,0.0,들쭉날쭉,16,False,- · 주가강도 49점,-
"Magna International, Inc. Common Stock",MGA,US,미분류,컵앤핸들,63.67,63.08,0.93,26.4,9.0,3.2,,True,True,False,105.0,2026-04-30,2.06,104.28,39.5,-38.9,13.0,False,54.0,37.8,0.0,V자,16,False,- · 주가강도 54점,-
Takeda Pharmaceutical Company Limited ,TAK,US,미분류,손잡이없음,18.19,18.92,-3.85,21.5,12.6,0.0,1.26,True,True,False,9.0,2026-09-17,0.86,31.29,39.5,-41.9,4.8,False,49.0,38.1,0.0,V자,15,False,- · 손잡이 없는 컵 · 상승일 거래량 1.3배 · 주가강도 49점,-
TSE7593,7593.T,JP,미분류,손잡이형성중,516.0,525.52,-1.81,25.6,24.2,2.7,,True,True,False,30.0,2026-08-18,1.54,870.0,39.6,-40.7,10.3,False,43.0,47.9,32.8,V자,16,False,- · 주가강도 43점,-
TSE4180,4180.T,JP,미분류,손잡이형성중,1433.0,1534.53,-6.62,60.4,52.8,10.0,,True,True,False,9.0,2026-09-16,0.56,2559.0,40.0,-44.0,16.9,False,89.0,40.0,14.6,급등,12,False,- · 주가강도 상위 11%,-
Sotera Health Company - Common Stock,SHC,US,미분류,컵앤핸들,18.49,18.13,2.0,34.1,23.6,3.7,,True,True,False,58.0,2026-07-09,1.05,30.38,40.3,-39.1,6.9,False,49.0,37.5,24.5,V자,16,False,- · 주가강도 49점,-
中国平安,601318.SS,CN,미분류,컵앤핸들,53.29,56.44,-5.58,24.7,38.0,3.1,,True,True,False,20.0,2026-09-01,1.24,94.62,40.4,-43.7,28.8,False,21.0,29.4,0.0,들쭉날쭉,16,False,- · 주가강도 21점,-
新乡化纤,000949.SZ,CN,미분류,컵앤핸들,6.44,6.79,-5.11,31.1,6.4,8.3,,True,True,False,27.0,2026-08-21,1.21,11.4,40.4,-43.5,27.7,False,53.0,65.4,49.4,V자,16,False,- · 주가강도 53점,-
TSE4369,4369.T,JP,미분류,컵앤핸들,3250.0,3233.23,0.52,29.2,11.8,3.7,,True,True,False,105.0,2026-04-27,0.92,5430.0,40.5,-40.1,27.0,False,41.0,44.3,18.7,V자,12,False,- · 주가강도 41점,-
TSE4689,4689.T,JP,미분류,컵앤핸들,503.1,564.56,-10.89,36.1,52.8,9.4,,True,True,False,10.0,2026-09-15,0.95,950.0,40.6,-47.0,11.9,False,61.0,51.6,49.6,U자,16,False,- · 주가강도 61점,-
FactSet Research Systems Inc. Common S,FDS,US,미분류,컵앤핸들,269.95,295.88,-8.76,39.6,30.2,13.7,,True,True,False,29.0,2026-08-19,0.73,499.87,40.8,-46.0,15.8,False,37.0,34.9,13.3,들쭉날쭉,16,False,- · 주가강도 37점,-
"Century Communities, Inc. Common Stock",CCS,US,미분류,손잡이형성중,60.25,63.77,-5.53,28.1,8.0,6.4,,True,True,False,68.0,2026-06-24,1.46,108.42,41.2,-44.4,20.7,False,17.0,53.1,40.3,V자,16,False,- · 주가강도 17점,-
TSE5310,5310.T,JP,미분류,컵앤핸들,7730.0,7787.78,-0.74,14.8,5.4,5.5,,True,False,False,,,,13300.0,41.4,-41.9,14.0,False,82.0,53.5,36.3,U자,1,True,- · 주가강도 상위 18%,-
AT&T Inc.,T,US,미분류,컵앤핸들,24.4,26.47,-7.81,31.6,25.2,6.2,,True,True,False,12.0,2026-09-14,0.69,45.27,41.5,-46.1,17.1,False,32.0,43.9,15.1,V자,16,False,- · 주가강도 32점,-
엔에프씨,265740.KQ,KR,미분류,손잡이없음,7550.0,7647.64,-1.28,42.3,13.4,0.0,1.9,True,True,False,25.0,2026-08-26,3.44,13100.0,41.6,-42.4,23.4,False,80.0,70.9,64.7,덜회복,16,False,- · 손잡이 없는 컵 · 상승일 거래량 1.9배 · 주가강도 상위 20%,-
한화생명,088350.KS,KR,미분류,컵앤핸들,5270.0,5735.73,-8.12,36.2,12.2,11.0,,True,True,False,23.0,2026-08-28,2.06,9840.0,41.7,-46.4,30.3,False,78.0,54.8,30.5,급등,16,False,- · 주가강도 78점,-
"Highwoods Properties, Inc. Common Stoc",HIW,US,미분류,손잡이없음,29.02,32.79,-11.5,37.6,34.0,0.0,2.95,True,True,False,53.0,2026-07-16,0.68,56.23,41.7,-48.4,18.1,False,37.0,46.7,37.6,V자,16,False,- · 손잡이 없는 컵 · 상승일 거래량 3.0배 · 주가강도 37점,-
TSE2782,2782.T,JP,미분류,손잡이없음,4455.0,4309.3,3.38,24.2,9.4,0.0,1.44,True,True,False,25.0,2026-08-25,1.57,7390.0,41.7,-39.7,9.2,False,73.0,51.0,0.0,V자,16,False,- · 손잡이 없는 컵 · 상승일 거래량 1.4배 · 주가강도 73점,-
"ServiceNow, Inc. Common Stock",NOW,US,미분류,손잡이없음,134.01,139.34,-3.82,35.8,9.4,0.0,1.54,True,True,False,22.0,2026-08-28,1.31,239.62,41.8,-44.1,30.6,False,45.0,63.6,68.9,덜회복,16,False,- · 손잡이 없는 컵 · 상승일 거래량 1.5배 · 주가강도 45점,-
Quaker Houghton Common Stock,KWR,US,미분류,컵앤핸들,157.76,175.25,-9.98,38.7,23.0,13.2,,True,False,False,,,,301.99,42.0,-47.8,13.8,False,50.0,47.6,37.7,V자,16,False,- · 주가강도 50점,-
TSE4443,4443.T,JP,미분류,컵앤핸들,2074.0,2107.1,-1.57,55.0,53.6,11.7,,True,True,False,28.0,2026-08-20,1.16,3642.5,42.2,-43.1,11.9,False,79.0,35.3,18.6,V자,16,False,- · 주가강도 79점,-
TSE8237,8237.T,JP,미분류,컵앤핸들,2077.0,2252.25,-7.78,40.7,15.8,15.0,,True,True,False,28.0,2026-08-20,2.32,3900.0,42.2,-46.7,32.2,False,69.0,69.5,83.8,U자,15,False,- · 주가강도 69점,-
"Washington Trust Bancorp, Inc. - Commo",WASH,US,미분류,손잡이형성중,37.99,36.51,4.06,19.4,17.4,6.5,,True,True,False,66.0,2026-06-26,2.91,63.25,42.3,-39.9,6.3,False,60.0,45.9,12.1,급등,16,False,- · 주가강도 60점,-
글로벌텍스프리,204620.KQ,KR,미분류,컵앤핸들,5770.0,5705.7,1.13,28.2,4.4,16.5,,True,True,False,23.0,2026-08-28,5.14,10000.0,42.9,-42.3,20.2,False,56.0,45.3,41.8,V자,16,False,- · 주가강도 56점,-
利尔化学,002258.SZ,CN,미분류,손잡이없음,13.88,15.26,-9.01,22.7,7.2,0.0,1.39,True,True,False,43.0,2026-07-30,1.54,26.71,42.9,-48.0,23.1,False,36.0,57.7,16.8,급등,16,False,- · 손잡이 없는 컵 · 상승일 거래량 1.4배 · 주가강도 36점,-
"U.S. Physical Therapy, Inc. Common Sto",USPH,US,미분류,컵앤핸들,85.73,84.57,1.37,37.8,44.8,3.7,,True,True,False,3.0,2026-09-25,0.6,148.48,43.0,-42.3,8.3,False,51.0,21.0,0.2,들쭉날쭉,16,False,- · 주가강도 51점,-
UnitedHealth Group Incorporated Common,UNH,US,미분류,컵앤핸들,367.08,358.92,2.27,28.5,12.2,2.7,,True,True,False,107.0,2026-04-28,1.2,630.73,43.1,-41.8,20.5,False,38.0,53.6,39.4,U자,16,False,- · 주가강도 38점,-
三羊马,001317.SZ,CN,미분류,손잡이없음,61.85,61.86,-0.02,38.9,6.8,0.0,1.34,True,True,False,5.0,2026-09-22,1.3,108.63,43.1,-43.1,13.7,False,69.0,48.4,38.4,V자,16,False,- · 손잡이 없는 컵 · 상승일 거래량 1.3배 · 주가강도 69점,-
TSE7130,7130.T,JP,미분류,컵앤핸들,2672.0,2615.61,2.16,16.0,10.2,3.7,,True,True,False,283.0,2025-08-01,0.89,4605.0,43.2,-42.0,17.1,False,19.0,57.6,38.9,급등,5,False,- · 주가강도 19점,-
"Venture Global, Inc. Class A common st",VG,US,미분류,손잡이형성중,12.64,13.56,-6.81,31.4,7.4,6.6,,True,True,False,52.0,2026-07-17,1.39,24.0,43.5,-47.3,28.3,False,59.0,62.1,53.0,덜회복,16,False,- · 주가강도 59점,-
TSE3769,3769.T,JP,미분류,손잡이형성중,8516.0,9403.39,-9.44,33.7,27.2,3.8,,True,True,False,61.0,2026-07-02,0.9,16680.0,43.6,-48.9,18.5,False,21.0,26.8,0.0,V자,10,False,- · 주가강도 21점,-
华脉科技,603042.SS,CN,미분류,손잡이없음,16.66,17.52,-4.9,45.3,10.6,0.0,2.22,True,True,False,14.0,2026-09-09,0.45,31.12,43.7,-46.5,12.5,False,69.0,56.9,50.1,V자,3,False,- · 손잡이 없는 컵 · 상승일 거래량 2.2배 · 주가강도 69점,-
Trekor Metals Limited Common Shares,TGB,US,미분류,손잡이없음,8.91,8.92,-0.1,38.5,6.2,0.0,1.04,True,True,False,27.0,2026-08-21,1.41,15.88,43.8,-43.9,9.3,False,88.0,53.2,66.2,덜회복,16,False,- · 손잡이 없는 컵 · 상승일 거래량 1.0배 · 주가강도 상위 12%,-
TSE2897,2897.T,JP,미분류,손잡이형성중,2820.5,2930.43,-3.75,20.2,11.4,2.6,,True,True,False,58.0,2026-07-07,0.86,5225.0,43.9,-46.0,15.9,False,26.0,53.9,29.7,급등,16,False,- · 주가강도 26점,-
TSE6616,6616.T,JP,미분류,손잡이없음,2007.0,2221.22,-9.64,21.7,5.4,0.0,2.68,True,False,False,,,,3960.0,43.9,-49.3,32.9,False,46.0,45.8,0.0,들쭉날쭉,1,True,- · 손잡이 없는 컵 · 상승일 거래량 2.7배 · 주가강도 46점,-
LONKING,3339.HK,HK,미분류,손잡이없음,3.18,3.5,-9.23,28.0,9.6,0.0,1.53,True,True,False,23.0,2026-08-28,4.43,6.25,44.0,-49.1,12.2,False,46.0,59.9,31.2,급등,16,False,- · 손잡이 없는 컵 · 상승일 거래량 1.5배 · 주가강도 46점,-
Stevanato Group S.p.A. Ordinary Shares,STVN,US,미분류,컵앤핸들,20.98,20.29,3.4,41.4,24.8,7.5,,True,True,False,44.0,2026-07-29,1.44,36.3,44.1,-42.2,25.0,False,50.0,49.2,28.9,V자,16,False,- · 주가강도 50점,-
"Starling Oncology, Inc. - Common Stock",STLN,US,미분류,손잡이없음,6.32,7.06,-10.44,18.3,4.2,0.0,1.35,True,False,False,,,,12.66,44.2,-50.1,11.4,False,90.0,40.9,0.0,들쭉날쭉,16,False,- · 손잡이 없는 컵 · 상승일 거래량 1.4배 · 주가강도 상위 10% (최상위권),-
"Smith & Nephew SNATS, Inc. Common Stoc",SNN,US,미분류,컵앤핸들,26.96,29.06,-7.22,21.4,8.2,3.7,,True,True,False,343.0,2025-05-19,0.48,52.26,44.4,-48.4,28.1,False,4.0,37.8,0.0,V자,16,False,- · 주가강도 4점,-
TSE4704,4704.T,JP,미분류,손잡이형성중,6829.0,6702.7,1.88,23.2,14.8,4.3,,True,True,False,0.0,2026-10-02,0.31,12160.0,44.9,-43.8,20.9,False,45.0,36.4,0.0,들쭉날쭉,16,False,- · 주가강도 45점,-
ReNew Energy Global plc - Class A Shar,RNW,US,미분류,손잡이없음,6.84,7.7,-11.14,43.0,34.6,0.0,1.54,True,False,False,,,,14.08,45.3,-51.4,17.0,False,57.0,53.9,58.2,덜회복,16,False,- · 손잡이 없는 컵 · 상승일 거래량 1.5배 · 주가강도 57점,-
Terex Corporation Common Stock,TEX,US,미분류,손잡이형성중,52.6,53.04,-0.84,28.9,6.6,3.4,,True,True,False,197.0,2025-12-16,1.09,96.94,45.3,-45.7,29.6,False,8.0,55.8,52.6,덜회복,16,False,- · 주가강도 8점,-
TSE4481,4481.T,JP,미분류,손잡이형성중,3195.0,3398.39,-5.99,23.7,40.0,4.0,,True,True,False,21.0,2026-08-31,0.68,6240.0,45.5,-48.8,13.4,False,33.0,32.3,0.0,V자,16,False,- · 주가강도 33점,-
TSE7476,7476.T,JP,미분류,손잡이형성중,2467.5,2474.97,-0.3,24.7,32.4,2.5,,True,True,False,50.0,2026-07-17,0.81,4560.0,45.7,-45.9,6.9,False,40.0,34.8,0.0,V자,16,False,- · 주가강도 40점,-
Ball Corporation Common Stock,BALL,US,미분류,컵앤핸들,56.03,55.64,0.71,25.6,23.0,5.0,,True,True,False,178.0,2026-01-14,0.59,102.76,45.9,-45.5,18.0,False,22.0,58.6,47.5,덜회복,16,False,- · 주가강도 22점,-
TSE6905,6905.T,JP,미분류,손잡이형성중,1494.0,1519.52,-1.68,11.0,5.4,5.7,,True,False,False,,,,2810.0,45.9,-46.8,9.8,False,56.0,37.9,24.8,U자,5,False,- · 주가강도 56점,-
"Morningstar, Inc. - Common Stock",MORN,US,미분류,손잡이없음,190.04,197.12,-3.59,28.1,5.6,0.0,2.58,True,True,False,44.0,2026-07-29,2.26,365.0,46.0,-47.9,19.1,False,33.0,50.0,19.7,V자,16,False,- · 손잡이 없는 컵 · 상승일 거래량 2.6배 · 주가강도 33점,-
TSE5938,5938.T,JP,미분류,손잡이형성중,1680.0,1817.32,-7.56,19.1,22.2,1.7,,True,True,False,61.0,2026-07-02,1.16,3365.0,46.0,-50.1,13.5,False,15.0,48.3,24.7,V자,16,False,- · 주가강도 15점,-
TSE5027,5027.T,JP,미분류,컵앤핸들,834.0,856.86,-2.67,60.5,63.4,16.9,,True,False,False,,,,1587.0,46.0,-47.4,2.6,False,91.0,30.5,2.8,들쭉날쭉,16,False,- · 주가강도 상위 9% (최상위권),-
CDW Corporation - Common Stock,CDW,US,미분류,컵앤핸들,128.16,141.6,-9.49,32.4,5.4,13.0,,True,True,False,57.0,2026-07-10,0.51,263.37,46.2,-51.3,21.1,False,16.0,47.8,28.0,V자,16,False,- · 주가강도 16점,-
TSE7752,7752.T,JP,미분류,손잡이없음,1657.5,1587.09,4.44,18.6,7.4,0.0,1.56,True,True,False,45.0,2026-07-27,1.21,2950.0,46.2,-43.8,5.2,False,65.0,47.1,9.7,급등,16,False,- · 손잡이 없는 컵 · 상승일 거래량 1.6배 · 주가강도 65점,-
TSE3989,3989.T,JP,미분류,컵앤핸들,1546.0,1481.48,4.36,23.3,9.0,11.6,,True,True,False,31.0,2026-08-17,2.14,2753.0,46.2,-43.8,5.0,False,70.0,55.5,21.8,급등,12,False,- · 주가강도 70점,-
ICON plc - Ordinary Shares,ICLR,US,미분류,손잡이형성중,169.99,186.83,-9.01,67.4,27.6,19.2,,True,False,False,,,,347.72,46.3,-51.1,16.6,False,44.0,62.1,75.0,덜회복,15,False,- · 주가강도 44점,-
Immatics N.V. - Ordinary Shares,IMTX,US,미분류,손잡이없음,8.78,9.9,-11.31,18.5,4.4,0.0,9.0,True,False,False,,,,18.42,46.3,-52.3,29.3,False,11.0,45.0,0.0,V자,2,False,- · 손잡이 없는 컵 · 상승일 거래량 9.0배 · 주가강도 11점,-
"Veracyte, Inc. - Common Stock",VCYT,US,미분류,손잡이형성중,46.04,46.05,-0.01,41.9,24.4,6.4,,True,True,False,86.0,2026-05-28,1.02,86.03,46.5,-46.5,24.4,False,47.0,51.8,39.4,급등,16,False,- · 주가강도 47점,-
"DexCom, Inc. - Common Stock",DXCM,US,미분류,컵앤핸들,86.29,87.94,-1.87,39.9,50.8,6.6,,True,True,False,35.0,2026-08-11,1.13,164.86,46.7,-47.7,6.8,False,73.0,42.2,37.3,들쭉날쭉,16,False,- · 주가강도 73점,-
SK이노베이션,096770.KS,KR,미분류,손잡이형성중,147300.0,164864.7,-10.65,43.6,17.6,18.5,,True,False,False,,,,310181.78,46.8,-52.5,10.6,False,84.0,56.1,67.4,U자,16,False,- · 주가강도 상위 16%,-
明泰铝业,601677.SS,CN,미분류,손잡이형성중,16.17,18.1,-10.65,24.5,8.8,6.5,,True,True,False,111.0,2026-04-21,2.18,34.11,46.9,-52.6,19.1,False,45.0,41.5,0.0,V자,16,False,- · 주가강도 45점,-
금강철강,053260.KQ,KR,미분류,손잡이없음,7420.0,7307.3,1.54,44.5,6.6,0.0,7.07,True,True,False,15.0,2026-09-09,20.18,13800.0,47.0,-46.2,21.6,False,91.0,59.4,43.6,급등,16,False,- · 손잡이 없는 컵 · 상승일 거래량 7.1배 · 주가강도 상위 9% (최상위권),-
씨에스윈드,112610.KS,KR,미분류,손잡이없음,56100.0,56856.8,-1.33,39.3,9.8,0.0,1.94,True,False,False,,,,108000.0,47.4,-48.1,29.3,False,66.0,59.1,54.8,덜회복,16,False,- · 손잡이 없는 컵 · 상승일 거래량 1.9배 · 주가강도 66점,-
Walt Disney Company (The) Common Stock,DIS,US,미분류,손잡이형성중,104.9,106.3,-1.31,30.7,9.4,2.2,,True,True,False,348.0,2025-05-12,1.55,203.02,47.6,-48.3,10.4,False,29.0,34.7,0.0,V자,16,False,- · 주가강도 29점,-
TSE5851,5851.T,JP,미분류,손잡이형성중,2704.0,2852.85,-5.22,15.0,6.6,5.0,,True,True,False,32.0,2026-08-14,1.33,5480.0,47.9,-50.7,11.8,False,36.0,57.4,43.0,급등,1,True,- · 주가강도 36점,-
OOIL,0316.HK,HK,미분류,컵앤핸들,143.6,148.15,-3.07,20.8,7.8,3.0,,True,True,False,47.0,2026-07-27,0.73,284.8,48.0,-49.6,19.7,False,49.0,50.3,32.1,V자,16,False,- · 주가강도 49점,-
风语筑,603466.SS,CN,미분류,손잡이없음,11.88,12.8,-7.21,27.9,4.4,0.0,1.62,True,True,False,33.0,2026-08-13,2.26,24.67,48.1,-51.8,16.3,False,59.0,43.2,10.3,V자,16,False,- · 손잡이 없는 컵 · 상승일 거래량 1.6배 · 주가강도 59점,-
潞安环能,601699.SS,CN,미분류,손잡이형성중,15.09,14.72,2.48,27.3,14.0,4.4,,True,True,False,147.0,2026-02-27,1.27,28.58,48.5,-47.2,23.6,False,48.0,67.1,73.2,덜회복,16,False,- · 주가강도 48점,-
中国神华,601088.SS,CN,미분류,손잡이없음,47.8,48.75,-1.95,20.5,10.0,0.0,1.64,True,True,False,21.0,2026-08-31,1.08,94.88,48.6,-49.6,6.6,False,57.0,39.7,0.0,V자,16,False,- · 손잡이 없는 컵 · 상승일 거래량 1.6배 · 주가강도 57점,-
中粮糖业,600737.SS,CN,미분류,손잡이없음,14.66,16.62,-11.77,40.7,13.4,0.0,1.68,True,True,False,15.0,2026-09-08,1.57,32.6,49.0,-55.0,27.8,False,38.0,45.7,20.1,V자,16,False,- · 손잡이 없는 컵 · 상승일 거래량 1.7배 · 주가강도 38점,-
TSE6036,6036.T,JP,미분류,손잡이형성중,3365.0,3653.65,-7.9,35.8,42.0,4.9,,True,True,False,9.0,2026-09-16,1.13,7190.0,49.2,-53.2,12.9,False,46.0,23.2,0.0,V자,16,False,- · 주가강도 46점,-
Elastic N.V. Ordinary Shares,ESTC,US,미분류,손잡이없음,91.7,96.17,-4.64,56.2,37.4,0.0,1.49,True,True,False,22.0,2026-08-28,4.87,189.84,49.3,-51.7,15.1,False,85.0,46.6,26.5,급등,16,False,- · 손잡이 없는 컵 · 상승일 거래량 1.5배 · 주가강도 상위 15%,-
西部矿业,601168.SS,CN,미분류,손잡이형성중,35.35,34.69,1.89,24.9,9.0,9.7,,True,True,False,49.0,2026-07-22,2.2,68.5,49.4,-48.4,18.3,False,82.0,51.8,19.1,V자,16,False,- · 주가강도 상위 18%,-
"PROG Holdings, Inc. Common Stock",PRG,US,미분류,컵앤핸들,30.92,33.48,-7.66,29.7,17.2,5.0,,True,True,False,164.0,2026-02-04,0.7,66.71,49.8,-53.6,35.2,False,9.0,50.8,30.7,V자,16,False,- · 주가강도 9점,-
TSE9064,9064.T,JP,미분류,컵앤핸들,1977.0,2005.0,-1.4,20.1,57.2,3.6,,True,True,False,49.0,2026-07-21,1.16,4050.0,50.5,-51.2,19.1,False,29.0,29.7,0.0,들쭉날쭉,16,False,- · 주가강도 29점,-
Payoneer Global Inc. - Common Stock,PAYO,US,미분류,컵앤핸들,7.14,7.17,-0.38,37.6,20.2,1.7,,True,True,False,42.0,2026-07-31,0.88,14.5,50.6,-50.8,0.7,False,62.0,51.5,53.5,U자,16,False,- · 주가강도 62점,-
"Arhaus, Inc. - Class A Common Stock",ARHS,US,미분류,손잡이형성중,9.47,9.77,-3.05,31.3,5.2,4.1,,True,False,False,,,,19.81,50.7,-52.2,21.6,False,43.0,45.0,35.0,V자,16,False,- · 주가강도 43점,-
Perdoceo Education Corporation - Commo,PRDO,US,미분류,손잡이형성중,30.94,34.93,-11.44,29.9,21.0,5.7,,True,True,False,139.0,2026-03-12,1.08,70.91,50.7,-56.4,19.6,False,9.0,51.0,28.4,V자,16,False,- · 주가강도 9점,-
"Vaxcyte, Inc. - Common Stock",PCVX,US,미분류,컵앤핸들,56.9,59.55,-4.46,28.4,10.0,6.9,,True,True,False,60.0,2026-07-07,0.87,121.06,50.8,-53.0,12.5,False,56.0,58.3,42.6,V자,16,False,- · 주가강도 56점,-
TSE5253,5253.T,JP,미분류,컵앤핸들,1499.0,1678.68,-10.7,37.7,6.6,8.6,,True,True,False,53.0,2026-07-14,0.73,3420.0,50.9,-56.2,25.9,False,34.0,40.0,25.3,V자,1,True,- · 주가강도 34점,-
Ellington Financial Inc. Common Stock ,EFC,US,미분류,컵앤핸들,11.83,13.23,-10.6,20.1,12.2,2.4,,True,True,False,108.0,2026-04-27,0.84,26.99,51.0,-56.2,16.2,False,10.0,55.7,31.3,V자,16,False,- · 주가강도 10점,-
"SI-BONE, Inc. - Common Stock",SIBN,US,미분류,컵앤핸들,18.8,18.15,3.59,42.7,31.4,10.3,,True,True,False,44.0,2026-07-29,1.06,37.21,51.2,-49.5,14.1,False,60.0,37.9,9.7,V자,16,False,- · 주가강도 60점,-
Dollar General Corporation Common Stoc,DG,US,미분류,손잡이없음,119.58,127.39,-6.13,21.8,6.0,0.0,1.24,True,True,False,44.0,2026-07-29,0.54,262.21,51.4,-54.4,24.4,False,32.0,34.7,0.0,V자,16,False,- · 손잡이 없는 컵 · 상승일 거래량 1.2배 · 주가강도 32점,-
TSE6005,6005.T,JP,미분류,손잡이형성중,2993.5,3088.08,-3.06,8.6,4.2,1.5,,True,True,False,226.0,2025-10-27,0.68,6350.0,51.4,-52.9,16.2,False,24.0,30.7,19.6,V자,16,False,- · 주가강도 24점,-
Sagimet Biosciences Inc. - Series A Co,SGMT,US,미분류,손잡이형성중,9.88,10.02,-1.4,33.4,14.6,8.6,,True,True,False,32.0,2026-08-14,2.18,20.71,51.6,-52.3,13.7,False,88.0,50.2,19.0,급등,16,False,- · 주가강도 상위 12%,-
KeyCorp Common Stock,KEY,US,미분류,컵앤핸들,20.07,21.72,-7.6,19.8,8.2,2.4,,True,True,False,114.0,2026-04-17,1.09,44.88,51.6,-55.3,16.6,False,18.0,53.5,31.3,V자,16,False,- · 주가강도 18점,-
中远海能,600026.SS,CN,미분류,손잡이형성중,20.56,21.2,-3.02,38.4,10.4,7.1,,True,True,False,14.0,2026-09-09,1.54,44.0,51.8,-53.3,24.3,False,78.0,64.2,70.6,덜회복,16,False,- · 주가강도 78점,-
百花医药,600721.SS,CN,미분류,손잡이없음,13.11,12.61,3.94,50.4,29.6,0.0,2.27,True,True,False,35.0,2026-08-11,3.24,26.18,51.8,-49.9,21.4,False,87.0,53.0,23.0,급등,16,False,- · 손잡이 없는 컵 · 상승일 거래량 2.3배 · 주가강도 상위 13%,-
Aurinia Pharmaceuticals Inc - Common S,AUPH,US,미분류,컵앤핸들,16.19,16.34,-0.87,9.4,4.2,4.7,,True,True,False,111.0,2026-04-22,1.15,33.97,51.9,-52.3,15.9,False,52.0,36.8,26.5,U자,16,False,- · 주가강도 52점,-
"Gap, Inc. (The) Common Stock",GAP,US,미분류,손잡이없음,22.84,25.83,-11.56,23.1,4.0,0.0,2.11,True,False,False,,,,53.75,51.9,-57.5,22.2,False,38.0,69.6,64.4,U자,16,False,- · 손잡이 없는 컵 · 상승일 거래량 2.1배 · 주가강도 38점,-
"Mohawk Industries, Inc. Common Stock",MHK,US,미분류,컵앤핸들,124.72,138.01,-9.63,33.2,23.6,4.4,,True,True,False,33.0,2026-08-13,1.27,286.85,51.9,-56.5,11.1,False,46.0,47.4,45.0,U자,16,False,- · 주가강도 46점,-
Stepan Company Common Stock,SCL,US,미분류,컵앤핸들,62.38,66.82,-6.64,35.1,23.0,10.2,,True,False,False,,,,139.3,52.0,-55.2,8.3,False,66.0,64.7,62.8,U자,16,False,- · 주가강도 66점,-
农发种业,600313.SS,CN,미분류,손잡이없음,6.73,7.55,-10.83,33.7,13.6,0.0,1.62,True,True,False,20.0,2026-09-01,1.82,15.87,52.4,-57.6,31.3,False,44.0,53.4,36.0,급등,16,False,- · 손잡이 없는 컵 · 상승일 거래량 1.6배 · 주가강도 44점,-
天洋新材,603330.SS,CN,미분류,손잡이없음,9.16,9.31,-1.6,40.8,5.8,0.0,2.98,True,True,False,33.0,2026-08-13,1.75,19.55,52.4,-53.1,29.2,False,59.0,56.0,48.5,V자,16,False,- · 손잡이 없는 컵 · 상승일 거래량 3.0배 · 주가강도 59점,-
"Nurix Therapeutics, Inc. - Common stoc",NRIX,US,미분류,컵앤핸들,23.71,24.9,-4.8,37.7,27.8,14.7,,True,True,False,39.0,2026-08-05,0.6,52.38,52.5,-54.7,16.0,False,85.0,44.3,13.3,급등,16,False,- · 주가강도 상위 15%,-
"Green Brick Partners, Inc. Common Stoc",GRBK,US,미분류,손잡이형성중,66.11,74.17,-10.87,24.7,16.6,3.8,,True,True,False,71.0,2026-06-18,2.18,156.27,52.5,-57.7,20.5,False,13.0,44.9,8.8,V자,16,False,- · 주가강도 13점,-
TSE3923,3923.T,JP,미분류,컵앤핸들,1017.5,1134.63,-10.32,40.0,55.2,10.6,,True,True,False,32.0,2026-08-14,1.75,2387.5,52.5,-57.4,27.1,False,42.0,33.9,9.0,들쭉날쭉,12,False,- · 주가강도 42점,-
共进股份,603118.SS,CN,미분류,손잡이없음,15.72,17.72,-11.28,39.5,9.2,0.0,1.52,True,True,False,31.0,2026-08-17,1.23,37.32,52.5,-57.9,23.6,False,72.0,36.2,0.4,급등,16,False,- · 손잡이 없는 컵 · 상승일 거래량 1.5배 · 주가강도 72점,-
Utz Brands Inc Class A Common Stock ,UTZ,US,미분류,컵앤핸들,14.25,14.2,0.32,40.0,23.4,1.1,,True,True,False,26.0,2026-08-24,1.31,30.09,52.8,-52.6,0.6,False,89.0,39.1,24.3,급등,16,False,- · 주가강도 상위 11%,-
TSE7731,7731.T,JP,미분류,손잡이없음,1937.5,2091.59,-7.37,20.5,5.4,0.0,5.29,True,False,False,,,,4430.0,52.8,-56.3,18.9,False,26.0,42.9,0.0,V자,8,False,- · 손잡이 없는 컵 · 상승일 거래량 5.3배 · 주가강도 26점,-
Molina Healthcare Inc Common Stock,MOH,US,미분류,컵앤핸들,189.1,198.62,-4.79,40.4,13.0,13.0,,True,True,False,78.0,2026-06-09,1.08,423.92,53.1,-55.4,22.8,False,34.0,45.8,11.0,급등,16,False,- · 주가강도 34점,-
네이처셀,007390.KQ,KR,미분류,손잡이없음,24950.0,28278.25,-11.77,27.3,6.2,0.0,1.35,True,False,False,,,,60369.66,53.2,-58.7,32.5,False,64.0,45.6,17.0,급등,16,False,- · 손잡이 없는 컵 · 상승일 거래량 1.4배 · 주가강도 64점,-
"Pfizer, Inc. Common Stock",PFE,US,미분류,손잡이없음,28.52,28.78,-0.9,17.8,14.2,0.0,1.59,True,True,False,19.0,2026-09-02,0.92,61.71,53.4,-53.8,2.4,False,52.0,39.5,0.0,V자,16,False,- · 손잡이 없는 컵 · 상승일 거래량 1.6배 · 주가강도 52점,-
今世缘,603369.SS,CN,미분류,손잡이없음,28.09,31.66,-11.28,27.5,8.4,0.0,1.14,True,False,False,,,,67.98,53.4,-58.7,33.7,False,18.0,44.2,21.9,급등,16,False,- · 손잡이 없는 컵 · 상승일 거래량 1.1배 · 주가강도 18점,-
Zymeworks Inc. - Common Stock,ZYME,US,미분류,손잡이없음,26.49,27.44,-3.45,21.5,4.2,0.0,3.94,True,True,False,27.0,2026-08-21,1.49,59.03,53.5,-55.1,15.5,False,51.0,51.0,12.0,급등,16,False,- · 손잡이 없는 컵 · 상승일 거래량 3.9배 · 주가강도 51점,-
RUM Group Inc. - Class A Common Stock,RUM,US,미분류,손잡이형성중,7.56,8.56,-11.67,36.8,13.2,13.9,,True,True,False,27.0,2026-08-21,1.2,18.52,53.8,-59.2,28.6,False,69.0,36.0,0.0,V자,16,False,- · 주가강도 69점,-
SLB Limited Common Shares,SLB,US,미분류,컵앤핸들,48.72,54.85,-11.18,17.0,4.0,10.9,,True,True,False,109.0,2026-04-24,1.27,118.76,53.8,-59.0,19.4,False,58.0,54.9,24.8,V자,16,False,- · 주가강도 58점,-
TSE9166,9166.T,JP,미분류,손잡이없음,643.0,724.72,-11.28,37.2,11.0,0.0,1.38,True,True,False,32.0,2026-08-14,1.33,1570.0,53.8,-59.0,33.8,False,27.0,30.7,0.0,V자,2,False,- · 손잡이 없는 컵 · 상승일 거래량 1.4배 · 주가강도 27점,-
牧原股份,002714.SZ,CN,미분류,손잡이형성중,42.45,42.82,-0.87,31.8,18.8,2.5,,True,True,False,17.0,2026-09-04,1.2,93.57,54.2,-54.6,27.9,False,25.0,44.4,27.6,V자,16,False,- · 주가강도 25점,-
"BXP, Inc. Common Stock",BXP,US,미분류,컵앤핸들,61.11,67.51,-9.48,32.0,26.8,6.6,,True,True,False,63.0,2026-07-01,0.91,147.83,54.3,-58.7,20.0,False,15.0,47.0,28.4,V자,16,False,- · 주가강도 15점,-
DNOW Inc. Common Stock,DNOW,US,미분류,컵앤핸들,15.5,17.22,-9.97,36.6,24.6,11.1,,True,False,False,,,,37.65,54.3,-58.8,10.2,False,63.0,61.8,54.1,U자,16,False,- · 주가강도 63점,-
Lincoln National Corporation Common St,LNC,US,미분류,손잡이형성중,40.26,39.47,2.0,25.3,21.0,2.7,,True,True,False,58.0,2026-07-09,1.09,86.68,54.5,-53.6,15.5,False,37.0,41.6,9.6,V자,16,False,- · 주가강도 37점,-
"Talos Energy, Inc. Common Stock",TALO,US,미분류,손잡이없음,16.33,17.07,-4.32,24.7,8.4,0.0,0.99,True,True,False,29.0,2026-08-19,0.94,37.64,54.6,-56.6,12.8,False,77.0,54.0,31.6,V자,16,False,- · 손잡이 없는 컵 · 상승일 거래량 1.0배 · 주가강도 77점,-
"Skyworks Solutions, Inc. - Common Stoc",SWKS,US,미분류,손잡이형성중,85.48,92.39,-7.48,34.9,14.8,14.4,,True,False,False,,,,204.0,54.7,-58.1,7.9,False,80.0,42.9,25.1,V자,2,False,- · 주가강도 상위 20%,-
"CVR Partners, LP Common Units represen",UAN,US,미분류,손잡이없음,123.78,139.4,-11.2,23.2,11.4,0.0,1.65,True,False,False,,,,310.0,55.0,-60.1,11.3,False,58.0,44.9,0.0,V자,11,False,- · 손잡이 없는 컵 · 상승일 거래량 1.6배 · 주가강도 58점,-
"T. Rowe Price Group, Inc. - Common Sto",TROW,US,미분류,손잡이형성중,104.05,100.91,3.11,22.1,14.0,2.1,,True,True,False,108.0,2026-04-27,0.83,224.56,55.1,-53.7,14.7,False,25.0,38.5,0.1,V자,16,False,- · 주가강도 25점,-
"Apogee Enterprises, Inc. - Common Stoc",APOG,US,미분류,손잡이형성중,35.37,39.4,-10.23,17.1,4.8,6.5,,True,True,False,78.0,2026-06-09,1.25,87.93,55.2,-59.8,30.5,False,11.0,45.6,26.0,V자,16,False,- · 주가강도 11점,-
TSE3101,3101.T,JP,미분류,손잡이없음,1659.0,1841.84,-9.93,21.9,4.0,0.0,1.0,True,False,False,,,,4140.0,55.5,-59.9,14.7,False,68.0,34.2,0.0,V자,16,False,- · 손잡이 없는 컵 · 상승일 거래량 1.0배 · 주가강도 68점,-
永安药业,002365.SZ,CN,미분류,손잡이없음,13.48,14.25,-5.43,31.0,9.4,0.0,0.96,True,True,False,30.0,2026-08-18,1.13,32.14,55.7,-58.1,32.3,False,32.0,50.8,38.5,급등,16,False,- · 손잡이 없는 컵 · 상승일 거래량 1.0배 · 주가강도 32점,-
荣盛石化,002493.SZ,CN,미분류,컵앤핸들,13.33,13.86,-3.85,25.6,13.4,10.6,,True,True,False,23.0,2026-08-27,0.92,31.25,55.7,-57.3,18.6,False,66.0,70.0,61.1,U자,16,False,- · 주가강도 66점,-
"Wolverine World Wide, Inc. Common Stoc",WWW,US,미분류,컵앤핸들,19.11,19.67,-2.85,34.6,20.0,7.3,,True,True,False,45.0,2026-07-28,1.01,44.74,56.0,-57.3,31.1,False,38.0,51.5,39.0,U자,11,False,- · 주가강도 38점,-
CHINA OVERSEAS,0688.HK,HK,미분류,손잡이없음,13.16,14.78,-10.99,20.4,4.8,0.0,1.66,True,False,False,,,,33.65,56.1,-60.9,21.2,False,38.0,40.0,0.0,V자,9,False,- · 손잡이 없는 컵 · 상승일 거래량 1.7배 · 주가강도 38점,-
"Affirm Holdings, Inc. - Class A Common",AFRM,US,미분류,컵앤핸들,69.23,77.18,-10.3,50.3,21.6,9.7,,True,True,False,68.0,2026-06-24,1.13,176.65,56.3,-60.8,23.5,False,29.0,53.5,30.5,V자,16,False,- · 주가강도 29점,-
BioMarin Pharmaceutical Inc. - Common ,BMRN,US,미분류,손잡이없음,60.0,66.35,-9.57,25.7,17.0,0.0,1.39,True,True,False,36.0,2026-08-10,2.49,151.75,56.3,-60.5,15.5,False,37.0,56.5,29.7,V자,16,False,- · 손잡이 없는 컵 · 상승일 거래량 1.4배 · 주가강도 37점,-
TSE7575,7575.T,JP,미분류,손잡이없음,1499.0,1646.64,-8.97,24.7,27.2,0.0,1.42,True,False,False,,,,3780.0,56.4,-60.3,8.9,False,42.0,41.5,0.0,V자,16,False,- · 손잡이 없는 컵 · 상승일 거래량 1.4배 · 주가강도 42점,-
"CEVA, Inc. - Common Stock",CEVA,US,미분류,손잡이형성중,35.33,36.51,-3.22,36.0,6.8,7.0,,True,False,False,,,,83.95,56.5,-57.9,31.5,False,75.0,59.9,67.2,U자,5,False,- · 주가강도 75점,-
한국가스공사,036460.KS,KR,미분류,손잡이형성중,35350.0,37387.35,-5.45,24.6,45.6,2.9,,True,True,False,22.0,2026-08-31,0.82,86119.36,56.6,-59.0,22.6,False,24.0,33.2,0.0,들쭉날쭉,16,False,- · 주가강도 24점,-
"Remitly Global, Inc. - Common stock",RELY,US,미분류,손잡이형성중,21.34,23.31,-8.46,29.0,6.6,4.0,,True,True,False,62.0,2026-07-02,0.59,53.65,56.6,-60.2,22.3,False,65.0,54.8,47.4,V자,16,False,- · 주가강도 65점,-
海正药业,600267.SS,CN,미분류,손잡이없음,11.75,12.25,-4.1,23.6,10.6,0.0,2.53,True,True,False,51.0,2026-07-20,4.13,28.31,56.7,-58.5,21.7,False,53.0,53.7,0.0,V자,16,False,- · 손잡이 없는 컵 · 상승일 거래량 2.5배 · 주가강도 53점,-
新赛股份,600540.SS,CN,미분류,손잡이없음,5.52,6.0,-7.94,49.2,15.2,0.0,2.63,True,True,False,20.0,2026-09-01,2.17,13.85,56.7,-60.1,26.2,False,77.0,60.8,45.5,급등,16,False,- · 손잡이 없는 컵 · 상승일 거래량 2.6배 · 주가강도 77점,-
Barclays PLC Common Stock,BCS,US,미분류,손잡이형성중,24.27,24.96,-2.78,28.4,16.0,3.3,,True,True,False,83.0,2026-06-02,0.76,57.77,56.8,-58.0,15.4,False,27.0,44.4,17.9,V자,16,False,- · 주가강도 27점,-
Fresenius Medical Care AG American Dep,FMS,US,미분류,손잡이형성중,22.38,25.04,-10.61,27.6,39.6,2.1,,True,True,False,43.0,2026-07-30,1.2,57.94,56.8,-61.4,19.0,False,16.0,30.3,4.0,들쭉날쭉,16,False,- · 주가강도 16점,-
Workiva Inc. Class A Common Stock,WK,US,미분류,손잡이형성중,66.57,74.71,-10.9,47.6,48.0,8.4,,True,True,False,29.0,2026-08-19,1.35,173.24,56.9,-61.6,31.4,False,37.0,31.4,0.0,V자,16,False,- · 주가강도 37점,-
Range Resources Corporation Common Sto,RRC,US,미분류,컵앤핸들,37.04,41.03,-9.73,26.5,6.6,9.7,,True,True,False,325.0,2025-06-13,1.51,95.41,57.0,-61.2,23.3,False,21.0,55.9,47.0,U자,16,False,- · 주가강도 21점,-
TSE8604,8604.T,JP,미분류,손잡이없음,1525.5,1482.98,2.87,22.7,6.6,0.0,1.24,True,True,False,59.0,2026-07-06,0.7,3510.0,57.7,-56.5,9.6,False,64.0,38.4,0.0,V자,16,False,- · 손잡이 없는 컵 · 상승일 거래량 1.2배 · 주가강도 64점,-
OneSpan Inc. - Common Stock,OSPN,US,미분류,손잡이형성중,17.91,18.5,-3.18,44.5,54.0,18.5,,True,False,False,,,,44.25,58.2,-59.5,3.1,False,77.0,34.7,28.1,V자,16,False,- · 주가강도 77점,-
吉鑫科技,601218.SS,CN,미분류,손잡이없음,6.08,6.9,-11.84,44.0,21.0,0.0,1.42,True,False,False,,,,16.52,58.2,-63.2,25.9,False,69.0,50.9,37.2,급등,3,False,- · 손잡이 없는 컵 · 상승일 거래량 1.4배 · 주가강도 69점,-
TSE4528,4528.T,JP,미분류,손잡이형성중,2308.0,2451.45,-5.85,9.7,4.8,2.2,,True,True,False,29.0,2026-08-19,1.01,5880.0,58.3,-60.7,13.7,False,39.0,23.0,0.0,들쭉날쭉,15,False,- · 주가강도 39점,-
Navient Corporation - Common Stock,NAVI,US,미분류,손잡이없음,9.07,9.85,-7.92,25.5,7.8,0.0,1.07,True,True,False,11.0,2026-09-15,1.19,23.8,58.6,-61.9,32.8,False,12.0,40.4,12.5,급등,16,False,- · 손잡이 없는 컵 · 상승일 거래량 1.1배 · 주가강도 12점,-
"Amphastar Pharmaceuticals, Inc. - Comm",AMPH,US,미분류,손잡이형성중,25.81,27.83,-7.25,43.5,32.0,7.3,,True,False,False,,,,67.66,58.9,-61.9,12.6,False,59.0,49.4,47.1,U자,3,False,- · 주가강도 59점,-
"Sonos, Inc. - Common Stock",SONO,US,미분류,손잡이형성중,17.89,18.26,-2.02,37.2,39.8,4.3,,True,False,False,,,,44.72,59.2,-60.0,9.7,False,66.0,47.8,48.3,들쭉날쭉,4,False,- · 주가강도 66점,-
"G-III Apparel Group, LTD. - Common Sto",GIII,US,미분류,컵앤핸들,27.12,30.03,-9.69,25.0,6.8,3.6,,True,True,False,114.0,2026-04-17,0.9,73.93,59.4,-63.3,27.8,False,10.0,49.0,16.9,V자,16,False,- · 주가강도 10점,-
"Healthcare Services Group, Inc. - Comm",HCSG,US,미분류,손잡이형성중,20.45,22.8,-10.32,20.4,7.6,2.5,,True,True,False,71.0,2026-06-18,2.46,56.2,59.4,-63.6,20.6,False,29.0,49.8,25.6,V자,16,False,- · 주가강도 29점,-
Navigator Holdings Ltd. Ordinary Share,NVGS,US,미분류,손잡이없음,23.18,24.38,-4.94,24.9,7.6,0.0,2.08,True,True,False,11.0,2026-09-15,2.14,60.0,59.4,-61.4,9.0,False,74.0,51.1,3.5,V자,16,False,- · 손잡이 없는 컵 · 상승일 거래량 2.1배 · 주가강도 74점,-
"SPS Commerce, Inc. - Common Stock",SPSC,US,미분류,컵앤핸들,82.44,88.17,-6.5,49.2,30.0,12.8,,True,False,False,,,,218.74,59.7,-62.3,28.2,False,63.0,53.4,49.6,U자,16,False,- · 주가강도 63점,-
TSE4523,4523.T,JP,미분류,컵앤핸들,4762.0,5137.13,-7.3,30.1,15.0,12.8,,True,False,False,,,,12765.0,59.8,-62.7,9.7,False,39.0,62.0,46.0,V자,16,False,- · 주가강도 39점,-
"MillerKnoll, Inc. - Common Stock",MLKN,US,미분류,컵앤핸들,19.66,20.48,-4.01,38.1,20.8,7.2,,True,True,False,166.0,2026-02-02,0.63,51.25,60.0,-61.6,20.4,False,43.0,52.2,45.3,V자,16,False,- · 주가강도 43점,-
우리금융지주,316140.KS,KR,금융,손잡이없음,33400.0,41541.5,-19.6,33.7,28.2,0.0,1.09,False,False,False,,,,41500.0,-0.1,-19.5,19.5,False,55.0,56.8,50.1,덜회복,16,False,금융 대형주 · 시총 26.4조원 · ROE 9% · 손잡이 없는 컵 · 상승일 거래량 1.1배 · 주가강도 55점,금융
메리츠금융지주,138040.KS,KR,미분류,손잡이없음,128000.0,149949.8,-14.64,34.6,26.2,0.0,1.63,False,False,False,,,,149800.0,-0.1,-14.6,14.6,False,56.0,41.4,0.0,급등,16,False,- · 손잡이 없는 컵 · 상승일 거래량 1.6배 · 주가강도 56점,-
iM금융지주,139130.KS,KR,미분류,손잡이없음,18440.0,22022.0,-16.27,31.5,26.0,0.0,1.37,False,False,False,,,,22000.0,-0.1,-16.2,16.2,False,55.0,46.9,0.0,들쭉날쭉,16,False,- · 손잡이 없는 컵 · 상승일 거래량 1.4배 · 주가강도 55점,-
Marriott International - Class A Commo,MAR,US,경기소비재,손잡이없음,355.67,411.39,-13.54,21.9,14.6,0.0,2.19,False,False,False,,,,410.98,-0.1,-13.5,13.5,False,47.0,51.0,0.0,V자,3,False,숙박 대형주 · 시총 857억달러 · 손잡이 없는 컵 · 상승일 거래량 2.2배 · 주가강도 47점,숙박
"Micron Technology, Inc. - Common Stock",MU,US,미분류,손잡이없음,1065.11,1256.25,-15.22,41.2,12.4,0.0,1.48,False,False,False,,,,1255.0,-0.1,-15.1,15.1,False,98.0,45.6,20.2,급등,9,False,- · 손잡이 없는 컵 · 상승일 거래량 1.5배 · 주가강도 상위 2% (최상위권),-
Nebius Group N.V. - Class A Ordinary S,NBIS,US,미분류,손잡이없음,235.88,300.16,-21.42,51.4,7.4,0.0,1.07,False,False,False,,,,299.86,-0.1,-21.3,21.3,False,95.0,45.3,23.1,급등,16,False,- · 손잡이 없는 컵 · 상승일 거래량 1.1배 · 주가강도 상위 5% (최상위권),-
"Steel Dynamics, Inc. - Common Stock",STLD,US,미분류,손잡이없음,221.61,289.03,-23.33,25.1,5.8,0.0,1.06,False,False,False,,,,288.74,-0.1,-23.2,23.2,False,67.0,66.5,65.7,덜회복,16,False,- · 손잡이 없는 컵 · 상승일 거래량 1.1배 · 주가강도 67점,-
Seagate Technology Holdings PLC - Ordi,STX,US,미분류,손잡이없음,922.34,1146.14,-19.53,39.0,8.0,0.0,1.52,False,False,False,,,,1145.0,-0.1,-19.4,19.4,False,97.0,53.8,35.2,급등,16,False,- · 손잡이 없는 컵 · 상승일 거래량 1.5배 · 주가강도 상위 3% (최상위권),-
Armstrong World Industries Inc Common ,AWI,US,산업재,손잡이없음,161.93,206.26,-21.49,27.1,22.8,0.0,1.33,False,False,False,,,,206.08,-0.1,-21.4,21.4,False,16.0,47.4,0.0,급등,16,False,건축자재·설비 중형주 · 시총 71억달러 · ROE 37% · 손잡이 없는 컵 · 상승일 거래량 1.3배 · 주가강도 16점,건축자재·설비
"Donaldson Company, Inc. Common Stock",DCI,US,미분류,손잡이없음,87.04,112.95,-22.94,29.4,23.8,0.0,1.23,False,False,False,,,,112.84,-0.1,-22.9,22.9,False,27.0,48.8,14.1,급등,16,False,- · 손잡이 없는 컵 · 상승일 거래량 1.2배 · 주가강도 27점,-
"Comfort Systems USA, Inc. Common Stock",FIX,US,미분류,손잡이없음,1654.09,2076.06,-20.33,28.1,12.8,0.0,1.09,False,False,False,,,,2073.99,-0.1,-20.2,20.2,False,80.0,36.0,0.0,들쭉날쭉,15,False,- · 손잡이 없는 컵 · 상승일 거래량 1.1배 · 주가강도 상위 20%,-
Franco-Nevada Corporation,FNV,US,소재,손잡이없음,238.11,285.96,-16.73,31.6,23.6,0.0,1.15,False,False,False,,,,285.67,-0.1,-16.6,16.6,False,42.0,41.6,0.0,들쭉날쭉,17,False,금 대형주 · 시총 510억달러 · ROE 20% · 손잡이 없는 컵 · 상승일 거래량 1.1배 · 주가강도 42점,금
Graco Inc. Common Stock,GGG,US,미분류,손잡이없음,76.84,95.79,-19.78,24.2,24.6,0.0,0.61,False,False,False,,,,95.69,-0.1,-19.7,19.7,False,18.0,53.3,22.3,급등,16,False,- · 손잡이 없는 컵 · 상승일 거래량 0.6배 · 주가강도 18점,-
ICICI Bank Limited Common Stock,IBN,US,미분류,손잡이없음,27.55,34.6,-20.39,27.5,52.0,0.0,0.94,False,False,False,,,,34.57,-0.1,-20.3,16.6,False,18.0,31.5,0.0,V자,16,False,- · 손잡이 없는 컵 · 상승일 거래량 0.9배 · 주가강도 18점,-
McKesson Corporation Common Stock,MCK,US,헬스케어,손잡이없음,853.81,1000.0,-14.62,27.6,20.2,0.0,0.85,False,False,False,,,,999.0,-0.1,-14.5,14.5,False,40.0,43.2,0.0,V자,16,False,"헬스케어 대형주 · 시총 1,034억달러 · 손잡이 없는 컵 · 상승일 거래량 0.8배 · 주가강도 40점",헬스케어
MSA Safety Incorporated Common Stock,MSA,US,미분류,손잡이없음,177.88,209.13,-14.94,25.4,23.2,0.0,1.41,False,False,False,,,,208.92,-0.1,-14.9,14.9,False,40.0,53.3,14.8,급등,16,False,- · 손잡이 없는 컵 · 상승일 거래량 1.4배 · 주가강도 40점,-
Onto Innovation Inc. Common Stock,ONTO,US,미분류,손잡이없음,307.82,386.85,-20.43,44.3,6.0,0.0,1.21,False,False,False,,,,386.46,-0.1,-20.3,20.3,False,89.0,42.0,30.8,V자,16,False,- · 손잡이 없는 컵 · 상승일 거래량 1.2배 · 주가강도 상위 11%,-
Oshkosh Corporation (Holding Company)C,OSK,US,미분류,손잡이없음,128.82,180.67,-28.7,35.3,22.8,0.0,1.17,False,False,False,,,,180.49,-0.1,-28.6,28.6,False,15.0,36.9,10.0,V자,16,False,- · 손잡이 없는 컵 · 상승일 거래량 1.2배 · 주가강도 15점,-
Teledyne Technologies Incorporated Com,TDY,US,미분류,손잡이없음,606.81,698.37,-13.11,15.4,6.0,0.0,2.66,False,False,False,,,,697.67,-0.1,-13.0,13.0,False,30.0,50.8,3.9,급등,10,False,- · 손잡이 없는 컵 · 상승일 거래량 2.7배 · 주가강도 30점,-
Unilever PLC American Depositary Share,UL,US,미분류,손잡이없음,60.73,75.05,-19.09,27.0,22.4,0.0,0.91,False,False,False,,,,74.98,-0.1,-19.0,19.0,False,22.0,45.8,12.6,급등,16,False,- · 손잡이 없는 컵 · 상승일 거래량 0.9배 · 주가강도 22점,-
Vista Energy S.A.B. de C.V. American D,VIST,US,에너지,손잡이없음,65.35,81.52,-19.84,26.5,12.0,0.0,1.17,False,False,False,,,,81.44,-0.1,-19.8,19.8,False,73.0,53.0,24.4,V자,16,False,석유·가스 개발 중형주 · 시총 82억달러 · ROE 30% · 손잡이 없는 컵 · 상승일 거래량 1.2배 · 주가강도 73점,석유·가스 개발
Victorias Secret & Co. Common Stock ,VSXY,US,미분류,손잡이없음,88.46,102.56,-13.75,30.0,6.8,0.0,2.46,False,False,False,,,,102.46,-0.1,-13.7,13.7,False,94.0,55.6,24.3,V자,4,False,- · 손잡이 없는 컵 · 상승일 거래량 2.5배 · 주가강도 상위 6% (최상위권),-
RONGZUN INT'L H,1780.HK,HK,미분류,손잡이없음,5.88,6.74,-12.79,37.5,6.0,0.0,3.94,False,False,False,,,,6.73,-0.1,-12.6,12.7,False,99.0,42.0,8.0,V자,2,False,- · 손잡이 없는 컵 · 상승일 거래량 3.9배 · 주가강도 상위 1% (최상위권),-
TSE1515,1515.T,JP,미분류,손잡이없음,3255.0,4539.54,-28.3,54.3,26.0,0.0,1.2,False,False,False,,,,4535.0,-0.1,-28.2,28.2,False,87.0,59.6,56.1,U자,16,False,- · 손잡이 없는 컵 · 상승일 거래량 1.2배 · 주가강도 상위 13%,-
COMSYS HOLDINGS CORP,1721.T,JP,산업재,손잡이없음,5471.0,6217.21,-12.0,18.2,12.4,0.0,1.53,False,False,False,,,,6211.0,-0.1,-11.9,11.9,False,58.0,51.0,0.0,들쭉날쭉,16,False,"건설·엔지니어링 중형주 · 시총 6,716억엔 · ROE 10% · 손잡이 없는 컵 · 상승일 거래량 1.5배 · 주가강도 58점",건설·엔지니어링
TOENEC CORP,1946.T,JP,산업재,손잡이없음,2147.0,2516.51,-14.68,22.5,16.2,0.0,1.52,False,False,False,,,,2514.0,-0.1,-14.6,14.6,False,53.0,51.4,2.7,급등,16,False,"건설·엔지니어링 소형주 · 시총 2,105억엔 · ROE 14% · 손잡이 없는 컵 · 상승일 거래량 1.5배 · 주가강도 53점",건설·엔지니어링
ALSOK CO LTD,2331.T,JP,산업재,손잡이없음,1164.5,1336.33,-12.86,21.6,14.6,0.0,1.29,False,False,False,,,,1335.0,-0.1,-12.8,12.8,False,32.0,56.2,29.4,급등,16,False,"보안 서비스 중형주 · 시총 5,979억엔 · 손잡이 없는 컵 · 상승일 거래량 1.3배 · 주가강도 32점",보안 서비스
YASHIMA DENKI CO LTD,3153.T,JP,산업재,손잡이없음,3120.0,3658.66,-14.72,27.7,29.4,0.0,1.2,False,False,False,,,,3655.0,-0.1,-14.6,14.6,False,55.0,44.8,4.0,급등,16,False,산업재 유통 소형주 · 시총 666억엔 · ROE 17% · 손잡이 없는 컵 · 상승일 거래량 1.2배 · 주가강도 55점,산업재 유통
TSE7504,7504.T,JP,미분류,손잡이없음,4480.0,5205.2,-13.93,18.8,4.4,0.0,1.0,False,False,False,,,,5200.0,-0.1,-13.8,13.8,False,84.0,43.8,0.0,V자,1,True,- · 손잡이 없는 컵 · 상승일 거래량 1.0배 · 주가강도 상위 16%,-
MAEDA KOSEN CO.LTD,7821.T,JP,소재,손잡이없음,1940.0,2243.24,-13.52,23.5,19.6,0.0,1.17,False,False,False,,,,2241.0,-0.1,-13.4,13.4,False,37.0,54.2,24.6,급등,16,False,"건축소재 소형주 · 시총 1,320억엔 · ROE 13% · 손잡이 없는 컵 · 상승일 거래량 1.2배 · 주가강도 37점",건축소재
MEITEC GROUP HOLDINGS INC,9744.T,JP,산업재,손잡이없음,3267.0,3721.72,-12.22,20.6,25.0,0.0,1.48,False,False,False,,,,3718.0,-0.1,-12.1,12.1,False,29.0,48.6,0.0,V자,16,False,"인력 서비스 소형주 · 시총 2,678억엔 · ROE 35% · 손잡이 없는 컵 · 상승일 거래량 1.5배 · 주가강도 29점",인력 서비스
TSE6486,6486.T,JP,미분류,손잡이없음,3005.0,3538.53,-15.08,22.8,25.4,0.0,1.41,False,False,False,,,,3535.0,-0.1,-15.0,15.0,False,40.0,51.0,0.0,급등,16,False,- · 손잡이 없는 컵 · 상승일 거래량 1.4배 · 주가강도 40점,-
ASTELLAS PHARMA,4503.T,JP,헬스케어,손잡이없음,2276.0,2719.72,-16.31,24.9,18.0,0.0,1.27,False,False,False,,,,2717.0,-0.1,-16.2,16.2,False,48.0,54.4,19.0,급등,16,False,헬스케어 중형주 · 시총 4.1조엔 · ROE 21% · 손잡이 없는 컵 · 상승일 거래량 1.3배 · 주가강도 48점,헬스케어
TSE4681,4681.T,JP,미분류,손잡이없음,1734.0,2076.07,-16.48,23.3,30.0,0.0,0.81,False,False,False,,,,2074.0,-0.1,-16.4,16.4,False,20.0,44.2,0.0,V자,16,False,- · 손잡이 없는 컵 · 상승일 거래량 0.8배 · 주가강도 20점,-
TSE5110,5110.T,JP,미분류,손잡이없음,2003.0,2801.3,-28.5,32.1,22.2,0.0,1.02,False,False,False,,,,2798.5,-0.1,-28.4,28.4,False,19.0,46.7,8.7,급등,16,False,- · 손잡이 없는 컵 · 상승일 거래량 1.0배 · 주가강도 19점,-
FUKUYAMA TRANSPORTING CO,9075.T,JP,산업재,손잡이없음,5930.0,7107.1,-16.56,23.5,6.4,0.0,1.2,False,False,False,,,,7100.0,-0.1,-16.5,16.5,False,70.0,46.1,5.8,V자,16,False,"육상운송 소형주 · 시총 2,233억엔 · ROE 6% · 손잡이 없는 컵 · 상승일 거래량 1.2배 · 주가강도 70점",육상운송
TSE8057,8057.T,JP,미분류,손잡이없음,2249.0,2584.58,-12.98,25.8,44.4,0.0,1.68,False,False,False,,,,2582.0,-0.1,-12.9,12.9,False,45.0,44.4,0.0,들쭉날쭉,15,False,- · 손잡이 없는 컵 · 상승일 거래량 1.7배 · 주가강도 45점,-
MOS FOOD SERVICES INC,8153.T,JP,경기소비재,손잡이없음,3795.0,4434.43,-14.42,22.8,14.6,0.0,0.75,False,False,False,,,,4430.0,-0.1,-14.3,14.3,False,20.0,58.2,34.4,V자,15,False,"외식 소형주 · 시총 1,218억엔 · ROE 7% · 손잡이 없는 컵 · 상승일 거래량 0.8배 · 주가강도 20점",외식
TSE4022,4022.T,JP,미분류,손잡이없음,2041.0,2812.81,-27.44,44.8,10.0,0.0,1.38,False,False,False,,,,2810.0,-0.1,-27.4,27.4,False,82.0,47.7,17.6,V자,12,False,- · 손잡이 없는 컵 · 상승일 거래량 1.4배 · 주가강도 상위 18%,-
TSE4062,4062.T,JP,미분류,손잡이없음,11760.0,13753.74,-14.5,52.8,12.2,0.0,1.26,False,False,False,,,,13740.0,-0.1,-14.4,14.4,False,98.0,45.7,35.0,V자,1,True,- · 손잡이 없는 컵 · 상승일 거래량 1.3배 · 주가강도 상위 2% (최상위권),-
TSE8425,8425.T,JP,미분류,손잡이없음,1300.0,1545.54,-15.89,20.7,21.4,0.0,1.05,False,False,False,,,,1544.0,-0.1,-15.8,15.8,False,26.0,45.9,0.0,V자,4,False,- · 손잡이 없는 컵 · 상승일 거래량 1.1배 · 주가강도 26점,-
TSE5393,5393.T,JP,미분류,손잡이없음,3553.0,4150.15,-14.39,25.0,5.4,0.0,1.38,False,False,False,,,,4146.0,-0.1,-14.3,14.3,False,74.0,46.9,0.0,V자,1,True,- · 손잡이 없는 컵 · 상승일 거래량 1.4배 · 주가강도 74점,-
TSE5451,5451.T,JP,미분류,손잡이없음,1390.0,1661.66,-16.35,29.2,21.4,0.0,1.34,False,False,False,,,,1660.0,-0.1,-16.3,16.3,False,38.0,59.2,29.5,V자,1,True,- · 손잡이 없는 컵 · 상승일 거래량 1.3배 · 주가강도 38점,-
超声电子,000823.SZ,CN,미분류,손잡이없음,23.28,29.8,-21.88,61.0,12.2,0.0,2.03,False,False,False,,,,29.77,-0.1,-21.8,21.8,False,85.0,72.8,69.6,U자,10,False,- · 손잡이 없는 컵 · 상승일 거래량 2.0배 · 주가강도 상위 15%,-
杰瑞股份,002353.SZ,CN,미분류,손잡이없음,110.22,176.77,-37.65,40.5,6.0,0.0,0.73,False,False,False,,,,176.59,-0.1,-37.6,37.6,False,72.0,43.9,38.8,V자,16,False,- · 손잡이 없는 컵 · 상승일 거래량 0.7배 · 주가강도 72점,-
兴森科技,002436.SZ,CN,미분류,손잡이없음,40.94,55.05,-25.64,52.7,13.2,0.0,1.62,False,False,False,,,,55.0,-0.1,-25.6,25.6,False,89.0,51.4,25.1,V자,10,False,- · 손잡이 없는 컵 · 상승일 거래량 1.6배 · 주가강도 상위 11%,-
金富科技,003018.SZ,CN,미분류,손잡이없음,43.55,67.97,-35.93,57.5,10.2,0.0,1.03,False,False,False,,,,67.9,-0.1,-35.9,35.9,False,97.0,51.9,38.2,V자,16,False,- · 손잡이 없는 컵 · 상승일 거래량 1.0배 · 주가강도 상위 3% (최상위권),-
Bunge Limited Common Shares,BG,US,미분류,손잡이없음,106.95,135.0,-20.78,23.8,11.0,0.0,0.89,False,False,False,,,,135.0,0.0,-20.8,20.7,False,43.0,46.7,0.0,급등,16,False,- · 손잡이 없는 컵 · 상승일 거래량 0.9배 · 주가강도 43점,-
PICC P&C,2328.HK,HK,금융,손잡이없음,16.51,19.76,-16.45,30.9,41.4,0.0,1.05,False,False,False,,,,19.81,0.3,-16.7,16.4,False,41.0,44.2,10.0,들쭉날쭉,17,False,"금융 대형주 · 시총 3,770억HKD · ROE 16% · 손잡이 없는 컵 · 상승일 거래량 1.1배 · 주가강도 41점",금융
TSE3407,3407.T,JP,미분류,손잡이없음,1627.0,1896.89,-14.23,19.9,7.8,0.0,1.58,False,False,False,,,,1906.0,0.5,-14.6,14.6,False,46.0,57.5,16.3,V자,16,False,- · 손잡이 없는 컵 · 상승일 거래량 1.6배 · 주가강도 46점,-
"Delta Air Lines, Inc. Common Stock",DAL,US,미분류,손잡이없음,83.46,95.11,-12.24,20.0,6.6,0.0,1.58,False,False,False,,,,95.68,0.6,-12.8,12.8,False,55.0,48.0,0.0,V자,10,False,- · 손잡이 없는 컵 · 상승일 거래량 1.6배 · 주가강도 55점,-
"The Andersons, Inc. - Common Stock",ANDE,US,미분류,손잡이없음,65.7,81.57,-19.46,22.2,6.6,0.0,0.75,False,False,False,,,,82.11,0.7,-20.0,20.0,False,56.0,63.8,49.9,덜회복,16,False,- 소형주 · 시총 25억달러 · 손잡이 없는 컵 · 상승일 거래량 0.8배 · 주가강도 56점,-
TD SYNNEX Corporation Common Stock,SNX,US,기술·IT,손잡이없음,256.85,296.77,-13.45,21.1,5.6,0.0,1.27,False,False,False,,,,298.77,0.7,-14.0,14.0,False,79.0,43.8,0.0,V자,16,False,전자·컴퓨터 유통 중형주 · 시총 213억달러 · ROE 13% · 손잡이 없는 컵 · 상승일 거래량 1.3배 · 주가강도 79점,전자·컴퓨터 유통
"Warrior Met Coal, Inc. Common Stock",HCC,US,소재,손잡이없음,88.07,110.5,-20.3,31.2,9.6,0.0,1.11,False,False,False,,,,111.42,0.8,-21.0,21.0,False,48.0,54.1,27.2,급등,16,False,코크스탄 중형주 · 시총 56억달러 · ROE 10% · 손잡이 없는 컵 · 상승일 거래량 1.1배 · 주가강도 48점,코크스탄
蔚蓝锂芯,002245.SZ,CN,미분류,손잡이없음,16.16,23.02,-29.81,36.2,7.6,0.0,0.95,False,False,False,,,,23.21,0.8,-30.4,30.4,False,60.0,43.9,18.7,V자,16,False,- · 손잡이 없는 컵 · 상승일 거래량 0.9배 · 주가강도 60점,-
华盛昌,002980.SZ,CN,기술·IT,손잡이없음,104.97,136.09,-22.86,54.4,11.4,0.0,1.69,False,False,False,,,,137.37,0.9,-23.6,23.6,False,98.0,52.2,37.5,V자,17,False,계측·정밀기기 중형주 · 시총 241억위안 · ROE 11% · 손잡이 없는 컵 · 상승일 거래량 1.7배 · 주가강도 상위 2% (최상위권),계측·정밀기기
Fomento Economico Mexicano S.A.B. de C,FMX,US,미분류,손잡이없음,118.56,141.61,-16.28,18.5,4.0,0.0,0.85,False,False,False,,,,143.43,1.3,-17.3,16.2,False,39.0,43.8,0.0,V자,16,False,- · 손잡이 없는 컵 · 상승일 거래량 0.8배 · 주가강도 39점,-
TSE9020,9020.T,JP,미분류,손잡이없음,3308.0,4215.21,-21.52,23.0,25.4,0.0,1.24,False,False,False,,,,4271.67,1.3,-22.6,21.4,False,14.0,45.3,0.0,급등,16,False,- · 손잡이 없는 컵 · 상승일 거래량 1.2배 · 주가강도 14점,-
"Unusual Machines, Inc. Common Stock",UMAC,US,미분류,손잡이없음,24.48,34.39,-28.83,54.1,10.2,0.0,1.09,False,False,False,,,,34.93,1.5,-29.9,29.9,False,90.0,67.5,75.7,U자,16,False,- · 손잡이 없는 컵 · 상승일 거래량 1.1배 · 주가강도 상위 10% (최상위권),-
Seadrill Limited Common Shares,SDRL,US,에너지,손잡이없음,44.67,55.53,-19.55,32.7,12.8,0.0,1.29,False,False,False,,,,56.46,1.6,-20.9,19.5,False,65.0,56.0,31.9,V자,16,False,시추 소형주 · 시총 30억달러 · ROE 0% · 손잡이 없는 컵 · 상승일 거래량 1.3배 · 주가강도 65점,시추
"Mueller Industries, Inc. Common Stock",MLI,US,산업재,컵앤핸들,60.61,69.91,-13.3,23.0,11.0,6.7,,False,True,False,99.0,2026-05-08,0.71,71.12,1.7,-14.8,14.8,False,47.0,75.0,52.6,U자,17,False,금속가공 중형주 · 시총 141억달러 · ROE 26% · 주가강도 47점,금속가공
TSE1766,1766.T,JP,미분류,손잡이없음,12890.0,15465.45,-16.65,23.6,22.4,0.0,1.48,False,False,False,,,,15760.0,1.9,-18.2,16.6,False,18.0,48.6,0.0,V자,16,False,- · 손잡이 없는 컵 · 상승일 거래량 1.5배 · 주가강도 18점,-
TSE4547,4547.T,JP,미분류,손잡이없음,3745.0,4944.94,-24.27,29.1,15.8,0.0,1.26,False,False,False,,,,5040.0,1.9,-25.7,25.7,False,6.0,45.9,22.2,V자,16,False,- · 손잡이 없는 컵 · 상승일 거래량 1.3배 · 주가강도 6점,-
华正新材,603186.SS,CN,미분류,손잡이형성중,212.66,264.26,-19.53,63.8,11.8,23.8,,False,False,False,,,,269.87,2.1,-21.2,21.2,False,99.0,53.0,47.1,V자,15,False,- · 주가강도 상위 1% (최상위권),-
"V2X, Inc. Common Stock",VVX,US,미분류,손잡이없음,70.77,91.89,-22.99,23.5,5.0,0.0,1.03,False,False,False,,,,93.98,2.2,-24.7,24.7,False,45.0,43.8,0.0,V자,16,False,- · 손잡이 없는 컵 · 상승일 거래량 1.0배 · 주가강도 45점,-
Wintrust Financial Corporation - Commo,WTFC,US,금융,손잡이없음,141.82,163.12,-13.06,20.7,8.2,0.0,1.26,False,True,False,53.0,2026-07-16,1.4,167.22,2.5,-15.2,15.2,False,22.0,46.8,0.0,V자,16,False,금융 중형주 · 시총 100억달러 · ROE 12% · 손잡이 없는 컵 · 상승일 거래량 1.3배 · 주가강도 22점,금융
Willis Towers Watson Public Limited Co,WTW,US,금융,컵앤핸들,288.23,343.67,-16.13,31.8,40.6,5.9,,False,True,False,37.0,2026-08-07,0.65,352.79,2.6,-18.3,18.3,False,17.0,37.2,0.0,V자,17,False,보험중개 중형주 · 시총 291억달러 · ROE 20% · 주가강도 17점,보험중개
"Guardian Pharmacy Services, Inc. Class",GRDN,US,헬스케어,손잡이없음,40.78,47.07,-13.36,23.6,4.2,0.0,4.7,False,True,False,11.0,2026-09-15,1.84,48.33,2.6,-15.6,15.6,False,62.0,79.6,56.5,덜회복,16,False,의료시설 소형주 · 시총 29억달러 · ROE 30% · 손잡이 없는 컵 · 상승일 거래량 4.7배 · 주가강도 62점,의료시설
TSE8002,8002.T,JP,미분류,손잡이없음,4778.0,6166.16,-22.51,25.8,11.2,0.0,0.99,False,False,False,,,,6328.0,2.6,-24.5,24.5,False,41.0,55.7,31.2,V자,15,False,- · 손잡이 없는 컵 · 상승일 거래량 1.0배 · 주가강도 41점,-
TSE9435,9435.T,JP,미분류,손잡이없음,36120.0,44734.69,-19.26,25.7,20.0,0.0,0.84,False,False,False,,,,45950.0,2.6,-21.4,21.4,False,15.0,39.7,3.3,V자,3,False,- · 손잡이 없는 컵 · 상승일 거래량 0.8배 · 주가강도 15점,-
A&D HOLON HOLDINGS COMPANY L,7745.T,JP,기술·IT,손잡이없음,2951.0,3413.41,-13.55,20.7,6.4,0.0,1.58,False,False,False,,,,3510.0,2.8,-15.9,13.5,False,69.0,68.9,52.2,U자,16,False,계측·정밀기기 소형주 · 시총 824억엔 · ROE 12% · 손잡이 없는 컵 · 상승일 거래량 1.6배 · 주가강도 69점,계측·정밀기기
Plexus Corp. - Common Stock,PLXS,US,기술·IT,손잡이없음,260.95,298.3,-12.52,21.8,6.4,0.0,2.01,False,False,False,,,,307.06,2.9,-15.0,15.0,False,78.0,55.2,8.9,급등,10,False,전자부품 중형주 · 시총 70억달러 · ROE 13% · 손잡이 없는 컵 · 상승일 거래량 2.0배 · 주가강도 78점,전자부품
파크시스템스,140860.KQ,KR,미분류,손잡이없음,298000.0,339839.5,-12.31,35.2,15.0,0.0,0.83,False,False,False,,,,350500.0,3.0,-15.0,15.0,False,67.0,37.2,0.0,급등,1,True,- · 손잡이 없는 컵 · 상승일 거래량 0.8배 · 주가강도 67점,-
Nu Holdings Ltd. Class A Ordinary Shar,NU,US,미분류,손잡이없음,12.66,18.39,-31.15,39.0,30.4,0.0,1.07,False,False,False,,,,18.98,3.1,-33.3,33.3,False,5.0,30.3,0.0,들쭉날쭉,16,False,- · 손잡이 없는 컵 · 상승일 거래량 1.1배 · 주가강도 5점,-
TSE6963,6963.T,JP,미분류,손잡이없음,5015.0,6105.1,-17.86,38.1,5.8,0.0,1.76,False,False,False,,,,6300.0,3.1,-20.4,17.8,False,90.0,43.0,22.3,V자,5,False,- · 손잡이 없는 컵 · 상승일 거래량 1.8배 · 주가강도 상위 10% (최상위권),-
AMANO CORPORATION,6436.T,JP,기술·IT,손잡이없음,3757.0,4460.46,-15.77,22.5,35.8,0.0,1.37,False,False,False,,,,4614.0,3.3,-18.6,15.7,False,20.0,42.8,0.0,V자,16,False,"계측·정밀기기 소형주 · 시총 2,710억엔 · ROE 15% · 손잡이 없는 컵 · 상승일 거래량 1.4배 · 주가강도 20점",계측·정밀기기
TSE8276,8276.T,JP,미분류,손잡이없음,2562.0,3138.14,-18.36,24.5,15.8,0.0,1.42,False,False,False,,,,3250.0,3.4,-21.2,21.2,False,16.0,53.7,12.8,급등,15,False,- · 손잡이 없는 컵 · 상승일 거래량 1.4배 · 주가강도 16점,-
Liberty Media Corporation - Series C C,FWONK,US,통신·미디어,손잡이없음,92.4,105.52,-12.43,24.0,25.0,0.0,1.29,False,True,False,26.0,2026-08-24,0.98,109.36,3.5,-15.5,15.5,False,19.0,43.7,0.0,V자,16,False,엔터테인먼트 중형주 · 시총 243억달러 · ROE 3% · 손잡이 없는 컵 · 상승일 거래량 1.3배 · 주가강도 19점,엔터테인먼트
"Axos Financial, Inc. Common Stock",AX,US,금융,손잡이없음,86.57,102.02,-15.15,20.5,8.0,0.0,1.28,False,True,False,41.0,2026-08-03,0.94,105.74,3.5,-18.1,18.1,False,19.0,47.0,0.6,V자,16,False,금융 중형주 · 시총 53억달러 · ROE 17% · 손잡이 없는 컵 · 상승일 거래량 1.3배 · 주가강도 19점,금융
Nucor Corporation Common Stock,NUE,US,소재,컵앤핸들,233.75,270.29,-13.52,20.8,6.0,7.0,,False,True,False,40.0,2026-08-04,1.18,280.11,3.5,-16.6,16.6,False,76.0,64.1,45.0,V자,17,False,철강 대형주 · 시총 587억달러 · ROE 15% · 주가강도 76점,철강
Main Street Capital Corporation Common,MAIN,US,금융,손잡이없음,55.05,65.3,-15.69,25.0,26.2,0.0,1.12,False,False,False,,,,67.77,3.6,-18.8,15.6,False,26.0,48.2,9.5,급등,16,False,자산운용 중형주 · 시총 53억달러 · ROE 15% · 손잡이 없는 컵 · 상승일 거래량 1.1배 · 주가강도 26점,자산운용
TSE8058,8058.T,JP,미분류,손잡이없음,4717.0,5792.79,-18.57,25.9,21.6,0.0,0.96,False,False,False,,,,6012.0,3.6,-21.5,21.5,False,53.0,42.3,0.0,V자,15,False,- · 손잡이 없는 컵 · 상승일 거래량 1.0배 · 주가강도 53점,-
TSE9543,9543.T,JP,미분류,손잡이없음,1290.0,1561.56,-17.39,24.9,22.2,0.0,1.17,False,False,False,,,,1625.0,3.9,-20.6,20.6,False,36.0,46.8,0.0,V자,3,False,- · 손잡이 없는 컵 · 상승일 거래량 1.2배 · 주가강도 36점,-
方正科技,600601.SS,CN,기술·IT,컵앤핸들,13.2,15.24,-13.36,45.3,9.6,6.8,,False,True,False,6.0,2026-09-21,1.2,15.86,3.9,-16.8,16.8,False,40.0,50.7,31.5,V자,17,False,전자부품 중형주 · 시총 617억위안 · ROE 18% · 주가강도 40점,전자부품
GATX Corporation Common Stock,GATX,US,산업재,손잡이형성중,170.02,197.3,-13.83,18.0,7.0,1.6,,False,True,False,114.0,2026-04-17,1.2,205.56,4.0,-17.3,17.3,False,25.0,73.0,71.5,U자,16,False,임대·리스 중형주 · 시총 64억달러 · ROE 12% · 주가강도 25점,임대·리스
SOFTCARE,2698.HK,HK,미분류,손잡이없음,27.38,35.32,-22.47,32.4,15.6,0.0,3.6,False,True,False,40.0,2026-08-05,0.53,36.8,4.0,-25.6,25.6,True,,63.3,36.7,급등,16,False,- · 손잡이 없는 컵 · 상승일 거래량 3.6배,-
TSE2502,2502.T,JP,미분류,손잡이없음,1576.0,1965.96,-19.84,26.0,43.6,0.0,1.28,False,False,False,,,,2047.0,4.0,-23.0,14.4,False,25.0,36.0,0.0,들쭉날쭉,16,False,- · 손잡이 없는 컵 · 상승일 거래량 1.3배 · 주가강도 25점,-
德龙汇能,000593.SZ,CN,미분류,손잡이없음,20.11,26.81,-24.98,42.8,4.6,0.0,3.24,False,True,False,33.0,2026-08-13,1.58,27.99,4.2,-28.2,28.2,False,90.0,70.3,65.2,덜회복,16,False,- · 손잡이 없는 컵 · 상승일 거래량 3.2배 · 주가강도 상위 10% (최상위권),-
"ViaSat, Inc. - Common Stock",VSAT,US,미분류,손잡이없음,70.38,93.12,-24.42,29.6,4.4,0.0,1.04,False,False,False,,,,97.31,4.3,-27.7,24.3,False,88.0,59.8,49.1,U자,16,False,- · 손잡이 없는 컵 · 상승일 거래량 1.0배 · 주가강도 상위 12%,-
Ares Capital Corporation - Closed End ,ARCC,US,미분류,손잡이없음,19.1,22.78,-16.16,23.6,49.0,0.0,1.19,False,False,False,,,,23.84,4.4,-19.9,9.6,False,27.0,38.8,0.0,들쭉날쭉,16,False,- · 손잡이 없는 컵 · 상승일 거래량 1.2배 · 주가강도 27점,-
Veralto Corp Common Stock ,VLTO,US,산업재,손잡이없음,94.32,109.97,-14.23,27.2,43.6,0.0,1.51,False,False,False,,,,115.0,4.4,-18.0,12.6,False,25.0,38.9,0.0,들쭉날쭉,16,False,환경설비 중형주 · 시총 237억달러 · ROE 34% · 손잡이 없는 컵 · 상승일 거래량 1.5배 · 주가강도 25점,환경설비
CHINAGOLDINTL,2099.HK,HK,소재,손잡이형성중,220.4,268.27,-17.84,55.7,27.8,8.2,,False,True,False,23.0,2026-08-28,0.97,280.6,4.4,-21.5,21.5,False,86.0,65.5,58.3,U자,16,False,귀금속 광업 중형주 · 시총 978억HKD · ROE 34% · 주가강도 상위 14%,귀금속 광업
에이피알,278470.KS,KR,미분류,손잡이형성중,366000.0,453453.0,-19.29,35.2,14.6,5.6,,False,True,False,23.0,2026-08-28,1.23,475000.0,4.5,-22.9,22.9,False,68.0,42.8,11.1,V자,16,False,- · 주가강도 68점,-
DTS CORPORATION,9682.T,JP,기술·IT,손잡이없음,1107.0,1300.3,-14.87,26.3,26.4,0.0,1.32,False,False,False,,,,1362.0,4.5,-18.7,18.7,False,30.0,57.4,25.0,급등,16,False,"IT 서비스 소형주 · 시총 1,790억엔 · ROE 19% · 손잡이 없는 컵 · 상승일 거래량 1.3배 · 주가강도 30점",IT 서비스
Chemed Corp,CHE,US,미분류,손잡이없음,505.07,624.23,-19.09,41.4,66.0,0.0,1.37,False,False,False,,,,654.62,4.6,-22.8,9.3,False,55.0,35.5,4.7,급등,16,False,- · 손잡이 없는 컵 · 상승일 거래량 1.4배 · 주가강도 55점,-
VALOR HOLDINGS CO LTD,9956.T,JP,경기소비재,손잡이없음,1625.0,1901.9,-14.56,18.0,14.2,0.0,1.47,False,False,False,,,,1997.5,4.8,-18.6,18.6,False,24.0,51.0,0.0,V자,16,False,"백화점 소형주 · 시총 2,006억엔 · ROE 10% · 손잡이 없는 컵 · 상승일 거래량 1.5배 · 주가강도 24점",백화점
CME Group Inc. - Class A Common Stock,CME,US,금융,손잡이없음,261.98,312.99,-16.3,30.2,19.0,0.0,1.31,False,False,False,,,,329.16,4.9,-20.4,20.4,False,29.0,47.7,17.3,V자,17,False,금융정보·거래소 대형주 · 시총 988억달러 · ROE 16% · 손잡이 없는 컵 · 상승일 거래량 1.3배 · 주가강도 29점,금융정보·거래소
"The Ensign Group, Inc. - Common Stock",ENSG,US,미분류,손잡이없음,172.0,207.01,-16.91,31.5,15.0,0.0,0.74,False,False,False,,,,218.0,5.0,-21.1,21.1,False,23.0,44.6,16.9,V자,16,False,- · 손잡이 없는 컵 · 상승일 거래량 0.7배 · 주가강도 23점,-
"Rhythm Pharmaceuticals, Inc. - Common ",RYTM,US,헬스케어,손잡이없음,95.21,116.12,-18.0,35.8,31.8,0.0,1.96,False,True,False,34.0,2026-08-12,0.69,122.2,5.0,-22.1,22.1,False,12.0,38.7,0.0,들쭉날쭉,16,False,바이오 중형주 · 시총 68억달러 · 손잡이 없는 컵 · 상승일 거래량 2.0배 · 주가강도 12점,바이오
STERIS plc (Ireland) Ordinary Shares,STE,US,미분류,손잡이없음,210.01,255.92,-17.94,23.7,20.8,0.0,0.97,False,False,False,,,,269.44,5.0,-22.1,22.1,False,11.0,44.4,0.0,급등,16,False,- · 손잡이 없는 컵 · 상승일 거래량 1.0배 · 주가강도 11점,-
TSE1925,1925.T,JP,미분류,손잡이없음,2168.0,2756.25,-21.34,25.9,25.8,0.0,1.02,False,False,False,,,,2902.5,5.0,-25.3,25.3,False,9.0,38.1,0.0,V자,16,False,- · 손잡이 없는 컵 · 상승일 거래량 1.0배 · 주가강도 9점,-
"EZCORP, Inc. - Class A Non-Voting Comm",EZPW,US,미분류,손잡이없음,29.76,36.67,-18.84,27.3,6.8,0.0,1.03,False,False,False,,,,38.66,5.1,-23.0,19.8,False,61.0,37.8,0.0,V자,16,False,- · 손잡이 없는 컵 · 상승일 거래량 1.0배 · 주가강도 61점,-
"DuPont de Nemours, Inc. Common Stock",DD,US,소재,손잡이없음,129.89,149.57,-13.16,17.8,6.4,0.0,1.53,False,False,False,,,,157.98,5.3,-17.8,17.8,False,36.0,43.3,0.0,V자,10,False,정밀화학 중형주 · 시총 178억달러 · ROE 2% · 손잡이 없는 컵 · 상승일 거래량 1.5배 · 주가강도 36점,정밀화학
KUREHA CORPORATION,4023.T,JP,소재,컵앤핸들,3965.0,4639.63,-14.54,28.4,22.2,5.1,,False,True,False,20.0,2026-09-01,1.08,4905.0,5.4,-19.2,19.2,False,28.0,78.7,71.7,덜회복,12,False,"정밀화학 소형주 · 시총 1,590억엔 · 주가강도 28점",정밀화학
冰轮环境,000811.SZ,CN,미분류,손잡이형성중,36.79,55.33,-33.5,25.6,5.0,10.5,,False,True,False,65.0,2026-06-30,0.79,58.5,5.4,-37.1,37.1,False,92.0,64.5,52.5,U자,16,False,- · 주가강도 상위 8% (최상위권),-
SK가스,018670.KS,KR,미분류,손잡이없음,244000.0,285285.0,-14.47,31.2,23.4,0.0,1.76,False,False,False,,,,302000.0,5.5,-19.2,19.2,False,37.0,45.0,13.7,들쭉날쭉,16,False,- · 손잡이 없는 컵 · 상승일 거래량 1.8배 · 주가강도 37점,-
"CRA International,Inc. - Common Stock",CRAI,US,미분류,손잡이없음,164.15,214.87,-23.61,38.4,42.8,0.0,0.9,False,False,False,,,,227.29,5.5,-27.8,27.8,False,21.0,26.9,0.0,들쭉날쭉,16,False,- · 손잡이 없는 컵 · 상승일 거래량 0.9배 · 주가강도 21점,-
JD INDUSTRIALS,7618.HK,HK,미분류,손잡이없음,13.18,16.22,-18.72,35.1,17.8,0.0,1.23,False,False,False,,,,17.17,5.5,-23.2,23.2,True,,28.9,0.0,V자,16,False,- · 손잡이 없는 컵 · 상승일 거래량 1.2배,-
金牛化工,600722.SS,CN,미분류,손잡이없음,14.72,20.04,-26.55,62.9,23.0,0.0,1.54,False,False,False,,,,21.21,5.5,-30.6,30.6,False,94.0,69.5,76.3,U자,15,False,- · 손잡이 없는 컵 · 상승일 거래량 1.5배 · 주가강도 상위 6% (최상위권),-
Commercial Metals Company Common Stock,CMC,US,미분류,손잡이없음,62.1,79.99,-22.37,25.0,5.8,0.0,1.09,False,False,False,,,,84.87,5.7,-26.8,26.8,False,26.0,54.9,33.8,V자,16,False,- · 손잡이 없는 컵 · 상승일 거래량 1.1배 · 주가강도 26점,-
Ferrari N.V. Common Shares,RACE,US,미분류,손잡이없음,392.85,489.62,-19.76,36.1,60.2,0.0,1.28,False,False,False,,,,519.1,5.7,-24.3,22.1,False,30.0,25.7,0.0,들쭉날쭉,16,False,- · 손잡이 없는 컵 · 상승일 거래량 1.3배 · 주가강도 30점,-
"Solaris Energy Infrastructure, Inc. Cl",SEI,US,미분류,손잡이없음,71.18,81.32,-12.47,47.5,20.8,0.0,1.86,False,False,False,,,,86.19,5.7,-17.4,17.4,False,79.0,37.9,2.2,들쭉날쭉,5,False,- · 손잡이 없는 컵 · 상승일 거래량 1.9배 · 주가강도 79점,-
Gorman-Rupp Company (The) Common Stock,GRC,US,미분류,손잡이없음,74.48,87.39,-14.77,19.8,7.4,0.0,1.31,False,False,False,,,,92.78,5.8,-19.7,19.7,False,66.0,48.6,0.0,V자,3,False,- · 손잡이 없는 컵 · 상승일 거래량 1.3배 · 주가강도 66점,-
"Copa Holdings, S.A. Class A Common Sto",CPA,US,미분류,손잡이없음,131.85,152.82,-13.72,18.4,6.4,0.0,1.01,False,False,False,,,,162.83,6.1,-19.0,17.8,False,30.0,42.6,8.9,급등,16,False,- · 손잡이 없는 컵 · 상승일 거래량 1.0배 · 주가강도 30점,-
TSE1808,1808.T,JP,미분류,손잡이없음,2611.5,3317.31,-21.28,22.9,30.6,0.0,1.15,False,False,False,,,,3531.0,6.1,-26.0,26.0,False,15.0,41.0,0.0,V자,16,False,- · 손잡이 없는 컵 · 상승일 거래량 1.1배 · 주가강도 15점,-
利通电子,603629.SS,CN,미분류,손잡이없음,95.96,161.48,-40.58,45.9,7.4,0.0,1.05,False,False,False,,,,172.06,6.1,-44.2,44.2,False,98.0,59.1,66.1,U자,16,False,- · 손잡이 없는 컵 · 상승일 거래량 1.1배 · 주가강도 상위 2% (최상위권),-
Heico Corporation Common Stock,HEI,US,산업재,컵앤핸들,303.18,352.34,-13.95,27.8,12.8,10.5,,False,True,False,64.0,2026-06-30,0.68,376.86,6.5,-19.6,19.6,False,14.0,74.1,64.6,U자,17,False,항공우주·방산 중형주 · 시총 442억달러 · ROE 18% · 주가강도 14점,항공우주·방산
TSE7014,7014.T,JP,미분류,손잡이없음,4845.0,5655.65,-14.33,42.5,41.8,0.0,1.49,False,False,False,,,,6050.0,6.5,-19.9,19.9,False,80.0,44.3,28.0,들쭉날쭉,5,False,- · 손잡이 없는 컵 · 상승일 거래량 1.5배 · 주가강도 상위 20%,-
"Toll Brothers, Inc. Common Stock",TOL,US,미분류,손잡이형성중,134.75,158.16,-14.8,26.9,17.0,5.3,,False,True,False,68.0,2026-06-24,1.31,169.52,6.7,-20.5,20.0,False,15.0,48.1,10.5,급등,16,False,- · 주가강도 15점,-
天通股份,600330.SS,CN,미분류,손잡이없음,26.9,34.85,-22.82,55.0,14.2,0.0,1.16,False,False,False,,,,37.37,6.7,-28.0,28.0,False,92.0,38.6,20.3,V자,16,False,- · 손잡이 없는 컵 · 상승일 거래량 1.2배 · 주가강도 상위 8% (최상위권),-
TSE8179,8179.T,JP,미분류,손잡이없음,1292.0,1527.53,-15.42,22.4,14.8,0.0,1.56,False,False,False,,,,1640.0,6.9,-21.2,16.9,False,26.0,59.8,34.0,급등,15,False,- · 손잡이 없는 컵 · 상승일 거래량 1.6배 · 주가강도 26점,-
TSE6331,6331.T,JP,미분류,손잡이없음,3100.0,3883.88,-20.18,24.3,17.2,0.0,1.14,False,False,False,,,,4180.0,7.1,-25.8,25.8,False,18.0,39.8,0.0,들쭉날쭉,12,False,- · 손잡이 없는 컵 · 상승일 거래량 1.1배 · 주가강도 18점,-
金田股份,601609.SS,CN,소재,손잡이없음,11.72,14.55,-19.48,37.9,12.6,0.0,1.37,False,False,False,,,,15.66,7.1,-25.2,19.4,False,38.0,39.0,0.0,V자,16,False,구리 중형주 · 시총 228억위안 · ROE 8% · 손잡이 없는 컵 · 상승일 거래량 1.4배 · 주가강도 38점,구리
심텍,222800.KQ,KR,미분류,컵앤핸들,167800.0,156756.6,7.04,62.5,11.4,11.6,,False,True,False,1.0,2026-10-01,1.02,169000.0,7.2,-0.7,0.3,False,98.0,46.5,26.1,V자,15,False,- · 주가강도 상위 2% (최상위권),-
TOKYO ENERGY & SYSTEMS INC,1945.T,JP,산업재,손잡이없음,2124.0,2460.46,-13.67,23.6,11.0,0.0,0.97,False,False,False,,,,2657.0,7.4,-20.1,20.1,False,54.0,48.2,9.5,급등,16,False,건설·엔지니어링 소형주 · 시총 719억엔 · ROE 6% · 손잡이 없는 컵 · 상승일 거래량 1.0배 · 주가강도 54점,건설·엔지니어링
PICC GROUP,1339.HK,HK,미분류,손잡이없음,5.61,7.06,-20.51,34.3,26.2,0.0,1.45,False,False,False,,,,7.63,7.5,-26.5,26.5,False,25.0,42.4,8.4,급등,16,False,- · 손잡이 없는 컵 · 상승일 거래량 1.4배 · 주가강도 25점,-
沃特股份,002886.SZ,CN,미분류,손잡이없음,23.64,33.31,-29.04,53.4,10.2,0.0,1.27,False,False,False,,,,36.0,7.5,-34.3,32.0,False,31.0,52.2,43.6,급등,16,False,- · 손잡이 없는 컵 · 상승일 거래량 1.3배 · 주가강도 31점,-
TSE5741,5741.T,JP,미분류,손잡이형성중,2142.0,3313.31,-35.35,25.6,5.4,21.3,,False,True,False,89.0,2026-05-25,0.89,3585.0,7.6,-40.3,40.3,False,33.0,47.3,32.0,V자,1,True,- · 주가강도 33점,-
中京电子,002579.SZ,CN,미분류,손잡이형성중,16.88,21.62,-21.93,54.4,15.0,22.8,,False,False,False,,,,23.4,7.6,-27.9,27.9,False,63.0,38.3,18.1,V자,16,False,- · 주가강도 63점,-
TSE2038,2038.T,JP,미분류,컵앤핸들,3192.0,2990.99,6.72,44.2,25.0,4.3,,False,True,False,0.0,2026-10-02,0.99,3241.0,7.7,-1.5,1.5,True,94.0,42.3,11.6,V자,16,False,- · 주가강도 상위 6% (최상위권),-
삼성바이오로직스,207940.KS,KR,미분류,손잡이없음,1397000.0,1831830.0,-23.74,32.9,31.8,0.0,1.61,False,False,False,,,,1987000.0,7.8,-29.7,29.7,False,13.0,36.5,0.0,들쭉날쭉,16,False,- · 손잡이 없는 컵 · 상승일 거래량 1.6배 · 주가강도 13점,-
Dover Corporation Common Stock,DOV,US,미분류,손잡이없음,187.05,218.9,-14.55,15.9,9.8,0.0,0.45,False,False,False,,,,237.54,7.8,-21.3,21.3,False,17.0,40.6,0.0,V자,5,False,- · 손잡이 없는 컵 · 상승일 거래량 0.5배 · 주가강도 17점,-
电投能源,002128.SZ,CN,에너지,손잡이없음,27.9,32.35,-13.76,30.1,10.0,0.0,0.85,False,False,False,,,,35.08,7.8,-20.5,20.5,False,46.0,52.8,33.9,V자,16,False,석탄 중형주 · 시총 896억위안 · ROE 18% · 손잡이 없는 컵 · 상승일 거래량 0.8배 · 주가강도 46점,석탄
PJT Partners Inc. Class A Common Stock,PJT,US,미분류,손잡이없음,142.71,179.94,-20.69,28.9,16.8,0.0,1.23,False,True,False,22.0,2026-08-28,0.82,195.62,8.0,-27.0,27.0,False,7.0,37.0,0.0,V자,16,False,- · 손잡이 없는 컵 · 상승일 거래량 1.2배 · 주가강도 7점,-
Sprott Inc. Common Shares,SII,US,미분류,손잡이없음,119.38,155.91,-23.43,35.2,15.0,0.0,1.04,False,False,False,,,,169.63,8.1,-29.6,29.6,False,49.0,63.3,71.3,U자,16,False,- · 손잡이 없는 컵 · 상승일 거래량 1.0배 · 주가강도 49점,-
YURTEC CORPORATION,1934.T,JP,산업재,손잡이없음,2545.0,3038.04,-16.23,26.4,30.4,0.0,1.32,False,False,False,,,,3305.0,8.1,-23.0,23.0,False,27.0,42.0,0.0,V자,16,False,"건설·엔지니어링 소형주 · 시총 1,837억엔 · ROE 8% · 손잡이 없는 컵 · 상승일 거래량 1.3배 · 주가강도 27점",건설·엔지니어링
Dana Incorporated Common Stock ,DAN,US,미분류,손잡이없음,27.31,36.32,-24.8,32.2,24.4,0.0,0.96,False,False,False,,,,39.56,8.2,-31.0,31.0,False,48.0,37.2,0.0,들쭉날쭉,16,False,- · 손잡이 없는 컵 · 상승일 거래량 1.0배 · 주가강도 48점,-
Valaris Limited Common Shares,VAL,US,미분류,손잡이없음,78.52,104.72,-25.02,31.7,17.4,0.0,1.09,False,False,False,,,,114.12,8.2,-31.2,31.2,False,66.0,43.2,8.6,V자,16,False,- · 손잡이 없는 컵 · 상승일 거래량 1.1배 · 주가강도 66점,-
KINDEN CORPORATION,1944.T,JP,산업재,손잡이없음,6820.0,7869.86,-13.34,16.8,4.0,0.0,1.17,False,False,False,,,,8580.0,8.3,-20.5,20.5,False,28.0,41.4,0.0,급등,16,False,건설·엔지니어링 중형주 · 시총 1.2조엔 · ROE 15% · 손잡이 없는 컵 · 상승일 거래량 1.2배 · 주가강도 28점,건설·엔지니어링
ASAHI KOGYOSHA CO,1975.T,JP,산업재,컵앤핸들,3880.0,4454.45,-12.9,30.3,14.8,6.4,,False,True,False,63.0,2026-06-30,1.0,4860.0,8.3,-20.2,20.2,False,36.0,46.8,4.6,급등,17,False,"건설·엔지니어링 소형주 · 시총 1,023억엔 · ROE 20% · 주가강도 36점",건설·엔지니어링
KONOIKE TRANSPORT CO LIMITED,9025.T,JP,산업재,손잡이없음,2776.0,3318.31,-16.34,21.6,34.2,0.0,1.16,False,False,False,,,,3620.0,8.3,-23.3,23.3,False,18.0,38.1,0.0,들쭉날쭉,16,False,"물류 소형주 · 시총 1,566억엔 · ROE 9% · 손잡이 없는 컵 · 상승일 거래량 1.2배 · 주가강도 18점",물류
TSE2587,2587.T,JP,미분류,손잡이없음,4473.0,5404.4,-17.23,24.0,21.0,0.0,1.07,False,False,False,,,,5897.0,8.4,-24.1,17.2,False,25.0,46.8,12.1,V자,16,False,- · 손잡이 없는 컵 · 상승일 거래량 1.1배 · 주가강도 25점,-
"Excelerate Energy, Inc. Class A Common",EE,US,에너지,손잡이형성중,32.13,39.52,-18.7,28.6,17.0,4.0,,False,True,False,59.0,2026-07-08,0.85,43.17,8.5,-25.6,25.6,False,33.0,59.7,39.8,덜회복,16,False,석유·가스 수송 소형주 · 시총 42억달러 · ROE 9% · 주가강도 33점,석유·가스 수송
HX BLDG MAT,6655.HK,HK,소재,손잡이없음,15.36,18.49,-16.92,38.5,20.0,0.0,1.26,False,False,False,,,,20.2,8.5,-24.0,24.0,False,37.0,41.5,28.8,V자,17,False,건축소재 중형주 · 시총 334억HKD · ROE 12% · 손잡이 없는 컵 · 상승일 거래량 1.3배 · 주가강도 37점,건축소재
펌텍코리아,251970.KQ,KR,경기소비재,손잡이없음,60900.0,70270.2,-13.33,55.3,27.2,0.0,1.4,False,False,False,,,,77000.0,8.7,-20.9,13.2,False,76.0,69.4,75.9,U자,16,False,"포장재 소형주 · 시총 7,675억원 · ROE 15% · 손잡이 없는 컵 · 상승일 거래량 1.4배 · 주가강도 76점",포장재
Jones Lang LaSalle Incorporated Common,JLL,US,부동산,손잡이없음,305.52,359.64,-15.05,23.2,9.4,0.0,0.88,False,True,False,43.0,2026-07-30,1.87,393.84,8.7,-22.4,22.4,False,19.0,49.8,0.0,V자,16,False,부동산 서비스 중형주 · 시총 155억달러 · ROE 14% · 손잡이 없는 컵 · 상승일 거래량 0.9배 · 주가강도 19점,부동산 서비스
Kroger Company (The) Common Stock,KR,US,미분류,손잡이없음,58.62,69.88,-16.11,22.4,45.6,0.0,1.11,False,False,False,,,,76.58,8.7,-23.5,23.5,False,14.0,32.5,0.0,들쭉날쭉,16,False,- · 손잡이 없는 컵 · 상승일 거래량 1.1배 · 주가강도 14점,-
北特科技,603009.SS,CN,경기소비재,손잡이없음,45.88,55.66,-17.56,37.1,5.6,0.0,1.27,False,False,False,,,,60.98,8.7,-24.8,24.8,False,16.0,46.5,42.7,급등,16,False,자동차부품 중형주 · 시총 171억위안 · ROE 7% · 손잡이 없는 컵 · 상승일 거래량 1.3배 · 주가강도 16점,자동차부품
RPM International Inc. Common Stock,RPM,US,미분류,손잡이없음,98.67,129.25,-23.66,28.0,46.4,0.0,0.73,False,False,False,,,,141.79,8.8,-30.4,19.1,False,10.0,29.7,0.0,들쭉날쭉,16,False,- · 손잡이 없는 컵 · 상승일 거래량 0.7배 · 주가강도 10점,-
养元饮品,603156.SS,CN,미분류,컵앤핸들,43.63,52.36,-16.68,35.0,5.8,6.3,,False,True,False,31.0,2026-08-17,0.93,57.4,8.8,-24.0,24.0,False,83.0,47.7,35.0,V자,17,False,- · 주가강도 상위 17%,-
TSE9005,9005.T,JP,미분류,손잡이없음,1597.5,2013.01,-20.64,21.4,18.8,0.0,1.05,False,False,False,,,,2210.0,8.9,-27.7,20.6,False,10.0,42.0,0.0,V자,16,False,- · 손잡이 없는 컵 · 상승일 거래량 1.1배 · 주가강도 10점,-
TSE8354,8354.T,JP,미분류,손잡이없음,7858.0,7341.33,7.04,21.9,6.4,0.0,1.28,False,True,False,58.0,2026-07-07,1.19,8060.0,8.9,-2.5,2.5,False,81.0,47.7,15.7,급등,15,False,- · 손잡이 없는 컵 · 상승일 거래량 1.3배 · 주가강도 상위 19%,-
"Jack Henry & Associates, Inc. - Common",JKHY,US,기술·IT,손잡이없음,143.24,193.58,-26.01,37.4,30.2,0.0,1.48,False,False,False,,,,212.62,9.0,-32.6,25.9,False,13.0,42.8,33.4,V자,17,False,IT 서비스 중형주 · 시총 112억달러 · ROE 24% · 손잡이 없는 컵 · 상승일 거래량 1.5배 · 주가강도 13점,IT 서비스
TECHMATRIX CORP,3762.T,JP,기술·IT,손잡이형성중,2512.0,2378.38,5.62,34.1,27.8,5.6,,False,True,False,32.0,2026-08-14,0.78,2614.0,9.0,-3.9,1.8,False,77.0,44.5,19.8,급등,16,False,IT 서비스 소형주 · 시총 995억엔 · ROE 19% · 주가강도 77점,IT 서비스
TSE9672,9672.T,JP,미분류,손잡이없음,4715.0,5785.78,-18.51,20.8,37.6,0.0,1.03,False,False,False,,,,6360.0,9.0,-25.9,22.5,False,9.0,35.2,0.0,들쭉날쭉,16,False,- · 손잡이 없는 컵 · 상승일 거래량 1.0배 · 주가강도 9점,-
TSE5832,5832.T,JP,미분류,손잡이없음,3765.0,3488.48,7.93,23.1,6.2,0.0,1.1,False,True,False,33.0,2026-08-13,1.04,3832.0,9.0,-1.7,1.7,False,83.0,49.5,20.2,급등,1,True,- · 손잡이 없는 컵 · 상승일 거래량 1.1배 · 주가강도 상위 17%,-
리파인,377450.KQ,KR,부동산,손잡이형성중,14220.0,17257.24,-17.6,55.7,56.2,19.4,,False,False,False,,,,19020.0,9.3,-25.2,17.5,False,74.0,36.0,10.2,V자,16,False,"부동산 서비스 소형주 · 시총 2,743억원 · ROE 19% · 주가강도 74점",부동산 서비스
CAE Inc - Common Shares,CAE,US,미분류,손잡이없음,24.01,31.06,-22.7,26.7,21.6,0.0,0.98,False,False,False,,,,34.24,9.3,-29.9,29.9,False,7.0,37.9,0.0,급등,16,False,- · 손잡이 없는 컵 · 상승일 거래량 1.0배 · 주가강도 7점,-
TSE1939,1939.T,JP,미분류,손잡이없음,2285.0,2147.14,6.42,16.0,4.2,0.0,1.28,False,True,False,33.0,2026-08-13,1.75,2368.0,9.3,-3.5,3.5,False,77.0,46.0,0.0,V자,8,False,- · 손잡이 없는 컵 · 상승일 거래량 1.3배 · 주가강도 77점,-
TSE7259,7259.T,JP,미분류,손잡이없음,2148.0,2859.86,-24.89,25.9,34.4,0.0,1.24,False,False,False,,,,3155.0,9.4,-31.9,31.9,False,9.0,37.2,0.0,들쭉날쭉,16,False,- · 손잡이 없는 컵 · 상승일 거래량 1.2배 · 주가강도 9점,-
"Mitek Systems, Inc. - Common Stock",MITK,US,미분류,손잡이없음,17.05,21.07,-19.08,24.8,5.2,0.0,1.18,False,False,False,,,,23.29,9.5,-26.8,19.0,False,73.0,40.5,0.0,V자,16,False,- · 손잡이 없는 컵 · 상승일 거래량 1.2배 · 주가강도 73점,-
Sphere Entertainment Co. Class A Commo,SPHR,US,통신·미디어,컵앤핸들,134.44,164.43,-18.24,24.0,5.0,6.2,,False,True,False,34.0,2026-08-12,1.18,181.63,9.5,-26.0,26.0,False,72.0,58.1,31.2,급등,17,False,엔터테인먼트 중형주 · 시총 52억달러 · 주가강도 72점,엔터테인먼트
TSE6890,6890.T,JP,미분류,손잡이형성중,11630.0,10780.77,7.88,21.3,5.2,5.5,,False,True,False,1.0,2026-10-01,0.61,11930.0,9.6,-2.5,2.5,False,95.0,53.8,30.0,들쭉날쭉,5,False,- · 주가강도 상위 5% (최상위권),-
GE HealthCare Technologies Inc. - Comm,GEHC,US,미분류,손잡이없음,65.37,85.63,-23.66,31.3,27.0,0.0,1.19,False,False,False,,,,94.8,9.7,-31.0,27.2,False,11.0,38.4,0.0,V자,16,False,- · 손잡이 없는 컵 · 상승일 거래량 1.2배 · 주가강도 11점,-
LPL Financial Holdings Inc. - Common S,LPLA,US,금융,컵앤핸들,305.8,364.57,-16.12,35.0,24.6,3.4,,False,True,False,36.0,2026-08-10,0.7,403.58,9.7,-24.2,23.6,False,24.0,53.5,46.8,덜회복,17,False,증권·자본시장 중형주 · 시총 276억달러 · ROE 19% · 주가강도 24점,증권·자본시장
HBM HOLDINGS-B,2142.HK,HK,미분류,컵앤핸들,13.86,16.21,-14.48,47.4,45.4,12.6,,False,True,False,29.0,2026-08-20,4.75,17.98,9.8,-22.9,18.8,False,45.0,34.5,5.5,들쭉날쭉,17,False,- · 주가강도 45점,-
TSE6332,6332.T,JP,미분류,손잡이없음,2685.0,3198.2,-16.05,23.8,27.0,0.0,0.96,False,False,False,,,,3545.0,9.8,-24.3,23.7,False,20.0,41.6,0.0,들쭉날쭉,16,False,- · 손잡이 없는 컵 · 상승일 거래량 1.0배 · 주가강도 20점,-
AstraZeneca PLC Ordinary Shares,AZN,US,미분류,손잡이없음,161.47,191.69,-15.77,19.9,13.0,0.0,0.91,False,False,False,,,,212.71,9.9,-24.1,24.1,False,7.0,37.8,0.0,V자,16,False,- · 손잡이 없는 컵 · 상승일 거래량 0.9배 · 주가강도 7점,-
"OneMain Holdings, Inc. Common Stock",OMF,US,금융,컵앤핸들,55.39,64.71,-14.41,34.8,31.0,5.4,,False,True,False,40.0,2026-08-04,0.69,71.93,10.0,-23.0,23.0,False,15.0,35.2,12.1,V자,17,False,여신·카드 중형주 · 시총 73억달러 · ROE 23% · 주가강도 15점,여신·카드
数据港,603881.SS,CN,미분류,손잡이없음,22.92,33.83,-32.26,35.1,21.0,0.0,1.55,False,False,False,,,,37.6,10.0,-39.0,39.0,False,5.0,34.9,0.0,V자,16,False,- · 손잡이 없는 컵 · 상승일 거래량 1.6배 · 주가강도 5점,-
American Homes 4 Rent Common Shares of,AMH,US,미분류,손잡이없음,30.39,39.53,-23.12,31.1,63.0,0.0,0.85,False,False,False,,,,44.07,10.3,-31.0,13.3,False,17.0,34.5,15.4,V자,16,False,- · 손잡이 없는 컵 · 상승일 거래량 0.8배 · 주가강도 17점,-
Enpro Inc. Common Stock,NPO,US,미분류,손잡이없음,306.26,350.02,-12.5,19.8,5.2,0.0,3.2,False,False,False,,,,390.42,10.3,-21.6,21.6,False,57.0,50.9,4.2,급등,9,False,- · 손잡이 없는 컵 · 상승일 거래량 3.2배 · 주가강도 57점,-
HWORLD-S,1179.HK,HK,미분류,손잡이없음,33.7,44.22,-23.8,29.7,16.6,0.0,0.99,False,False,False,,,,49.3,10.3,-31.6,23.9,False,24.0,45.8,12.5,급등,16,False,- · 손잡이 없는 컵 · 상승일 거래량 1.0배 · 주가강도 24점,-
Nexgen Energy Ltd. Common Shares,NXE,US,미분류,손잡이없음,9.12,12.51,-27.11,31.3,10.4,0.0,0.96,False,False,False,,,,13.96,10.4,-34.7,34.7,False,16.0,58.5,44.3,덜회복,16,False,- · 손잡이 없는 컵 · 상승일 거래량 1.0배 · 주가강도 16점,-
TSE9621,9621.T,JP,미분류,손잡이없음,3395.0,3203.2,5.99,19.9,9.4,0.0,1.76,False,True,False,40.0,2026-08-03,2.03,3575.0,10.4,-5.0,5.0,False,56.0,63.1,22.7,급등,16,False,- · 손잡이 없는 컵 · 상승일 거래량 1.8배 · 주가강도 56점,-
KAGA ELECTRONICS CO,8154.T,JP,기술·IT,손잡이형성중,5520.0,5195.19,6.25,11.0,4.8,3.3,,False,True,False,5.0,2026-09-25,2.08,5800.0,10.4,-4.8,4.8,False,84.0,32.2,15.5,V자,15,False,"전자부품 소형주 · 시총 2,583억엔 · ROE 19% · 주가강도 상위 16%",전자부품
Diversified Energy Company Common Stoc,DEC,US,에너지,손잡이없음,13.37,16.91,-20.92,26.6,12.6,0.0,1.04,False,False,False,,,,18.9,10.5,-29.3,29.3,False,11.0,58.4,50.0,덜회복,17,False,석유·가스(종합) 소형주 · 시총 10억달러 · ROE 54% · 손잡이 없는 컵 · 상승일 거래량 1.0배 · 주가강도 11점,석유·가스(종합)
Hafnia Limited Common Shares,HAFN,US,미분류,손잡이없음,9.94,9.07,9.6,28.3,12.2,0.0,1.74,False,True,False,17.0,2026-09-04,1.97,10.13,10.5,-1.9,1.9,False,88.0,70.6,54.4,덜회복,16,False,- · 손잡이 없는 컵 · 상승일 거래량 1.7배 · 주가강도 상위 12%,-
TSE3382,3382.T,JP,미분류,손잡이없음,1977.5,2419.42,-18.27,25.1,21.6,0.0,0.75,False,False,False,,,,2703.0,10.5,-26.8,18.2,False,21.0,43.8,13.5,급등,16,False,- · 손잡이 없는 컵 · 상승일 거래량 0.8배 · 주가강도 21점,-
TSE8614,8614.T,JP,미분류,손잡이없음,696.0,802.8,-13.3,26.7,23.4,0.0,1.3,False,False,False,,,,897.0,10.5,-22.4,13.2,False,54.0,56.2,28.1,급등,16,False,- · 손잡이 없는 컵 · 상승일 거래량 1.3배 · 주가강도 54점,-
Triple Flag Precious Metals Corp. Comm,TFPM,US,소재,손잡이없음,30.81,37.29,-17.37,28.6,16.8,0.0,1.21,False,False,False,,,,41.7,10.6,-26.1,26.1,False,19.0,40.5,0.0,V자,16,False,귀금속 광업 중형주 · 시총 70억달러 · ROE 20% · 손잡이 없는 컵 · 상승일 거래량 1.2배 · 주가강도 19점,귀금속 광업
Microchip Technology Incorporated - De,MCHPP,US,기술·IT,컵앤핸들,66.9,78.52,-14.8,26.5,11.8,8.1,,False,True,False,106.0,2026-04-30,1.02,88.0,10.8,-24.0,24.0,True,38.0,63.2,28.0,V자,17,False,반도체 · ROE 7% · 주가강도 38점,반도체
Hyatt Hotels Corporation Class A Commo,H,US,미분류,손잡이없음,158.56,184.53,-14.08,16.4,5.6,0.0,1.86,False,False,False,,,,206.86,10.8,-23.3,23.3,False,22.0,46.8,0.0,V자,3,False,- · 손잡이 없는 컵 · 상승일 거래량 1.9배 · 주가강도 22점,-
TSE5803,5803.T,JP,미분류,손잡이없음,5555.0,7075.07,-21.48,48.1,7.6,0.0,1.33,False,False,False,,,,7933.0,10.8,-30.0,30.0,False,87.0,52.5,38.4,V자,1,True,- · 손잡이 없는 컵 · 상승일 거래량 1.3배 · 주가강도 상위 13%,-
TOCHIGI BANK,8550.T,JP,금융,손잡이없음,1200.0,1083.08,10.79,23.8,6.6,0.0,1.36,False,True,False,32.0,2026-08-14,1.36,1216.0,10.9,-1.3,1.3,False,91.0,45.4,2.9,급등,16,False,"금융 소형주 · 시총 1,170억엔 · ROE 5% · 손잡이 없는 컵 · 상승일 거래량 1.4배 · 주가강도 상위 9% (최상위권)",금융
"NetApp, Inc. - Common Stock",NTAP,US,기술·IT,손잡이없음,210.08,193.02,8.84,22.6,5.4,0.0,1.45,False,True,False,36.0,2026-08-10,1.25,216.81,11.0,-3.1,3.1,False,92.0,52.8,17.9,V자,16,False,기술·IT 중형주 · 시총 387억달러 · ROE 115% · 손잡이 없는 컵 · 상승일 거래량 1.4배 · 주가강도 상위 8% (최상위권),기술·IT
DAIHATSU INFINEARTH MFG CO L,6023.T,JP,산업재,컵앤핸들,3355.0,3133.13,7.08,13.7,4.4,10.0,,False,True,False,17.0,2026-09-04,1.0,3525.0,11.1,-4.8,4.8,False,77.0,56.9,45.8,U자,17,False,산업기계 소형주 · 시총 815억엔 · ROE 13% · 주가강도 77점,산업기계
원익머트리얼즈,104830.KQ,KR,미분류,손잡이없음,42000.0,49799.75,-15.66,48.7,29.6,0.0,1.76,False,False,False,,,,56100.0,11.2,-25.1,25.1,False,71.0,34.4,0.0,들쭉날쭉,1,True,- · 손잡이 없는 컵 · 상승일 거래량 1.8배 · 주가강도 71점,-
Semtech Corporation - Common Stock,SMTC,US,기술·IT,컵앤핸들,178.35,169.17,5.43,41.9,11.8,13.1,,False,True,False,9.0,2026-09-17,1.62,190.64,11.3,-6.4,6.4,False,96.0,46.0,26.7,V자,17,False,반도체 중형주 · 시총 141억달러 · ROE 24% · 주가강도 상위 4% (최상위권),반도체
"MercadoLibre, Inc. - Common Stock",MELI,US,경기소비재,손잡이없음,1728.53,2344.34,-26.27,36.2,30.2,0.0,1.19,False,False,False,,,,2645.22,11.4,-34.7,30.3,False,11.0,47.6,46.4,덜회복,17,False,온라인 유통 대형주 · 시총 951억달러 · ROE 28% · 손잡이 없는 컵 · 상승일 거래량 1.2배 · 주가강도 11점,온라인 유통
TSE5830,5830.T,JP,미분류,손잡이없음,3938.0,3649.65,7.9,24.2,7.4,0.0,1.14,False,True,False,45.0,2026-07-27,2.38,4117.0,11.4,-4.3,4.3,False,85.0,58.7,23.8,급등,1,True,- · 손잡이 없는 컵 · 상승일 거래량 1.1배 · 주가강도 상위 15%,-
TSE5537,5537.T,JP,미분류,손잡이형성중,3765.0,3533.53,6.55,48.8,25.0,8.8,,False,True,False,20.0,2026-09-01,2.2,3990.0,11.4,-5.6,5.6,False,95.0,47.7,17.8,V자,1,True,- · 주가강도 상위 5% (최상위권),-
Banco Bilbao Vizcaya Argentaria S.A. C,BBVA,US,미분류,손잡이없음,27.87,26.23,6.27,22.7,8.6,0.0,1.06,False,True,False,49.0,2026-07-22,0.75,29.64,11.5,-6.0,6.0,False,67.0,56.9,31.2,급등,16,False,- · 손잡이 없는 컵 · 상승일 거래량 1.1배 · 주가강도 67점,-
ABC,1288.HK,HK,미분류,컵앤핸들,6.63,5.94,11.69,19.0,10.8,3.7,,False,True,False,47.0,2026-07-27,1.04,6.72,11.5,-1.3,1.3,False,70.0,42.0,0.0,V자,17,False,- · 주가강도 70점,-
TSE7047,7047.T,JP,미분류,컵앤핸들,2144.0,2587.58,-17.14,25.1,8.2,6.3,,False,True,False,53.0,2026-07-14,0.52,2930.0,11.7,-26.8,22.6,False,28.0,58.1,31.1,V자,5,False,- · 주가강도 28점,-
"IQVIA Holdings, Inc. Common Stock",IQV,US,헬스케어,컵앤핸들,268.85,251.61,6.85,37.5,27.4,9.6,,False,True,False,28.0,2026-08-20,1.22,285.61,11.9,-5.9,3.1,False,79.0,67.7,55.2,U자,17,False,진단·연구 중형주 · 시총 427억달러 · ROE 23% · 주가강도 79점,진단·연구
TSE4028,4028.T,JP,미분류,손잡이없음,2806.0,3553.55,-21.04,23.6,9.2,0.0,1.14,False,False,False,,,,4035.0,11.9,-30.5,30.5,False,35.0,44.4,0.0,V자,12,False,- · 손잡이 없는 컵 · 상승일 거래량 1.1배 · 주가강도 35점,-
CBRE Group Inc Common Stock Class A,CBRE,US,부동산,컵앤핸들,128.47,153.23,-16.16,25.8,33.2,6.3,,False,True,False,29.0,2026-08-19,0.85,174.27,12.1,-26.3,26.3,False,7.0,38.5,0.0,들쭉날쭉,17,False,부동산 서비스 중형주 · 시총 412억달러 · ROE 16% · 주가강도 7점,부동산 서비스
有研新材,600206.SS,CN,미분류,손잡이없음,46.62,60.96,-23.52,28.7,4.4,0.0,0.81,False,False,False,,,,69.4,12.2,-32.8,32.8,False,92.0,42.6,12.1,급등,16,False,- · 손잡이 없는 컵 · 상승일 거래량 0.8배 · 주가강도 상위 8% (최상위권),-
영원무역홀딩스,009970.KS,KR,미분류,손잡이없음,159800.0,229729.5,-30.44,31.7,12.2,0.0,0.95,False,False,False,,,,262000.0,12.3,-39.0,39.0,False,8.0,48.2,32.1,V자,16,False,- · 손잡이 없는 컵 · 상승일 거래량 0.9배 · 주가강도 8점,-
Booking Holdings Inc. - Common Stock,BKNG,US,경기소비재,컵앤핸들,162.91,204.81,-20.46,32.0,27.4,7.1,,False,True,False,39.0,2026-08-05,1.42,233.58,12.3,-30.3,27.6,False,5.0,59.7,42.7,덜회복,17,False,"여행 서비스 대형주 · 시총 1,351억달러 · 주가강도 5점",여행 서비스
Deere & Company Common Stock,DE,US,미분류,손잡이형성중,671.55,632.56,6.16,23.6,17.4,4.4,,False,True,False,64.0,2026-06-30,1.36,721.22,12.3,-6.9,6.9,False,71.0,47.5,19.0,급등,16,False,- · 주가강도 71점,-
EQT Corporation Common Stock,EQT,US,미분류,손잡이없음,48.56,59.86,-18.88,19.8,8.6,0.0,0.99,False,False,False,,,,68.24,12.3,-28.8,28.8,False,8.0,48.2,15.5,급등,16,False,- · 손잡이 없는 컵 · 상승일 거래량 1.0배 · 주가강도 8점,-
"Weis Markets, Inc. Common Stock",WMK,US,미분류,손잡이없음,72.98,83.82,-12.94,18.3,13.2,0.0,0.65,False,False,False,,,,95.57,12.3,-23.6,12.8,False,30.0,41.7,0.0,V자,16,False,- · 손잡이 없는 컵 · 상승일 거래량 0.7배 · 주가강도 30점,-
Amgen Inc. - Common Stock,AMGN,US,미분류,손잡이없음,421.51,391.68,7.62,18.1,13.2,0.0,1.22,False,True,False,45.0,2026-07-28,1.28,447.03,12.4,-5.7,5.7,False,70.0,45.7,4.9,급등,16,False,- · 손잡이 없는 컵 · 상승일 거래량 1.2배 · 주가강도 70점,-
H World Group Limited - American Depos,HTHT,US,미분류,손잡이없음,42.8,56.52,-24.27,29.4,17.2,0.0,0.85,False,False,False,,,,64.53,12.4,-33.7,24.4,False,22.0,53.2,30.9,급등,16,False,- · 손잡이 없는 컵 · 상승일 거래량 0.8배 · 주가강도 22점,-
Gulfport Energy Corporation Common Sha,GPOR,US,미분류,손잡이없음,150.48,197.81,-23.93,24.5,14.6,0.0,1.22,False,False,False,,,,225.78,12.4,-33.4,33.4,False,3.0,49.4,18.7,급등,16,False,- · 손잡이 없는 컵 · 상승일 거래량 1.2배 · 주가강도 3점,-
TSE8255,8255.T,JP,미분류,손잡이형성중,1282.0,1194.19,7.35,23.5,12.4,2.3,,False,True,False,51.0,2026-07-16,0.8,1363.0,12.4,-5.9,5.9,False,50.0,56.5,37.4,V자,15,False,- · 주가강도 50점,-
TSE5857,5857.T,JP,미분류,손잡이없음,3520.0,4134.13,-14.86,31.3,12.8,0.0,1.86,False,True,False,22.0,2026-08-28,1.73,4720.0,12.4,-25.4,25.4,False,70.0,63.5,23.8,급등,1,True,- · 손잡이 없는 컵 · 상승일 거래량 1.9배 · 주가강도 70점,-
Diodes Incorporated - Common Stock,DIOD,US,미분류,손잡이없음,96.79,110.22,-12.18,22.1,5.6,0.0,0.97,False,False,False,,,,125.99,12.5,-23.2,23.2,False,84.0,41.4,0.0,급등,16,False,- · 손잡이 없는 컵 · 상승일 거래량 1.0배 · 주가강도 상위 16%,-
Gen Digital Inc. - Common Stock,GEN,US,기술·IT,컵앤핸들,22.02,29.9,-26.35,44.8,49.6,9.6,,False,True,False,23.0,2026-08-27,1.16,34.2,12.6,-35.6,30.4,False,7.0,38.1,19.8,V자,17,False,기술·IT 중형주 · 시총 178억달러 · ROE 42% · 주가강도 7점,기술·IT
中国银行,601988.SS,CN,미분류,손잡이없음,6.73,6.4,5.22,18.2,16.6,0.0,1.26,False,True,False,21.0,2026-08-31,1.64,7.34,12.8,-8.3,0.9,False,65.0,55.9,21.2,급등,16,False,- · 손잡이 없는 컵 · 상승일 거래량 1.3배 · 주가강도 65점,-
TSE9267,9267.T,JP,미분류,손잡이없음,3430.0,4754.75,-27.86,33.2,22.2,0.0,1.1,False,False,False,,,,5460.0,12.9,-37.2,37.2,False,6.0,43.5,25.5,급등,2,False,- · 손잡이 없는 컵 · 상승일 거래량 1.1배 · 주가강도 6점,-
"Tesla, Inc.  - Common Stock",TSLA,US,미분류,손잡이없음,354.81,433.29,-18.11,31.3,9.0,0.0,1.33,False,False,False,,,,498.83,13.1,-28.9,28.9,False,6.0,52.9,22.6,V자,16,False,- · 손잡이 없는 컵 · 상승일 거래량 1.3배 · 주가강도 6점,-
TSE9418,9418.T,JP,미분류,손잡이없음,1767.0,2049.05,-13.76,26.5,26.6,0.0,1.09,False,False,False,,,,2359.0,13.1,-25.1,18.9,False,27.0,45.4,17.6,V자,3,False,- · 손잡이 없는 컵 · 상승일 거래량 1.1배 · 주가강도 27점,-
TSE5161,5161.T,JP,미분류,손잡이없음,3450.0,3948.94,-12.63,26.5,26.4,0.0,1.49,False,False,False,,,,4545.0,13.1,-24.1,24.1,False,48.0,45.0,0.0,V자,1,True,- · 손잡이 없는 컵 · 상승일 거래량 1.5배 · 주가강도 48점,-
TSE7203,7203.T,JP,미분류,손잡이없음,2872.5,3471.47,-17.25,22.5,13.8,0.0,0.91,False,False,False,,,,4000.0,13.2,-28.2,28.2,False,20.0,57.0,37.6,급등,16,False,- · 손잡이 없는 컵 · 상승일 거래량 0.9배 · 주가강도 20점,-
飞龙股份,002536.SZ,CN,경기소비재,손잡이형성중,45.38,55.52,-18.26,47.4,6.6,8.1,,False,True,False,19.0,2026-09-02,1.17,63.97,13.2,-29.1,29.1,False,77.0,50.4,36.2,V자,16,False,자동차부품 중형주 · 시총 300억위안 · ROE 5% · 주가강도 77점,자동차부품
BW LPG Limited Common Shares,BWLP,US,미분류,손잡이없음,25.05,22.94,9.17,25.0,6.2,0.0,1.83,False,True,False,31.0,2026-08-17,0.74,26.47,13.3,-5.4,5.4,False,90.0,47.7,0.0,V자,16,False,- · 손잡이 없는 컵 · 상승일 거래량 1.8배 · 주가강도 상위 10% (최상위권),-
Pan American Silver Corp. Common Stock,PAAS,US,미분류,손잡이없음,45.51,60.62,-24.93,32.7,16.0,0.0,1.34,False,False,False,,,,69.99,13.4,-35.0,35.0,False,21.0,44.4,0.0,V자,16,False,- · 손잡이 없는 컵 · 상승일 거래량 1.3배 · 주가강도 21점,-
FE HORIZON,3360.HK,HK,금융,손잡이없음,6.45,8.08,-20.22,37.8,8.4,0.0,1.68,False,False,False,,,,9.33,13.4,-30.9,24.5,False,21.0,47.8,33.1,V자,16,False,여신·카드 중형주 · 시총 328억HKD · ROE 7% · 손잡이 없는 컵 · 상승일 거래량 1.7배 · 주가강도 21점,여신·카드
HANSOH PHARMA,3692.HK,HK,미분류,손잡이없음,35.3,40.46,-12.75,30.6,15.6,0.0,1.23,False,False,False,,,,46.7,13.4,-24.4,20.2,False,32.0,39.9,0.0,V자,16,False,- · 손잡이 없는 컵 · 상승일 거래량 1.2배 · 주가강도 32점,-
Carlisle Companies Incorporated Common,CSL,US,미분류,손잡이형성중,322.17,416.19,-22.59,32.7,26.8,4.4,,False,True,False,160.0,2026-02-10,1.62,481.26,13.5,-33.1,25.6,False,16.0,60.3,54.7,U자,16,False,- · 주가강도 16점,-
TSE4194,4194.T,JP,미분류,손잡이없음,8998.0,10775.76,-16.5,41.7,40.0,0.0,1.36,False,False,False,,,,12460.0,13.5,-27.8,25.8,False,44.0,37.9,8.1,V자,12,False,- · 손잡이 없는 컵 · 상승일 거래량 1.4배 · 주가강도 44점,-
한올바이오파마,009420.KS,KR,헬스케어,컵앤핸들,45900.0,63063.0,-27.22,45.5,6.4,11.9,,False,True,False,25.0,2026-08-26,1.08,73000.0,13.6,-37.1,37.1,False,20.0,51.5,38.6,V자,17,False,헬스케어 중형주 · 시총 2.7조원 · 주가강도 20점,헬스케어
"H&R Block, Inc. Common Stock",HRB,US,미분류,손잡이없음,40.85,59.11,-30.89,52.3,59.8,0.0,1.15,False,False,False,,,,68.45,13.6,-40.3,30.4,False,31.0,24.2,0.0,V자,16,False,- · 손잡이 없는 컵 · 상승일 거래량 1.1배 · 주가강도 31점,-
Noble Corporation plc A Ordinary Share,NE,US,에너지,컵앤핸들,41.74,47.84,-12.75,28.8,19.4,7.2,,False,True,False,19.0,2026-09-02,0.66,55.34,13.6,-24.6,24.1,False,65.0,47.6,9.2,V자,17,False,시추 중형주 · 시총 73억달러 · ROE 3% · 주가강도 65점,시추
TSE1950,1950.T,JP,미분류,손잡이없음,3965.0,4649.64,-14.72,19.7,10.0,0.0,0.96,False,False,False,,,,5380.0,13.6,-26.3,26.3,False,43.0,44.4,0.0,V자,16,False,- · 손잡이 없는 컵 · 상승일 거래량 1.0배 · 주가강도 43점,-
CATL,3750.HK,HK,미분류,손잡이형성중,484.2,685.68,-29.38,25.6,21.8,6.6,,False,True,False,131.0,2026-03-20,2.42,794.5,13.7,-39.1,39.1,True,3.0,47.3,5.7,급등,16,False,- · 주가강도 3점,-
TSE3088,3088.T,JP,미분류,손잡이없음,2431.0,2927.42,-16.96,25.7,29.8,0.0,1.4,False,False,False,,,,3393.0,13.7,-28.4,22.3,False,18.0,41.1,0.0,V자,16,False,- · 손잡이 없는 컵 · 상승일 거래량 1.4배 · 주가강도 18점,-
TSE4182,4182.T,JP,미분류,손잡이형성중,3865.0,4949.94,-21.92,35.6,9.0,6.0,,False,True,False,96.0,2026-05-14,2.14,5738.0,13.7,-32.6,32.6,False,40.0,68.2,73.7,U자,12,False,- · 주가강도 40점,-
"Meta Platforms, Inc. - Class A Common ",META,US,통신·미디어,손잡이형성중,725.18,686.0,5.71,24.2,20.8,3.6,,False,True,False,7.0,2026-09-21,2.71,796.25,13.8,-8.9,7.0,False,59.0,41.9,9.4,급등,17,False,인터넷 콘텐츠 초대형주 · 시총 1.7조달러 · ROE 30% · 주가강도 59점,인터넷 콘텐츠
"Idaho Strategic Resources, Inc. Common",IDR,US,미분류,컵앤핸들,28.0,47.15,-40.61,42.5,7.0,16.6,,False,True,False,101.0,2026-05-06,1.17,54.7,13.8,-48.8,48.8,False,3.0,51.4,42.7,V자,17,False,- · 주가강도 3점,-
Toyota Motor Corporation Common Stock,TM,US,미분류,손잡이없음,183.1,220.07,-16.8,24.4,14.0,0.0,1.13,False,False,False,,,,255.23,13.8,-28.3,26.4,False,19.0,51.0,22.6,급등,16,False,- · 손잡이 없는 컵 · 상승일 거래량 1.1배 · 주가강도 19점,-
TSE6379,6379.T,JP,미분류,손잡이없음,972.0,923.92,5.2,23.8,19.2,0.0,1.88,False,True,False,41.0,2026-07-31,3.94,1071.67,13.8,-9.3,9.3,False,77.0,57.6,0.0,V자,16,False,- · 손잡이 없는 컵 · 상승일 거래량 1.9배 · 주가강도 77점,-
孚日股份,002083.SZ,CN,미분류,손잡이없음,9.6,12.72,-24.54,30.0,4.4,0.0,0.98,False,False,False,,,,14.75,13.8,-34.9,34.9,False,50.0,48.4,26.4,급등,16,False,- · 손잡이 없는 컵 · 상승일 거래량 1.0배 · 주가강도 50점,-
Atour Lifestyle Holdings Limited - Ame,ATAT,US,미분류,손잡이없음,32.62,37.16,-12.22,16.3,4.4,0.0,1.91,False,False,False,,,,43.17,13.9,-24.4,24.4,False,13.0,44.8,0.0,V자,16,False,- · 손잡이 없는 컵 · 상승일 거래량 1.9배 · 주가강도 13점,-
TSE6586,6586.T,JP,미분류,손잡이없음,5301.0,6064.06,-12.58,16.8,4.2,0.0,1.19,False,False,False,,,,7050.0,14.0,-24.8,13.5,False,32.0,33.6,0.0,V자,15,False,- · 손잡이 없는 컵 · 상승일 거래량 1.2배 · 주가강도 32점,-
GraniteShares Gold Trust Shares of Ben,BAR,US,미분류,손잡이없음,40.91,46.95,-12.86,16.9,12.2,0.0,1.55,False,False,False,,,,54.62,14.1,-25.1,25.1,False,25.0,54.9,15.8,급등,16,False,- · 손잡이 없는 컵 · 상승일 거래량 1.6배 · 주가강도 25점,-
AMIYA CORP,4258.T,JP,기술·IT,손잡이형성중,5610.0,5045.04,11.2,40.3,34.2,20.4,,False,True,False,13.0,2026-09-10,2.12,5870.0,14.1,-4.4,4.4,False,93.0,37.0,5.6,급등,16,False,IT 서비스 소형주 · 시총 462억엔 · ROE 35% · 주가강도 상위 7% (최상위권),IT 서비스
中国电信,601728.SS,CN,미분류,손잡이없음,6.28,7.4,-15.11,30.3,10.8,0.0,1.3,False,False,False,,,,8.61,14.1,-27.1,15.0,False,39.0,51.4,26.3,V자,16,False,- · 손잡이 없는 컵 · 상승일 거래량 1.3배 · 주가강도 39점,-
달바글로벌,483650.KS,KR,미분류,컵앤핸들,183700.0,242742.5,-24.32,53.1,34.2,16.7,,False,True,False,97.0,2026-05-12,7.86,283000.0,14.2,-35.1,35.1,True,38.0,37.6,14.4,급등,17,False,- · 주가강도 38점,-
CHINA RES MIXC,1209.HK,HK,미분류,손잡이없음,38.2,47.39,-19.39,23.7,29.6,0.0,1.22,False,False,False,,,,55.25,14.2,-30.9,25.3,False,14.0,39.4,0.0,들쭉날쭉,16,False,- · 손잡이 없는 컵 · 상승일 거래량 1.2배 · 주가강도 14점,-
国电南瑞,600406.SS,CN,미분류,손잡이없음,22.52,28.51,-21.01,25.4,11.2,0.0,1.21,False,False,False,,,,33.24,14.2,-32.3,29.8,False,21.0,62.9,61.2,덜회복,16,False,- · 손잡이 없는 컵 · 상승일 거래량 1.2배 · 주가강도 21점,-
제이앤티씨,204270.KQ,KR,기술·IT,컵앤핸들,22775.0,28328.3,-19.6,58.7,32.0,12.4,,False,True,False,224.0,2025-11-03,3.11,33050.0,14.3,-31.1,24.3,False,76.0,60.3,53.3,U자,16,False,전자부품 중형주 · 시총 1.3조원 · 주가강도 76점,전자부품
通富微电,002156.SZ,CN,미분류,손잡이없음,56.9,72.63,-21.66,22.5,5.0,0.0,1.06,False,False,False,,,,84.7,14.3,-32.8,32.8,False,73.0,42.6,3.1,급등,16,False,- · 손잡이 없는 컵 · 상승일 거래량 1.1배 · 주가강도 73점,-
Hut 8 Corp. - Common Stock,HUT,US,미분류,손잡이없음,86.1,120.5,-28.55,37.4,8.2,0.0,1.66,False,False,False,,,,140.8,14.4,-38.8,38.8,False,90.0,50.4,28.6,급등,11,False,- · 손잡이 없는 컵 · 상승일 거래량 1.7배 · 주가강도 상위 10% (최상위권),-
TIME INTERCON,1729.HK,HK,미분류,손잡이없음,16.6,21.14,-21.48,43.4,10.8,0.0,1.37,False,False,False,,,,24.7,14.4,-32.8,32.8,False,36.0,42.6,19.8,V자,17,False,- · 손잡이 없는 컵 · 상승일 거래량 1.4배 · 주가강도 36점,-
TSE7537,7537.T,JP,미분류,손잡이형성중,1893.0,1667.67,13.51,23.7,14.4,9.0,,False,True,False,87.0,2026-05-27,1.23,1949.0,14.4,-2.9,2.0,False,82.0,59.8,19.1,급등,16,False,- · 주가강도 상위 18%,-
Avery Dennison Corporation Common Stoc,AVY,US,미분류,손잡이없음,170.67,199.74,-14.55,23.6,21.6,0.0,0.84,False,False,False,,,,233.48,14.5,-26.9,14.5,False,29.0,42.0,0.0,급등,16,False,- · 손잡이 없는 컵 · 상승일 거래량 0.8배 · 주가강도 29점,-
MUELLER WATER PRODUCTS Common Stock,MWA,US,미분류,컵앤핸들,21.24,26.49,-19.81,23.0,5.0,4.0,,False,True,False,355.0,2025-05-01,0.43,31.0,14.5,-31.5,31.5,False,4.0,45.6,17.9,V자,15,False,- · 주가강도 4점,-
TSE3291,3291.T,JP,미분류,손잡이없음,2134.5,2621.62,-18.58,23.1,25.8,0.0,1.19,False,False,False,,,,3065.0,14.5,-30.4,23.6,False,14.0,39.8,0.0,V자,16,False,- · 손잡이 없는 컵 · 상승일 거래량 1.2배 · 주가강도 14점,-
"East West Bancorp, Inc. - Common Stock",EWBC,US,금융,손잡이형성중,123.93,117.39,5.57,17.4,8.2,2.9,,False,True,False,118.0,2026-04-13,0.66,137.47,14.6,-9.8,9.8,False,41.0,48.5,2.8,V자,17,False,금융 중형주 · 시총 177억달러 · ROE 17% · 주가강도 41점,금융
"Core Natural Resources, Inc. Common St",CNR,US,에너지,손잡이없음,85.84,114.91,-25.3,32.5,20.8,0.0,0.97,False,False,False,,,,134.59,14.6,-36.2,25.2,False,28.0,56.2,38.4,덜회복,16,False,석탄 소형주 · 시총 49억달러 · ROE 3% · 손잡이 없는 컵 · 상승일 거래량 1.0배 · 주가강도 28점,석탄
FUJIKURA COMPOSITES INC,5121.T,JP,경기소비재,손잡이형성중,2994.0,2600.6,15.13,16.3,4.0,2.0,,False,True,False,118.0,2026-04-08,2.28,3045.0,14.6,-1.7,1.7,False,79.0,55.1,26.5,급등,16,False,자동차부품 소형주 · 시총 511억엔 · ROE 11% · 주가강도 79점,자동차부품
利民股份,002734.SZ,CN,미분류,손잡이형성중,18.53,21.23,-12.72,48.0,28.8,13.7,,False,False,False,,,,24.87,14.6,-25.5,18.7,False,42.0,38.8,13.8,V자,16,False,- · 주가강도 42점,-
한진칼,180640.KS,KR,미분류,손잡이형성중,130200.0,150049.9,-13.23,43.6,35.4,4.6,,False,True,False,149.0,2026-02-24,1.56,175900.0,14.7,-26.0,26.0,False,44.0,54.3,56.2,U자,16,False,- · 주가강도 44점,-
Toronto Dominion Bank (The) Common Sto,TD,US,미분류,컵앤핸들,117.53,107.05,9.79,8.8,7.2,2.8,,False,True,False,105.0,2026-04-30,0.9,125.47,14.7,-6.3,6.3,False,62.0,47.7,35.0,V자,17,False,- · 주가강도 62점,-
TSE7011,7011.T,JP,미분류,손잡이없음,3867.0,4443.44,-12.97,19.3,4.4,0.0,1.03,False,False,False,,,,5208.0,14.7,-25.7,25.7,False,27.0,39.0,0.0,급등,16,False,- · 손잡이 없는 컵 · 상승일 거래량 1.0배 · 주가강도 27점,-
Companhia de saneamento Basico Do Esta,SBS,US,미분류,손잡이없음,5.31,6.1,-12.89,26.9,8.2,0.0,2.3,False,False,False,,,,7.16,14.8,-25.8,25.8,False,24.0,46.3,0.0,V자,16,False,- · 손잡이 없는 컵 · 상승일 거래량 2.3배 · 주가강도 24점,-
"Dillard's, Inc. Common Stock",DDS,US,미분류,손잡이없음,669.99,631.41,6.11,20.2,5.2,0.0,3.93,False,True,False,36.0,2026-08-10,2.22,741.98,14.9,-9.7,9.7,False,58.0,54.5,0.0,V자,16,False,- · 손잡이 없는 컵 · 상승일 거래량 3.9배 · 주가강도 58점,-
TSE1899,1899.T,JP,미분류,손잡이없음,4760.0,4369.36,8.94,20.5,5.8,0.0,1.17,False,True,False,36.0,2026-08-07,3.36,5140.0,15.0,-7.4,7.4,False,74.0,46.5,0.0,V자,16,False,- · 손잡이 없는 컵 · 상승일 거래량 1.2배 · 주가강도 74점,-
삼양식품,003230.KS,KR,미분류,손잡이형성중,1227000.0,1413412.0,-13.19,31.9,13.0,8.6,,False,True,False,26.0,2026-08-25,0.89,1665000.0,15.1,-26.3,23.6,False,23.0,66.7,52.8,U자,16,False,- · 주가강도 23점,-
"BridgeBio Pharma, Inc. - Common Stock",BBIO,US,미분류,손잡이형성중,65.8,79.33,-17.05,26.3,9.2,4.1,,False,True,False,58.0,2026-07-09,5.76,93.42,15.1,-29.6,29.6,False,17.0,56.4,39.0,U자,16,False,- · 주가강도 17점,-
Cipher Digital Inc. - Common Stock,CIFR,US,미분류,컵앤핸들,15.82,25.59,-38.15,54.1,27.6,13.3,,False,True,False,83.0,2026-06-02,1.16,30.14,15.1,-47.5,47.5,False,36.0,49.4,34.3,U자,17,False,- · 주가강도 36점,-
TSE1414,1414.T,JP,미분류,손잡이없음,1251.0,1471.47,-14.98,16.6,14.4,0.0,0.74,False,False,False,,,,1732.25,15.1,-27.8,18.6,False,23.0,46.1,17.8,급등,16,False,- · 손잡이 없는 컵 · 상승일 거래량 0.7배 · 주가강도 23점,-
피에스케이홀딩스,031980.KQ,KR,미분류,손잡이형성중,190400.0,165765.6,14.86,56.6,9.2,13.6,,False,True,False,11.0,2026-09-15,1.24,195500.0,15.2,-2.6,2.0,False,98.0,44.3,30.5,V자,16,False,- 중형주 · 시총 3.5조원 · 주가강도 상위 2% (최상위권),-
SiTime Corporation - Common Stock,SITM,US,미분류,손잡이없음,652.03,763.41,-14.59,29.7,7.2,0.0,1.56,False,False,False,,,,901.81,15.3,-27.7,27.7,False,90.0,62.8,51.9,덜회복,3,False,- · 손잡이 없는 컵 · 상승일 거래량 1.6배 · 주가강도 상위 10% (최상위권),-
Allied Gold Corporation Common Shares,AAUC,US,미분류,손잡이없음,20.88,27.26,-23.4,37.8,9.4,0.0,1.56,False,False,False,,,,32.2,15.3,-35.2,35.2,False,8.0,36.6,17.7,V자,16,False,- · 손잡이 없는 컵 · 상승일 거래량 1.6배 · 주가강도 8점,-
Cameco Corporation Common Stock,CCJ,US,미분류,컵앤핸들,86.67,114.56,-24.35,29.5,10.0,7.3,,False,True,False,176.0,2026-01-16,1.41,135.24,15.3,-35.9,35.9,False,11.0,65.9,68.4,U자,17,False,- · 주가강도 11점,-
"Dorman Products, Inc. - Common Stock",DORM,US,미분류,손잡이없음,122.6,141.11,-13.12,30.2,23.8,0.0,1.08,False,True,False,53.0,2026-07-16,0.79,166.89,15.4,-26.5,25.2,False,16.0,33.1,0.0,V자,16,False,- · 손잡이 없는 컵 · 상승일 거래량 1.1배 · 주가강도 16점,-
Moelis & Company Class A Common Stock,MC,US,금융,컵앤핸들,57.52,70.1,-17.95,29.3,17.2,6.8,,False,True,False,108.0,2026-04-27,0.78,82.89,15.4,-30.6,26.5,False,6.0,38.1,0.0,V자,17,False,증권·자본시장 소형주 · 시총 48억달러 · ROE 41% · 주가강도 6점,증권·자본시장
TSE2918,2918.T,JP,미분류,손잡이없음,2658.0,3233.23,-17.79,21.5,14.8,0.0,1.25,False,False,False,,,,3820.0,15.4,-30.4,30.4,False,16.0,44.6,8.1,급등,16,False,- · 손잡이 없는 컵 · 상승일 거래량 1.2배 · 주가강도 16점,-
TSE4634,4634.T,JP,미분류,손잡이없음,5050.0,4414.41,14.4,18.8,4.4,0.0,1.09,False,True,False,53.0,2026-07-14,1.28,5220.0,15.4,-3.3,3.3,False,79.0,36.4,0.0,급등,16,False,- · 손잡이 없는 컵 · 상승일 거래량 1.1배 · 주가강도 79점,-
北自科技,603082.SS,CN,미분류,컵앤핸들,41.25,47.23,-12.66,45.3,14.8,7.9,,False,True,False,15.0,2026-09-08,1.3,55.8,15.4,-26.1,25.0,False,46.0,39.5,17.8,V자,17,False,- · 주가강도 46점,-
News Corporation - Class B Common Stoc,NWS,US,통신·미디어,손잡이형성중,31.72,30.2,5.03,23.6,47.0,1.9,,False,True,False,112.0,2026-04-21,0.49,35.76,15.5,-11.3,11.3,False,37.0,33.2,0.0,들쭉날쭉,16,False,엔터테인먼트 중형주 · 시총 179억달러 · ROE 8% · 주가강도 37점,엔터테인먼트
ZIJIN MINING,2899.HK,HK,미분류,손잡이없음,32.24,39.7,-18.79,33.0,11.4,0.0,1.38,False,False,False,,,,46.98,15.5,-31.4,31.4,False,29.0,51.5,28.2,V자,16,False,- · 손잡이 없는 컵 · 상승일 거래량 1.4배 · 주가강도 29점,-
TSE1852,1852.T,JP,미분류,손잡이없음,877.0,1042.04,-15.84,26.3,33.6,0.0,1.28,False,False,False,,,,1233.0,15.5,-28.9,28.9,False,20.0,30.7,0.0,들쭉날쭉,16,False,- · 손잡이 없는 컵 · 상승일 거래량 1.3배 · 주가강도 20점,-
TSE1898,1898.T,JP,미분류,손잡이없음,1459.0,1725.72,-15.46,19.1,20.6,0.0,1.0,False,False,False,,,,2042.0,15.5,-28.6,15.6,False,21.0,44.8,14.4,급등,16,False,- · 손잡이 없는 컵 · 상승일 거래량 1.0배 · 주가강도 21점,-
TSE3445,3445.T,JP,미분류,손잡이없음,6380.0,7307.3,-12.69,32.0,7.4,0.0,14.91,False,False,False,,,,8650.0,15.5,-26.2,26.2,False,77.0,71.8,65.5,덜회복,1,True,- · 손잡이 없는 컵 · 상승일 거래량 14.9배 · 주가강도 77점,-
"Laureate Education, Inc. - Common Stoc",LAUR,US,미분류,손잡이형성중,38.16,34.53,10.51,24.3,14.6,3.0,,False,True,False,78.0,2026-06-09,1.22,40.92,15.6,-6.8,6.8,False,45.0,37.8,0.0,들쭉날쭉,16,False,- · 주가강도 45점,-
VSE Corporation - Common Stock,VSEC,US,미분류,손잡이형성중,164.7,209.11,-21.24,26.5,5.4,6.2,,False,True,False,71.0,2026-06-18,1.72,247.85,15.6,-33.5,33.5,False,4.0,60.4,58.2,덜회복,16,False,- · 주가강도 4점,-
"Reliance, Inc. Common Stock",RS,US,미분류,손잡이형성중,384.75,365.36,5.31,20.9,9.6,6.9,,False,True,False,104.0,2026-05-01,0.67,433.02,15.6,-11.1,11.1,False,65.0,76.7,83.7,U자,16,False,- · 주가강도 65점,-
TSE9022,9022.T,JP,미분류,손잡이없음,3647.0,4434.43,-17.76,27.7,13.4,0.0,1.22,False,False,False,,,,5251.0,15.6,-30.5,24.5,False,18.0,61.5,59.3,덜회복,16,False,- · 손잡이 없는 컵 · 상승일 거래량 1.2배 · 주가강도 18점,-
"RadNet, Inc. - Common Stock",RDNT,US,헬스케어,컵앤핸들,68.94,78.94,-12.67,37.4,29.0,12.6,,False,False,False,,,,93.65,15.7,-26.4,19.7,False,33.0,46.2,25.4,급등,17,False,진단·연구 중형주 · 시총 57억달러 · ROE 1% · 주가강도 33점,진단·연구
Wealthfront Corporation - Common Stock,WLTH,US,미분류,손잡이없음,10.38,12.43,-16.51,37.3,13.8,0.0,1.26,False,False,False,,,,14.75,15.7,-29.6,29.6,True,,35.4,9.0,급등,16,False,- · 손잡이 없는 컵 · 상승일 거래량 1.3배,-
Tompkins Financial Corporation Common ,TMP,US,미분류,컵앤핸들,96.25,86.46,11.33,17.7,8.0,6.5,,False,True,False,88.0,2026-05-26,1.58,102.59,15.7,-6.2,6.2,False,65.0,73.7,75.6,U자,17,False,- · 주가강도 65점,-
LUYUAN GP HLDG,2451.HK,HK,미분류,손잡이없음,14.09,16.18,-12.9,28.2,9.4,0.0,1.89,False,True,False,10.0,2026-09-16,2.81,19.19,15.7,-26.6,26.6,False,54.0,56.6,14.1,급등,10,False,- · 손잡이 없는 컵 · 상승일 거래량 1.9배 · 주가강도 54점,-
Sezzle Inc. - Common Stock,SEZL,US,미분류,컵앤핸들,108.04,164.54,-34.34,69.2,44.4,10.4,,False,True,False,66.0,2026-06-26,1.24,195.71,15.9,-44.8,44.8,False,61.0,54.6,44.9,U자,15,False,- · 주가강도 61점,-
Brookfield Asset Management Inc Class ,BAM,US,미분류,컵앤핸들,44.58,53.93,-17.34,28.9,40.8,4.0,,False,True,False,35.0,2026-08-11,1.26,64.1,15.9,-30.5,24.9,False,12.0,30.6,0.0,들쭉날쭉,17,False,- · 주가강도 12점,-
Ingersoll Rand Inc. Common Stock,IR,US,미분류,손잡이없음,75.11,89.19,-15.79,23.6,8.8,0.0,1.53,False,True,False,40.0,2026-08-04,1.06,106.03,15.9,-29.2,25.6,False,14.0,43.2,0.0,V자,16,False,- · 손잡이 없는 컵 · 상승일 거래량 1.5배 · 주가강도 14점,-
TSE4975,4975.T,JP,미분류,손잡이없음,5940.0,6806.8,-12.73,24.1,6.8,0.0,2.64,False,False,False,,,,8090.0,15.9,-26.6,26.6,False,31.0,49.0,7.1,급등,4,False,- · 손잡이 없는 컵 · 상승일 거래량 2.6배 · 주가강도 31점,-
莲花控股,600186.SS,CN,미분류,손잡이형성중,11.46,13.39,-14.44,45.2,11.8,19.3,,False,True,False,4.0,2026-09-23,1.59,15.93,15.9,-28.1,28.1,False,86.0,32.6,12.1,V자,16,False,- · 주가강도 상위 14%,-
"Everpure, Inc. Class A common stock",P,US,기술·IT,손잡이형성중,130.78,113.91,14.81,24.7,4.6,8.3,,False,True,False,4.0,2026-09-24,2.56,135.68,16.0,-3.6,1.9,False,95.0,66.9,51.7,U자,16,False,컴퓨터 하드웨어 중형주 · 시총 420억달러 · ROE 18% · 주가강도 상위 5% (최상위권),컴퓨터 하드웨어
Philip Morris International Inc Common,PM,US,미분류,컵앤핸들,190.82,174.45,9.38,22.8,25.6,6.4,,False,True,False,171.0,2026-01-26,0.96,207.76,16.0,-8.2,8.2,False,53.0,56.8,36.6,덜회복,17,False,- · 주가강도 53점,-
CHOW TAI FOOK,1929.HK,HK,미분류,손잡이없음,10.96,15.57,-29.59,33.5,27.2,0.0,1.08,False,False,False,,,,18.54,16.0,-40.9,35.3,False,8.0,34.9,7.7,급등,16,False,- · 손잡이 없는 컵 · 상승일 거래량 1.1배 · 주가강도 8점,-
桐昆股份,601233.SS,CN,미분류,손잡이없음,22.73,26.04,-12.7,37.1,8.2,0.0,1.1,False,True,False,22.0,2026-08-28,2.06,31.0,16.0,-26.7,19.1,False,71.0,66.2,72.5,덜회복,16,False,- · 손잡이 없는 컵 · 상승일 거래량 1.1배 · 주가강도 71점,-
"Medpace Holdings, Inc. - Common Stock",MEDP,US,헬스케어,컵앤핸들,624.18,568.48,9.8,40.7,23.0,9.4,,False,True,False,48.0,2026-07-23,3.77,677.9,16.1,-7.9,7.9,False,59.0,44.6,12.4,급등,17,False,진단·연구 중형주 · 시총 164억달러 · ROE 162% · 주가강도 59점,진단·연구
Kinross Gold Corporation Common Stock,KGC,US,소재,손잡이없음,24.08,32.82,-26.64,32.0,13.8,0.0,1.85,False,True,False,26.0,2026-08-24,1.16,39.11,16.1,-38.4,38.4,False,10.0,70.6,62.5,덜회복,17,False,금 중형주 · 시총 359억달러 · ROE 37% · 손잡이 없는 컵 · 상승일 거래량 1.9배 · 주가강도 10점,금
Iridium Communications Inc - Common St,IRDM,US,미분류,손잡이없음,47.9,57.24,-16.31,22.7,5.2,0.0,0.8,False,False,False,,,,68.34,16.2,-29.9,16.2,False,94.0,59.0,51.5,덜회복,16,False,- · 손잡이 없는 컵 · 상승일 거래량 0.8배 · 주가강도 상위 6% (최상위권),-
Willis Lease Finance Corporation - Com,WLFC,US,미분류,컵앤핸들,49.91,68.3,-26.93,46.0,47.2,6.2,,False,True,False,153.0,2026-02-20,0.41,81.54,16.2,-38.8,38.8,False,6.0,36.0,0.0,급등,17,False,- · 주가강도 6점,-
"Agilent Technologies, Inc. Common Stoc",A,US,헬스케어,컵앤핸들,172.31,150.39,14.58,32.4,35.2,2.3,,False,True,False,29.0,2026-08-19,1.47,179.57,16.2,-4.0,2.7,False,79.0,52.3,33.0,V자,17,False,진단·연구 중형주 · 시총 424억달러 · ROE 21% · 주가강도 79점,진단·연구
Embraer S.A. Common Stock,EMBJ,US,미분류,컵앤핸들,75.32,67.63,11.37,25.3,11.2,7.1,,False,True,False,46.0,2026-07-27,1.3,80.75,16.2,-6.7,6.7,False,64.0,75.3,72.9,U자,17,False,- · 주가강도 64점,-
TSE5975,5975.T,JP,미분류,손잡이없음,3280.0,3018.02,8.68,23.9,9.8,0.0,1.47,False,True,False,35.0,2026-08-10,6.42,3610.0,16.4,-9.1,9.1,False,79.0,51.3,0.7,급등,16,False,- · 손잡이 없는 컵 · 상승일 거래량 1.5배 · 주가강도 79점,-
平高电气,600312.SS,CN,미분류,손잡이없음,20.29,23.62,-14.11,32.2,11.4,0.0,1.43,False,False,False,,,,28.3,16.5,-28.3,20.9,False,57.0,54.9,35.0,V자,16,False,- · 손잡이 없는 컵 · 상승일 거래량 1.4배 · 주가강도 57점,-
CMB.TECH NV Ordinary Shares,CMBT,US,미분류,손잡이없음,18.93,17.74,6.72,21.6,6.6,0.0,1.98,False,True,False,29.0,2026-08-19,1.09,21.26,16.6,-11.0,9.1,False,91.0,62.4,40.5,덜회복,16,False,- · 손잡이 없는 컵 · 상승일 거래량 2.0배 · 주가강도 상위 9% (최상위권),-
TSE8022,8022.T,JP,미분류,컵앤핸들,4215.0,3718.71,13.35,9.7,4.0,6.7,,False,True,False,43.0,2026-07-29,0.97,4460.0,16.6,-5.5,5.5,False,80.0,32.7,13.4,V자,15,False,- · 주가강도 상위 20%,-
TSE5367,5367.T,JP,미분류,손잡이없음,1505.0,1750.75,-14.04,45.7,16.8,0.0,2.22,False,False,False,,,,2099.0,16.6,-28.3,28.3,False,95.0,34.4,0.0,들쭉날쭉,1,True,- · 손잡이 없는 컵 · 상승일 거래량 2.2배 · 주가강도 상위 5% (최상위권),-
Weatherford International plc - Ordina,WFRD,US,미분류,손잡이없음,78.68,112.42,-30.01,30.8,17.0,0.0,0.74,False,False,False,,,,135.0,16.7,-41.7,30.5,False,23.0,46.2,23.8,V자,16,False,- · 손잡이 없는 컵 · 상승일 거래량 0.7배 · 주가강도 23점,-
Ecolab Inc. Common Stock,ECL,US,미분류,컵앤핸들,274.58,257.54,6.62,19.0,8.6,3.2,,False,True,False,344.0,2025-05-16,0.75,309.27,16.7,-11.2,11.2,False,28.0,39.4,0.0,V자,17,False,- · 주가강도 28점,-
"Seabridge Gold, Inc. Common Shares New",SA,US,미분류,손잡이형성중,28.34,33.33,-14.98,33.7,9.4,5.0,,False,True,False,32.0,2026-08-14,0.89,40.06,16.8,-29.3,29.3,False,32.0,56.4,50.9,U자,16,False,- · 주가강도 32점,-
TSE6638,6638.T,JP,미분류,손잡이형성중,2236.0,1895.89,17.94,33.9,6.0,20.5,,False,True,False,326.0,2025-06-02,0.49,2280.0,16.8,-1.9,1.9,False,75.0,44.8,62.1,U자,1,True,- · 주가강도 75점,-
NHN,181710.KS,KR,미분류,손잡이없음,56600.0,64964.9,-12.88,51.5,10.0,0.0,2.16,False,True,False,33.0,2026-08-13,4.13,78200.0,16.9,-27.6,27.6,False,93.0,53.4,20.9,급등,16,False,- · 손잡이 없는 컵 · 상승일 거래량 2.2배 · 주가강도 상위 7% (최상위권),-
"Arcosa, Inc. Common Stock ",ACA,US,미분류,컵앤핸들,146.15,122.09,19.7,23.8,9.8,4.8,,False,True,False,105.0,2026-04-30,1.55,146.92,16.9,-0.5,0.5,False,72.0,60.7,40.7,V자,17,False,- · 주가강도 72점,-
Howmet Aerospace Inc. Common Stock,HWM,US,미분류,손잡이형성중,226.18,257.63,-12.21,17.5,5.4,3.2,,False,True,False,117.0,2026-04-14,0.64,310.0,16.9,-27.0,27.0,False,22.0,38.5,2.8,V자,16,False,- · 주가강도 22점,-
Sonoco Products Company Common Stock,SON,US,경기소비재,컵앤핸들,48.82,58.02,-15.85,21.4,19.0,8.6,,False,True,False,47.0,2026-07-24,1.04,69.83,16.9,-30.1,19.5,False,21.0,53.7,19.6,V자,17,False,포장재 소형주 · 시총 49억달러 · ROE 19% · 주가강도 21점,포장재
TSE8065,8065.T,JP,미분류,손잡이없음,2939.0,3403.4,-13.65,18.7,6.6,0.0,1.65,False,True,False,40.0,2026-08-03,2.07,4095.0,16.9,-28.2,28.2,False,72.0,44.9,0.0,V자,15,False,- · 손잡이 없는 컵 · 상승일 거래량 1.6배 · 주가강도 72점,-
四川黄金,001337.SZ,CN,미분류,손잡이없음,44.9,61.1,-26.52,48.1,15.0,0.0,1.42,False,False,False,,,,73.55,16.9,-39.0,39.0,False,70.0,56.9,52.3,V자,16,False,- · 손잡이 없는 컵 · 상승일 거래량 1.4배 · 주가강도 70점,-
Coherent Corp. Common Stock,COHR,US,미분류,손잡이형성중,287.81,365.16,-21.18,28.2,6.8,20.2,,False,True,False,98.0,2026-05-11,1.24,440.0,17.0,-34.6,34.6,False,83.0,38.0,20.5,V자,16,False,- · 주가강도 상위 17%,-
"Rockwell Automation, Inc. Common Stock",ROK,US,미분류,손잡이형성중,435.33,412.69,5.49,20.8,9.4,4.2,,False,True,False,114.0,2026-04-17,0.8,497.36,17.0,-12.5,12.5,False,44.0,60.0,32.9,V자,16,False,- · 주가강도 44점,-
News Corporation - Class A Common Stoc,NWSA,US,통신·미디어,손잡이형성중,28.65,26.25,9.16,23.3,47.0,2.4,,False,True,False,112.0,2026-04-21,0.82,31.66,17.1,-9.5,9.5,False,42.0,30.6,0.0,들쭉날쭉,16,False,엔터테인먼트 중형주 · 시총 160억달러 · ROE 8% · 주가강도 42점,엔터테인먼트
SEI Investments Company - Common Stock,SEIC,US,미분류,컵앤핸들,102.66,92.96,10.43,17.9,11.6,7.5,,False,True,False,61.0,2026-07-06,0.9,112.15,17.1,-8.5,8.5,False,65.0,54.0,27.0,급등,17,False,- · 주가강도 65점,-
HSBC HOLDINGS,0005.HK,HK,미분류,손잡이형성중,158.0,140.64,12.34,19.9,5.6,2.3,,False,True,False,117.0,2026-04-14,0.92,169.7,17.1,-6.9,6.9,False,68.0,66.8,63.6,덜회복,16,False,- · 주가강도 68점,-
藏格矿业,000408.SZ,CN,미분류,컵앤핸들,70.66,80.67,-12.41,20.5,5.4,4.9,,False,True,False,40.0,2026-08-04,0.93,97.28,17.1,-27.4,27.4,False,27.0,45.9,18.7,급등,17,False,- · 주가강도 27점,-
ARGO GRAPHICS,7595.T,JP,기술·IT,컵앤핸들,1211.0,1414.41,-14.38,20.3,20.6,8.5,,False,True,False,219.0,2025-11-06,0.89,1709.0,17.2,-29.1,29.1,False,10.0,52.3,20.8,V자,17,False,기술·IT 소형주 · 시총 871억엔 · ROE 34% · 주가강도 10점,기술·IT
TSE6480,6480.T,JP,미분류,손잡이없음,1874.0,2137.13,-12.31,28.4,6.4,0.0,4.06,False,False,False,,,,2580.0,17.2,-27.4,27.4,False,94.0,52.6,25.0,급등,5,False,- · 손잡이 없는 컵 · 상승일 거래량 4.1배 · 주가강도 상위 6% (최상위권),-
"Barrett Business Services, Inc. - Comm",BBSI,US,미분류,컵앤핸들,30.26,41.02,-26.23,41.1,57.8,5.3,,False,True,False,45.0,2026-07-28,1.04,49.65,17.4,-39.1,33.5,False,4.0,23.2,0.0,들쭉날쭉,17,False,- · 주가강도 4점,-
浪潮信息,000977.SZ,CN,미분류,손잡이없음,65.93,79.57,-17.14,28.1,7.2,0.0,2.94,False,True,False,58.0,2026-07-09,2.76,96.37,17.4,-31.6,31.6,False,36.0,64.0,34.7,V자,16,False,- · 손잡이 없는 컵 · 상승일 거래량 2.9배 · 주가강도 36점,-
Camtek Ltd. - Ordinary Shares,CAMT,US,미분류,손잡이없음,155.25,178.2,-12.88,29.2,6.2,0.0,2.67,False,False,False,,,,215.99,17.5,-28.1,28.1,False,66.0,62.0,55.3,덜회복,2,False,- · 손잡이 없는 컵 · 상승일 거래량 2.7배 · 주가강도 66점,-
Silvercorp Metals Inc. Common Shares,SVM,US,소재,컵앤핸들,10.67,13.01,-18.01,36.8,16.0,12.3,,False,True,False,24.0,2026-08-26,0.92,15.77,17.5,-32.3,32.3,False,64.0,33.2,0.0,V자,17,False,은 소형주 · 시총 28억달러 · ROE 8% · 주가강도 64점,은
TSE8630,8630.T,JP,미분류,컵앤핸들,6571.0,6115.11,7.46,11.5,4.4,4.8,,False,True,False,146.0,2026-02-26,1.16,7413.0,17.5,-11.4,11.4,False,60.0,39.0,35.0,V자,16,False,- · 주가강도 60점,-
AIA,1299.HK,HK,미분류,손잡이없음,73.6,90.04,-18.26,23.2,11.2,0.0,0.98,False,False,False,,,,109.3,17.6,-32.7,20.1,False,18.0,41.4,0.0,V자,16,False,- · 손잡이 없는 컵 · 상승일 거래량 1.0배 · 주가강도 18점,-
航天电器,002025.SZ,CN,미분류,손잡이없음,67.01,79.01,-15.19,30.4,12.4,0.0,1.36,False,False,False,,,,95.88,17.6,-30.1,30.1,False,47.0,38.0,3.0,들쭉날쭉,16,False,- · 손잡이 없는 컵 · 상승일 거래량 1.4배 · 주가강도 47점,-
Broadcom Inc. - Common Stock,AVGO,US,미분류,손잡이형성중,351.19,407.14,-13.74,17.9,5.4,3.0,,False,True,False,111.0,2026-04-22,0.94,495.0,17.7,-29.1,29.1,False,34.0,48.8,32.1,V자,16,False,- · 주가강도 34점,-
NewMarket Corp Common Stock,NEU,US,미분류,컵앤핸들,897.52,806.64,11.27,27.7,27.2,4.5,,False,True,False,78.0,2026-06-09,0.68,981.66,17.8,-8.6,8.6,False,66.0,51.3,36.2,V자,17,False,- · 주가강도 66점,-
Super Group (SGHC) Limited Ordinary Sh,SGHC,US,미분류,손잡이형성중,11.35,13.03,-12.91,41.2,27.2,8.4,,False,True,False,102.0,2026-05-05,1.23,15.86,17.8,-28.4,28.4,False,8.0,39.8,10.9,V자,16,False,- · 주가강도 8점,-
YPF Sociedad Anonima American Deposita,YPF,US,미분류,손잡이없음,50.13,57.55,-12.89,23.4,4.6,0.0,1.86,False,True,False,11.0,2026-09-15,1.32,69.98,17.8,-28.4,13.4,False,81.0,52.4,15.6,급등,16,False,- · 손잡이 없는 컵 · 상승일 거래량 1.9배 · 주가강도 상위 19%,-
雷赛智能,002979.SZ,CN,미분류,손잡이없음,52.47,62.92,-16.61,21.0,4.6,0.0,1.45,False,False,False,,,,76.51,17.8,-31.4,31.4,False,43.0,40.3,0.0,급등,12,False,- · 손잡이 없는 컵 · 상승일 거래량 1.4배 · 주가강도 43점,-
"FormFactor, Inc. - Common Stock",FORM,US,미분류,컵앤핸들,149.31,131.61,13.45,34.2,5.2,6.0,,False,True,False,1.0,2026-09-29,1.04,160.27,17.9,-6.8,6.8,False,97.0,57.5,65.3,U자,16,False,- · 주가강도 상위 3% (최상위권),-
"Box, Inc. Class A Common Stock",BOX,US,미분류,손잡이형성중,33.48,31.86,5.08,37.0,36.4,11.9,,False,True,False,44.0,2026-07-29,1.24,38.8,17.9,-13.7,7.9,False,63.0,33.7,0.0,V자,16,False,- · 주가강도 63점,-
Corebridge Financial Inc. Common Stock,CRBG,US,금융,컵앤핸들,33.12,30.01,10.36,30.9,17.2,7.7,,False,True,False,61.0,2026-07-06,0.6,36.57,17.9,-9.4,7.1,False,55.0,51.8,37.4,V자,17,False,자산운용 중형주 · 시총 150억달러 · ROE 7% · 주가강도 55점,자산운용
YANCOAL AUS,3668.HK,HK,미분류,손잡이없음,32.58,40.56,-19.68,30.7,13.4,0.0,1.1,False,False,False,,,,49.4,17.9,-34.0,33.6,False,41.0,65.4,69.0,덜회복,16,False,- · 손잡이 없는 컵 · 상승일 거래량 1.1배 · 주가강도 41점,-
Bowman Consulting Group Ltd. - Common ,BWMN,US,미분류,손잡이없음,42.64,37.56,13.53,33.2,12.8,0.0,1.59,False,True,False,36.0,2026-08-10,21.57,45.83,18.0,-7.0,7.0,False,78.0,48.3,19.0,급등,16,False,- · 손잡이 없는 컵 · 상승일 거래량 1.6배 · 주가강도 78점,-
Aduro Clean Technologies Inc. - Common,ADUR,US,미분류,컵앤핸들,12.49,14.9,-16.2,37.0,20.0,16.0,,False,True,False,88.0,2026-05-26,1.54,18.19,18.1,-31.3,31.3,False,24.0,26.6,0.0,V자,17,False,- · 주가강도 24점,-
Matador Resources Company Common Stock,MTDR,US,에너지,컵앤핸들,51.58,60.44,-14.66,27.2,12.6,10.1,,False,True,False,15.0,2026-09-09,0.84,73.78,18.1,-30.1,22.8,False,39.0,64.3,51.2,U자,17,False,석유·가스 개발 중형주 · 시총 74억달러 · ROE 14% · 주가강도 39점,석유·가스 개발
TSE8051,8051.T,JP,미분류,컵앤핸들,1999.0,1692.69,18.1,16.1,7.6,11.7,,False,True,False,95.0,2026-05-15,2.08,2066.0,18.1,-3.2,3.2,False,76.0,58.4,35.0,V자,15,False,- · 주가강도 76점,-
IBEX Limited - Common Share,IBEX,US,미분류,컵앤핸들,43.26,37.05,16.77,36.0,25.4,7.4,,False,True,False,37.0,2026-08-07,1.26,45.28,18.2,-4.5,4.5,False,74.0,63.0,59.9,덜회복,2,False,- · 주가강도 74점,-
Garmin Ltd. Common Stock (Switzerland),GRMN,US,미분류,컵앤핸들,286.84,257.06,11.59,26.5,15.4,12.2,,False,True,False,118.0,2026-04-13,0.65,314.28,18.2,-8.7,8.7,False,69.0,48.7,16.7,급등,17,False,- · 주가강도 69점,-
"Penguin Solutions, Inc. - Common Stock",PENG,US,미분류,손잡이없음,54.69,73.31,-25.4,40.5,10.4,0.0,1.12,False,False,False,,,,89.86,18.4,-39.1,39.1,False,96.0,25.4,0.0,V자,16,False,- · 손잡이 없는 컵 · 상승일 거래량 1.1배 · 주가강도 상위 4% (최상위권),-
Intercontinental Hotels Group American,IHG,US,미분류,손잡이형성중,160.8,143.55,12.01,16.1,7.6,3.1,,False,True,False,117.0,2026-04-14,0.41,175.89,18.4,-8.6,8.6,False,50.0,55.9,22.8,급등,16,False,- · 주가강도 50점,-
TSE3046,3046.T,JP,미분류,컵앤핸들,5640.0,8428.42,-33.08,45.2,42.6,7.6,,False,True,False,79.0,2026-06-08,2.17,10330.0,18.4,-45.4,43.8,False,4.0,37.6,11.6,V자,17,False,- · 주가강도 4점,-
金瑞矿业,600714.SS,CN,미분류,손잡이없음,17.15,27.21,-36.97,58.4,24.2,0.0,1.64,False,False,False,,,,33.35,18.4,-48.6,48.6,False,53.0,32.9,0.0,들쭉날쭉,16,False,- · 손잡이 없는 컵 · 상승일 거래량 1.6배 · 주가강도 53점,-
한솔케미칼,014680.KS,KR,미분류,손잡이없음,274500.0,319319.0,-14.04,45.1,12.6,0.0,1.48,False,False,False,,,,392000.0,18.5,-30.0,20.8,False,55.0,46.4,26.1,급등,1,True,- · 손잡이 없는 컵 · 상승일 거래량 1.5배 · 주가강도 55점,-
Waters Corporation Common Stock,WAT,US,미분류,컵앤핸들,439.39,365.35,20.26,31.2,31.2,6.8,,False,True,False,226.0,2025-11-04,2.11,448.21,18.5,-2.0,2.0,False,73.0,35.1,0.0,V자,17,False,- · 주가강도 73점,-
TSE8043,8043.T,JP,미분류,손잡이형성중,1478.0,1314.31,12.45,22.0,18.0,3.0,,False,True,False,45.0,2026-07-27,1.09,1613.0,18.5,-8.4,8.4,False,65.0,41.4,1.1,V자,15,False,- · 주가강도 65점,-
LINGBAO GOLD,3330.HK,HK,미분류,손잡이없음,19.85,25.39,-21.81,53.9,12.2,0.0,1.26,False,False,False,,,,31.2,18.6,-36.4,36.4,False,47.0,65.1,83.2,U자,16,False,- · 손잡이 없는 컵 · 상승일 거래량 1.3배 · 주가강도 47점,-
CMOC,3993.HK,HK,미분류,손잡이없음,15.14,20.54,-26.29,30.9,7.0,0.0,1.21,False,False,False,,,,25.24,18.6,-40.0,40.0,False,20.0,62.7,62.5,덜회복,16,False,- · 손잡이 없는 컵 · 상승일 거래량 1.2배 · 주가강도 20점,-
TSE6644,6644.T,JP,미분류,손잡이없음,1449.0,1801.8,-19.58,24.6,22.0,0.0,0.99,False,False,False,,,,2213.0,18.6,-34.5,34.5,False,31.0,36.9,0.0,들쭉날쭉,1,True,- · 손잡이 없는 컵 · 상승일 거래량 1.0배 · 주가강도 31점,-
"One Stop Systems, Inc. - Common Stock",OSS,US,미분류,손잡이형성중,8.73,16.97,-48.55,46.0,15.8,15.7,,False,True,False,95.0,2026-05-14,1.12,20.88,18.7,-58.2,58.2,False,35.0,28.8,0.0,급등,16,False,- · 주가강도 35점,-
TPG Inc. - Class A Common Stock,TPG,US,금융,손잡이없음,44.13,59.31,-25.59,37.6,37.4,0.0,1.32,False,False,False,,,,72.98,18.7,-39.5,37.3,False,17.0,33.0,0.0,들쭉날쭉,16,False,자산운용 중형주 · 시총 191억달러 · ROE 19% · 손잡이 없는 컵 · 상승일 거래량 1.3배 · 주가강도 17점,자산운용
TSE6364,6364.T,JP,미분류,손잡이없음,2533.0,2267.26,11.72,30.0,10.0,0.0,1.89,False,True,False,42.0,2026-07-30,8.26,2788.0,18.7,-9.1,9.1,False,79.0,74.0,63.6,U자,16,False,- · 손잡이 없는 컵 · 상승일 거래량 1.9배 · 주가강도 79점,-
北方华创,002371.SZ,CN,미분류,손잡이없음,615.97,786.69,-21.7,21.9,4.6,0.0,0.88,False,False,False,,,,968.0,18.7,-36.4,36.4,False,59.0,46.0,19.1,급등,12,False,- · 손잡이 없는 컵 · 상승일 거래량 0.9배 · 주가강도 59점,-
DL이앤씨,375500.KS,KR,미분류,손잡이형성중,74400.0,86486.4,-13.97,48.4,12.0,5.6,,False,True,False,11.0,2026-09-15,2.52,106600.0,18.9,-30.2,30.2,False,81.0,56.8,54.9,U자,16,False,- · 주가강도 상위 19%,-
"The Vita Coco Company, Inc. - Common S",COCO,US,미분류,컵앤핸들,57.26,69.65,-17.8,26.7,6.4,8.4,,False,True,False,99.0,2026-05-08,1.12,85.83,18.9,-33.3,33.3,False,42.0,58.2,39.0,급등,17,False,- · 주가강도 42점,-
TSE9757,9757.T,JP,미분류,손잡이없음,1165.0,1326.32,-12.16,21.4,40.4,0.0,1.35,False,False,False,,,,1635.0,18.9,-28.7,12.1,False,35.0,40.2,0.0,들쭉날쭉,16,False,- · 손잡이 없는 컵 · 상승일 거래량 1.4배 · 주가강도 35점,-
中大力德,002896.SZ,CN,미분류,손잡이없음,59.62,88.69,-32.78,34.0,4.4,0.0,1.12,False,False,False,,,,109.35,18.9,-45.5,45.5,False,1.0,59.0,75.6,덜회복,16,False,- · 손잡이 없는 컵 · 상승일 거래량 1.1배 · 주가강도 1점,-
"Agilysys, Inc. - Common Stock",AGYS,US,기술·IT,컵앤핸들,97.08,117.62,-17.46,52.4,34.0,5.7,,False,True,False,23.0,2026-08-27,1.11,145.25,19.0,-33.2,33.2,False,23.0,50.2,43.8,V자,17,False,기술·IT 소형주 · 시총 30억달러 · ROE 14% · 주가강도 23점,기술·IT
"WESCO International, Inc. Common Stock",WCC,US,산업재,손잡이형성중,359.59,312.31,15.14,23.6,8.8,3.2,,False,True,False,114.0,2026-04-17,0.77,385.37,19.0,-6.7,6.7,False,79.0,52.6,35.0,V자,16,False,산업재 유통 중형주 · 시총 163억달러 · ROE 14% · 주가강도 79점,산업재 유통
风华高科,000636.SZ,CN,미분류,손잡이없음,49.61,67.94,-26.98,29.3,4.8,0.0,1.5,False,False,False,,,,84.0,19.1,-40.9,40.9,False,96.0,46.3,18.2,급등,16,False,- · 손잡이 없는 컵 · 상승일 거래량 1.5배 · 주가강도 상위 4% (최상위권),-
黄河旋风,600172.SS,CN,미분류,손잡이없음,14.12,16.08,-12.17,41.6,11.2,0.0,2.65,False,True,False,15.0,2026-09-08,1.28,19.89,19.2,-29.0,29.0,False,93.0,34.8,0.0,들쭉날쭉,16,False,- · 손잡이 없는 컵 · 상승일 거래량 2.6배 · 주가강도 상위 7% (최상위권),-
"Casella Waste Systems, Inc. - Class A ",CWST,US,미분류,손잡이형성중,80.35,97.81,-17.85,31.4,19.4,4.9,,False,True,False,60.0,2026-07-07,0.63,121.24,19.3,-33.7,25.6,False,5.0,45.8,22.1,V자,16,False,- · 주가강도 5점,-
Equinox Gold Corp. Common Shares,EQX,US,미분류,손잡이없음,11.11,15.31,-27.41,44.5,14.6,0.0,1.35,False,False,False,,,,18.96,19.3,-41.4,41.4,False,16.0,64.6,71.5,U자,16,False,- · 손잡이 없는 컵 · 상승일 거래량 1.4배 · 주가강도 16점,-
长江通信,600345.SS,CN,미분류,손잡이없음,48.79,61.74,-20.98,37.2,16.8,0.0,1.49,False,False,False,,,,76.55,19.3,-36.3,36.3,False,67.0,30.8,0.0,들쭉날쭉,16,False,- · 손잡이 없는 컵 · 상승일 거래량 1.5배 · 주가강도 67점,-
Regions Financial Corporation Common S,RF,US,미분류,손잡이없음,26.88,31.56,-14.83,21.6,7.6,0.0,1.86,False,True,False,53.0,2026-07-16,1.37,39.15,19.4,-31.3,17.2,False,20.0,49.2,0.0,V자,16,False,- · 손잡이 없는 컵 · 상승일 거래량 1.9배 · 주가강도 20점,-
盛和资源,600392.SS,CN,미분류,손잡이없음,20.17,27.85,-27.57,30.6,12.8,0.0,1.25,False,False,False,,,,34.6,19.5,-41.7,41.7,False,4.0,33.4,0.0,들쭉날쭉,16,False,- · 손잡이 없는 컵 · 상승일 거래량 1.2배 · 주가강도 4점,-
"Tarsus Pharmaceuticals, Inc. - Common ",TARS,US,미분류,컵앤핸들,78.61,73.58,6.83,32.6,24.4,5.5,,False,True,False,21.0,2026-08-31,0.68,91.53,19.6,-14.1,14.1,False,58.0,47.3,16.7,급등,17,False,- · 주가강도 58점,-
Belden Inc Common Stock,BDC,US,미분류,손잡이없음,107.93,128.61,-16.08,23.7,5.6,0.0,1.49,False,True,False,38.0,2026-08-06,0.61,159.99,19.6,-32.5,32.5,False,13.0,40.2,0.0,V자,16,False,- · 손잡이 없는 컵 · 상승일 거래량 1.5배 · 주가강도 13점,-
TSE6412,6412.T,JP,미분류,손잡이없음,2045.0,2492.49,-17.95,29.7,66.4,0.0,1.26,False,False,False,,,,3100.0,19.6,-34.0,9.4,False,33.0,26.2,0.0,들쭉날쭉,16,False,- · 손잡이 없는 컵 · 상승일 거래량 1.3배 · 주가강도 33점,-
TSE6474,6474.T,JP,미분류,손잡이없음,5660.0,6836.83,-17.21,27.5,4.6,0.0,1.86,False,False,False,,,,8500.0,19.6,-33.4,17.1,False,64.0,44.4,14.6,V자,16,False,- · 손잡이 없는 컵 · 상승일 거래량 1.9배 · 주가강도 64점,-
티씨케이,064760.KQ,KR,미분류,컵앤핸들,307500.0,279779.5,9.91,54.6,9.4,13.6,,False,True,False,5.0,2026-09-23,0.62,348500.0,19.7,-11.8,11.8,False,90.0,45.2,35.0,V자,16,False,- · 주가강도 상위 10% (최상위권),-
인텍플러스,064290.KQ,KR,기술·IT,손잡이형성중,60600.0,50250.2,20.6,60.4,9.4,13.1,,False,True,False,10.0,2026-09-16,1.34,62600.0,19.7,-3.2,3.2,False,98.0,49.7,40.1,V자,15,False,"반도체 장비·소재 소형주 · 시총 6,033억원 · 주가강도 상위 2% (최상위권)",반도체 장비·소재
OceanaGold Corporation Common Shares,OGC,US,미분류,손잡이없음,27.53,34.79,-20.88,37.0,13.6,0.0,1.15,False,False,False,,,,43.33,19.7,-36.5,36.5,False,36.0,59.0,67.9,덜회복,16,False,- · 손잡이 없는 컵 · 상승일 거래량 1.1배 · 주가강도 36점,-
한전기술,052690.KS,KR,미분류,손잡이없음,126000.0,158858.7,-20.68,51.4,11.2,0.0,2.73,False,False,False,,,,198000.0,19.8,-36.4,36.4,False,63.0,65.7,65.2,U자,16,False,- · 손잡이 없는 컵 · 상승일 거래량 2.7배 · 주가강도 63점,-
"Glacier Bancorp, Inc. Common Stock",GBCI,US,미분류,손잡이없음,43.2,54.04,-20.07,22.4,8.2,0.0,1.49,False,True,False,53.0,2026-07-16,1.08,67.35,19.8,-35.9,20.9,False,9.0,51.3,20.2,급등,16,False,- · 손잡이 없는 컵 · 상승일 거래량 1.5배 · 주가강도 9점,-
Omnicom Group Inc. Common Stock,OMC,US,미분류,손잡이형성중,73.63,85.77,-14.15,20.3,8.8,6.9,,False,True,False,145.0,2026-03-04,0.73,107.0,19.8,-31.2,17.8,False,15.0,38.6,0.0,V자,16,False,- · 주가강도 15점,-
TSE4519,4519.T,JP,미분류,컵앤핸들,6020.0,8582.57,-29.86,31.3,26.6,6.4,,False,True,False,174.0,2026-01-15,0.96,10700.0,19.8,-43.7,43.7,False,3.0,46.8,16.6,급등,16,False,- · 주가강도 3점,-
云赛智联,600602.SS,CN,미분류,손잡이없음,16.05,24.26,-33.85,38.9,12.8,0.0,1.17,False,False,False,,,,30.26,19.8,-47.0,37.8,False,7.0,36.4,17.6,V자,16,False,- · 손잡이 없는 컵 · 상승일 거래량 1.2배 · 주가강도 7점,-
潍柴动力,000338.SZ,CN,경기소비재,컵앤핸들,25.1,29.11,-13.77,29.1,6.6,10.8,,False,True,False,109.0,2026-04-23,1.53,36.34,19.9,-30.9,30.9,False,65.0,43.7,13.6,V자,17,False,"자동차 대형주 · 시총 2,320억위안 · ROE 13% · 주가강도 65점",자동차
SLM Corporation - Common Stock,SLM,US,금융,컵앤핸들,22.63,27.98,-19.11,39.4,26.6,3.5,,False,True,False,32.0,2026-08-14,0.4,34.97,20.0,-35.3,27.1,False,8.0,41.0,25.2,V자,17,False,여신·카드 소형주 · 시총 49억달러 · ROE 30% · 주가강도 8점,여신·카드
TSE6674,6674.T,JP,미분류,손잡이없음,5459.0,6320.31,-13.63,22.7,6.0,0.0,1.76,False,False,False,,,,7899.0,20.0,-30.9,30.9,False,56.0,46.2,8.9,급등,1,True,- · 손잡이 없는 컵 · 상승일 거래량 1.8배 · 주가강도 56점,-
현대지에프홀딩스,005440.KS,KR,미분류,손잡이없음,12590.0,15815.8,-20.4,31.6,16.4,0.0,1.22,False,False,False,,,,19790.0,20.1,-36.4,36.4,False,45.0,37.0,0.0,들쭉날쭉,16,False,- · 손잡이 없는 컵 · 상승일 거래량 1.2배 · 주가강도 45점,-
"CACI International, Inc. Class A Commo",CACI,US,기술·IT,손잡이없음,609.11,545.84,11.59,20.3,4.4,0.0,1.43,False,True,False,38.0,2026-08-06,3.24,683.5,20.1,-10.9,10.9,False,60.0,44.4,0.0,V자,16,False,IT 서비스 중형주 · 시총 138억달러 · ROE 13% · 손잡이 없는 컵 · 상승일 거래량 1.4배 · 주가강도 60점,IT 서비스
SMIC,0981.HK,HK,미분류,손잡이형성중,60.65,74.72,-18.84,38.4,13.6,6.1,,False,True,False,102.0,2026-05-06,3.36,93.5,20.1,-35.1,35.1,False,9.0,37.9,0.0,V자,16,False,- · 주가강도 9점,-
Constellation Energy Corporation - Com,CEG,US,유틸리티,손잡이없음,254.02,329.13,-22.82,30.5,16.2,0.0,1.06,False,False,False,,,,412.7,20.2,-38.4,38.4,False,10.0,41.4,22.3,V자,17,False,"유틸리티 대형주 · 시총 1,041억달러 · ROE 15% · 손잡이 없는 컵 · 상승일 거래량 1.1배 · 주가강도 10점",유틸리티
Antero Midstream Corporation Common St,AM,US,미분류,컵앤핸들,20.16,19.02,6.0,9.3,6.4,3.6,,False,True,False,162.0,2026-02-06,1.46,23.83,20.2,-15.4,15.4,False,22.0,37.7,35.6,V자,17,False,- · 주가강도 22점,-
CCB,0939.HK,HK,미분류,컵앤핸들,9.82,7.9,24.34,10.3,5.0,1.4,,False,True,False,227.0,2025-10-28,0.95,9.9,20.2,-0.8,0.8,False,72.0,55.9,77.1,U자,16,False,- · 주가강도 72점,-
TOKYO SEIMITSU CO,7729.T,JP,기술·IT,컵앤핸들,19445.0,17012.0,14.3,30.1,6.8,4.6,,False,True,False,106.0,2026-04-24,0.9,21310.0,20.2,-8.8,8.8,False,83.0,61.8,68.6,덜회복,17,False,"반도체 장비·소재 중형주 · 시총 6,598억엔 · ROE 14% · 주가강도 상위 17%",반도체 장비·소재
실리콘투,257720.KQ,KR,미분류,손잡이없음,37775.0,50550.5,-25.27,40.9,14.6,0.0,2.9,False,True,False,26.0,2026-08-25,1.75,63400.0,20.3,-40.4,32.7,False,26.0,58.4,33.4,급등,16,False,- · 손잡이 없는 컵 · 상승일 거래량 2.9배 · 주가강도 26점,-
"United Fire Group, Inc - Common Stock",UFCS,US,미분류,손잡이형성중,52.59,49.04,7.24,13.9,4.0,3.0,,False,True,False,69.0,2026-06-23,2.06,61.56,20.3,-14.6,7.3,False,75.0,49.3,37.2,V자,16,False,- · 주가강도 75점,-
国风新材,000859.SZ,CN,미분류,손잡이없음,8.53,11.7,-27.1,45.3,11.0,0.0,1.08,False,False,False,,,,14.68,20.3,-41.9,39.4,False,21.0,27.1,0.0,V자,16,False,- · 손잡이 없는 컵 · 상승일 거래량 1.1배 · 주가강도 21점,-
"Qualys, Inc. - Common Stock",QLYS,US,미분류,손잡이형성중,187.2,164.33,13.91,45.8,21.2,20.2,,False,True,False,39.0,2026-08-05,2.08,206.35,20.4,-9.3,7.1,False,87.0,58.3,72.7,U자,16,False,- · 주가강도 상위 13%,-
"Workday, Inc. - Class A Common Stock",WDAY,US,미분류,손잡이없음,190.46,247.65,-23.09,55.4,40.4,0.0,1.1,False,False,False,,,,311.28,20.4,-38.8,23.6,False,63.0,31.6,13.1,급등,16,False,- · 손잡이 없는 컵 · 상승일 거래량 1.1배 · 주가강도 63점,-
"Analog Devices, Inc. - Common Stock",ADI,US,기술·IT,컵앤핸들,396.71,354.64,11.86,17.2,6.2,3.7,,False,True,False,114.0,2026-04-17,1.32,445.91,20.5,-11.0,11.0,False,73.0,67.1,64.2,덜회복,17,False,"반도체 대형주 · 시총 1,769억달러 · ROE 12% · 주가강도 73점",반도체
YUM CHINA,9987.HK,HK,미분류,손잡이없음,322.8,432.63,-25.39,28.1,18.2,0.0,1.04,False,False,False,,,,544.0,20.5,-40.7,28.5,False,11.0,35.4,0.0,V자,16,False,- · 손잡이 없는 컵 · 상승일 거래량 1.0배 · 주가강도 11점,-
TSE6361,6361.T,JP,미분류,손잡이형성중,4751.0,5476.47,-13.25,31.2,9.0,5.5,,False,True,False,101.0,2026-05-07,2.24,6890.0,20.5,-31.0,31.0,False,46.0,51.8,35.0,V자,16,False,- · 주가강도 46점,-
NEWBORNTOWN,9911.HK,HK,미분류,손잡이없음,9.72,11.19,-13.15,37.9,19.8,0.0,1.45,False,False,False,,,,14.09,20.6,-31.0,31.0,False,34.0,48.8,32.6,덜회복,16,False,- · 손잡이 없는 컵 · 상승일 거래량 1.4배 · 주가강도 34점,-
Geo Group Inc (The) REIT,GEO,US,미분류,컵앤핸들,30.47,28.92,5.36,53.8,42.6,4.6,,False,True,False,71.0,2026-06-18,1.93,36.46,20.7,-16.4,8.1,False,84.0,48.9,50.2,U자,17,False,- · 주가강도 상위 16%,-
International Paper Company Common Sto,IP,US,미분류,손잡이없음,33.17,50.3,-34.06,41.8,22.6,0.0,1.13,False,False,False,,,,63.39,20.7,-47.7,34.0,False,4.0,58.2,72.0,덜회복,16,False,- · 손잡이 없는 컵 · 상승일 거래량 1.1배 · 주가강도 4점,-
HENLIUS,2696.HK,HK,미분류,손잡이없음,58.65,72.92,-19.57,31.0,4.6,0.0,1.05,False,False,False,,,,92.0,20.7,-36.3,32.7,False,5.0,43.5,35.7,V자,16,False,- · 손잡이 없는 컵 · 상승일 거래량 1.1배 · 주가강도 5점,-
TSE4613,4613.T,JP,미분류,컵앤핸들,2806.5,2667.16,5.22,20.6,16.6,3.6,,False,True,False,64.0,2026-06-29,1.12,3365.0,20.7,-16.6,9.2,False,50.0,45.1,9.9,V자,16,False,- · 주가강도 50점,-
BHP Group Limited American Depositary ,BHP,US,소재,컵앤핸들,84.84,78.13,8.59,22.5,5.2,2.2,,False,True,False,117.0,2026-04-14,0.66,98.71,20.8,-14.1,14.1,False,67.0,70.3,72.6,덜회복,17,False,"산업금속 광업 초대형주 · 시총 2,154억달러 · ROE 24% · 주가강도 67점",산업금속 광업
TSE9830,9830.T,JP,미분류,손잡이없음,2365.0,2754.75,-14.15,24.0,22.4,0.0,1.12,False,False,False,,,,3480.0,20.8,-32.0,14.1,False,32.0,46.6,13.1,들쭉날쭉,16,False,- · 손잡이 없는 컵 · 상승일 거래량 1.1배 · 주가강도 32점,-
TSE6622,6622.T,JP,미분류,손잡이없음,2716.0,3135.13,-13.37,27.4,7.6,0.0,2.52,False,False,False,,,,3958.0,20.8,-31.4,31.4,False,52.0,54.3,26.2,급등,1,True,- · 손잡이 없는 컵 · 상승일 거래량 2.5배 · 주가강도 52점,-
景旺电子,603228.SS,CN,미분류,손잡이없음,101.21,89.99,12.47,31.5,8.0,0.0,3.1,False,True,False,37.0,2026-08-07,0.77,113.6,20.8,-10.9,10.9,False,86.0,46.0,7.7,급등,16,False,- · 손잡이 없는 컵 · 상승일 거래량 3.1배 · 주가강도 상위 14%,-
云南锗业,002428.SZ,CN,미분류,손잡이없음,86.87,105.28,-17.48,42.2,12.0,0.0,2.98,False,True,False,34.0,2026-08-12,1.36,132.88,20.8,-34.6,34.6,False,95.0,33.9,0.0,V자,16,False,- · 손잡이 없는 컵 · 상승일 거래량 3.0배 · 주가강도 상위 5% (최상위권),-
"Worthington Enterprises, Inc. Common S",WOR,US,산업재,컵앤핸들,59.54,56.06,6.22,24.5,8.4,5.8,,False,True,False,87.0,2026-05-27,0.55,70.91,20.9,-16.0,11.8,False,49.0,52.9,20.4,V자,17,False,금속가공 소형주 · 시총 31억달러 · ROE 16% · 주가강도 49점,금속가공
NH투자증권,005940.KS,KR,미분류,손잡이없음,26500.0,33633.6,-21.21,25.9,8.2,0.0,1.07,False,False,False,,,,42600.0,21.0,-37.8,37.8,False,39.0,31.2,0.0,V자,15,False,- · 손잡이 없는 컵 · 상승일 거래량 1.1배 · 주가강도 39점,-
TSE1671,1671.T,JP,미분류,손잡이없음,6165.0,5639.63,9.32,24.7,5.2,0.0,1.82,False,True,False,19.0,2026-09-02,2.25,7140.0,21.0,-13.7,2.9,False,91.0,60.7,22.7,급등,16,False,- · 손잡이 없는 컵 · 상승일 거래량 1.8배 · 주가강도 상위 9% (최상위권),-
"Sonic Automotive, Inc. Common Stock",SAH,US,미분류,손잡이없음,60.35,89.71,-32.73,39.6,40.6,0.0,1.56,False,True,False,58.0,2026-07-09,1.63,113.67,21.1,-46.9,46.9,False,4.0,42.6,10.6,들쭉날쭉,16,False,- · 손잡이 없는 컵 · 상승일 거래량 1.6배 · 주가강도 4점,-
Hyperliquid Strategies Inc - Common St,PURR,US,미분류,손잡이없음,12.27,11.63,5.49,50.1,11.2,0.0,6.0,False,True,False,25.0,2026-08-25,2.25,14.76,21.2,-16.9,16.9,True,,58.9,34.7,급등,16,False,- · 손잡이 없는 컵 · 상승일 거래량 6.0배,-
Vontier Corporation Common Stock ,VNT,US,미분류,손잡이없음,31.4,38.0,-17.36,28.2,14.8,0.0,1.01,False,False,False,,,,48.2,21.2,-34.9,34.9,False,14.0,40.0,11.4,급등,17,False,- · 손잡이 없는 컵 · 상승일 거래량 1.0배 · 주가강도 14점,-
TSE2784,2784.T,JP,미분류,손잡이없음,2239.0,2639.64,-15.18,20.1,14.4,0.0,1.29,False,False,False,,,,3350.0,21.2,-33.2,16.6,False,24.0,50.3,28.3,급등,16,False,- · 손잡이 없는 컵 · 상승일 거래량 1.3배 · 주가강도 24점,-
世纪华通,002602.SZ,CN,미분류,손잡이없음,13.8,17.72,-22.11,32.2,17.6,0.0,1.26,False,False,False,,,,22.49,21.2,-38.6,38.6,False,7.0,38.5,6.3,급등,16,False,- · 손잡이 없는 컵 · 상승일 거래량 1.3배 · 주가강도 7점,-
TSE6324,6324.T,JP,미분류,손잡이없음,6540.0,7487.48,-12.65,29.3,7.0,0.0,2.17,False,False,False,,,,9510.0,21.3,-31.2,28.5,False,84.0,72.2,66.6,덜회복,2,False,- · 손잡이 없는 컵 · 상승일 거래량 2.2배 · 주가강도 상위 16%,-
GCM Grosvenor Inc. - Class A Common St,GCMG,US,금융,손잡이형성중,12.89,12.07,6.78,29.7,37.0,6.1,,False,True,False,70.0,2026-06-22,0.86,15.36,21.4,-16.1,13.3,False,49.0,31.3,0.0,들쭉날쭉,17,False,자산운용 소형주 · 시총 8억달러 · ROE 300% · 주가강도 49점,자산운용
Gold Fields Limited American Depositar,GFI,US,미분류,손잡이형성중,36.12,48.43,-25.42,34.3,14.6,3.5,,False,True,False,25.0,2026-08-25,0.97,61.64,21.4,-41.4,41.4,False,8.0,61.2,73.5,U자,16,False,- · 주가강도 8점,-
IDT Corporation Class B Common Stock,IDT,US,미분류,컵앤핸들,79.97,64.28,24.4,34.4,55.4,3.9,,False,True,False,47.0,2026-07-24,0.97,81.79,21.4,-2.2,0.8,False,86.0,30.5,10.2,들쭉날쭉,17,False,- · 주가강도 상위 14%,-
新朋股份,002328.SZ,CN,미분류,손잡이없음,8.11,10.67,-24.0,45.0,13.0,0.0,1.16,False,False,False,,,,13.58,21.4,-40.3,40.3,False,54.0,48.1,40.7,급등,16,False,- · 손잡이 없는 컵 · 상승일 거래량 1.2배 · 주가강도 54점,-
"Par Pacific Holdings, Inc.  Common Sto",PARR,US,미분류,손잡이형성중,81.62,68.84,18.57,30.5,8.8,6.1,,False,True,False,56.0,2026-07-13,0.83,87.72,21.5,-7.0,7.0,False,93.0,67.3,70.3,U자,16,False,- · 주가강도 상위 7% (최상위권),-
United Microelectronics Corporation (N,UMC,US,기술·IT,컵앤핸들,24.49,22.72,7.78,30.2,14.4,4.9,,False,True,False,9.0,2026-09-17,1.34,28.96,21.5,-15.4,15.4,False,97.0,34.3,0.0,들쭉날쭉,17,False,반도체 대형주 · 시총 542억달러 · ROE 21% · 주가강도 상위 3% (최상위권),반도체
TSE9003,9003.T,JP,미분류,손잡이없음,2475.0,3170.17,-21.93,26.6,15.0,0.0,0.9,False,False,False,,,,4040.0,21.5,-38.7,21.9,False,17.0,50.6,32.1,급등,16,False,- · 손잡이 없는 컵 · 상승일 거래량 0.9배 · 주가강도 17점,-
삼성화재,000810.KS,KR,금융,손잡이형성중,623000.0,592592.0,5.13,35.1,12.2,10.0,,False,True,False,84.0,2026-06-01,1.71,757000.0,21.7,-17.7,17.7,False,67.0,71.6,80.1,U자,16,False,금융 대형주 · 시총 29.2조원 · ROE 8% · 주가강도 67점,금융
"Pursuit Attractions and Hospitality, I",PRSU,US,미분류,손잡이없음,49.73,56.58,-12.1,20.7,7.4,0.0,1.26,False,False,False,,,,72.27,21.7,-31.2,12.0,False,64.0,38.2,0.0,V자,16,False,- · 손잡이 없는 컵 · 상승일 거래량 1.3배 · 주가강도 64점,-
서울보증보험,031210.KS,KR,미분류,손잡이없음,41950.0,50650.6,-17.18,21.6,14.2,0.0,0.78,False,False,False,,,,64800.0,21.8,-35.3,35.3,True,9.0,41.4,0.0,V자,15,False,- · 손잡이 없는 컵 · 상승일 거래량 0.8배 · 주가강도 9점,-
Almonty Industries Inc. - Common Share,ALM,US,소재,컵앤핸들,13.16,19.08,-31.02,45.3,8.6,12.8,,False,True,False,16.0,2026-09-08,1.53,24.41,21.8,-46.1,46.1,False,70.0,48.7,40.7,V자,17,False,산업금속 광업 중형주 · 시총 53억달러 · ROE 38% · 주가강도 70점,산업금속 광업
"Lincoln Electric Holdings, Inc. - Comm",LECO,US,미분류,컵앤핸들,264.58,242.41,9.14,12.0,4.4,3.4,,False,True,False,205.0,2025-12-04,0.9,310.0,21.8,-14.7,14.7,False,41.0,45.9,28.0,V자,16,False,- · 주가강도 41점,-
Taiwan Semiconductor Manufacturing Com,TSM,US,미분류,컵앤핸들,456.19,374.67,21.76,19.6,5.8,4.0,,False,True,False,117.0,2026-04-14,0.98,479.0,21.8,-4.8,4.8,False,76.0,50.3,35.7,급등,17,False,- · 주가강도 76점,-
"Interface, Inc. - Common Stock",TILE,US,미분류,손잡이형성중,34.4,31.64,8.72,30.5,16.6,5.1,,False,True,False,75.0,2026-06-12,1.7,40.5,21.9,-15.1,15.1,False,53.0,58.8,42.0,V자,16,False,- · 주가강도 53점,-
"VeriSign, Inc. - Common Stock",VRSN,US,미분류,컵앤핸들,282.01,244.15,15.51,18.3,6.2,4.0,,False,True,False,130.0,2026-03-25,1.62,312.48,21.9,-9.8,9.8,False,47.0,46.4,28.3,V자,17,False,- · 주가강도 47점,-
"Crane NXT, Co. Common Stock",CXT,US,산업재,컵앤핸들,47.1,53.9,-12.62,36.4,20.2,11.4,,False,True,False,46.0,2026-07-27,0.59,69.0,21.9,-31.7,31.7,False,13.0,60.9,57.1,덜회복,17,False,사무기기 소형주 · 시총 29억달러 · ROE 11% · 주가강도 13점,사무기기
DB손해보험,005830.KS,KR,미분류,컵앤핸들,181200.0,166866.7,8.59,28.5,11.0,7.3,,False,True,False,47.0,2026-07-24,0.75,214000.0,22.0,-15.3,15.3,False,72.0,50.3,29.9,V자,17,False,- · 주가강도 72점,-
"DoorDash, Inc. - Common Stock",DASH,US,경기소비재,컵앤핸들,183.55,222.61,-17.55,40.0,31.4,7.3,,False,True,False,27.0,2026-08-21,0.82,285.5,22.0,-35.7,35.7,False,13.0,56.7,59.2,덜회복,17,False,온라인 유통 대형주 · 시총 859억달러 · ROE 9% · 주가강도 13점,온라인 유통
TSE2644,2644.T,JP,미분류,손잡이형성중,4389.0,4125.12,6.4,19.9,5.6,2.9,,False,True,False,2.0,2026-09-30,0.7,5288.0,22.0,-17.0,17.0,False,82.0,35.8,3.9,급등,8,False,- · 주가강도 상위 18%,-
Applied Digital Corporation - Common S,APLD,US,미분류,손잡이형성중,24.37,39.54,-38.37,52.7,11.8,18.2,,False,True,False,170.0,2026-01-27,1.49,50.72,22.1,-52.0,52.0,False,11.0,29.1,0.0,V자,16,False,- · 주가강도 11점,-
Globe Life Inc. Common Stock,GL,US,미분류,컵앤핸들,165.65,149.3,10.95,11.6,8.6,3.3,,False,True,False,115.0,2026-04-16,0.84,191.55,22.1,-13.5,13.5,False,42.0,38.4,28.0,V자,17,False,- · 주가강도 42점,-
OFG Bancorp Common Stock,OFG,US,미분류,손잡이형성중,50.08,42.42,18.05,17.3,6.2,4.5,,False,True,False,153.0,2026-02-20,0.71,54.47,22.1,-8.1,8.1,False,52.0,31.5,5.1,V자,15,False,- · 주가강도 52점,-
合富中国,603122.SS,CN,미분류,컵앤핸들,13.86,24.33,-43.04,16.2,6.2,17.1,,False,True,False,210.0,2025-11-20,4.31,31.22,22.1,-55.6,55.6,False,56.0,59.0,62.9,U자,17,False,- · 주가강도 56점,-
TSE7550,7550.T,JP,미분류,컵앤핸들,11115.0,9379.37,18.5,28.5,19.4,5.0,,False,True,False,45.0,2026-07-27,1.11,12070.0,22.3,-7.9,7.9,False,72.0,39.2,0.0,V자,17,False,- · 주가강도 72점,-
Thermo Fisher Scientific Inc Common St,TMO,US,미분류,컵앤핸들,675.05,529.68,27.45,24.7,34.4,4.2,,False,True,False,55.0,2026-07-14,0.91,683.63,22.5,-1.3,1.3,False,75.0,34.9,0.0,들쭉날쭉,17,False,- · 주가강도 75점,-
JIANGXI COPPER,0358.HK,HK,미분류,손잡이없음,32.92,41.68,-21.02,30.5,4.4,0.0,1.28,False,False,False,,,,53.75,22.5,-38.8,38.8,False,38.0,42.6,19.5,급등,16,False,- · 손잡이 없는 컵 · 상승일 거래량 1.3배 · 주가강도 38점,-
TSE2004,2004.T,JP,미분류,컵앤핸들,3675.0,3098.1,18.62,9.5,4.8,2.7,,False,True,False,176.0,2026-01-13,0.96,4000.0,22.5,-8.1,8.1,False,57.0,46.8,43.5,덜회복,17,False,- · 주가강도 57점,-
Harmony Gold Mining Company Limited,HMY,US,소재,컵앤핸들,17.72,20.16,-12.1,40.7,31.0,5.1,,False,True,False,29.0,2026-08-19,1.2,26.06,22.6,-32.0,32.0,False,35.0,36.3,0.0,들쭉날쭉,17,False,금 중형주 · 시총 130억달러 · ROE 48% · 주가강도 35점,금
WUXI XDC,2268.HK,HK,미분류,컵앤핸들,82.0,66.12,24.02,25.7,5.0,7.6,,False,True,False,31.0,2026-08-18,1.52,85.5,22.7,-4.1,4.1,False,73.0,48.0,27.7,V자,17,False,- · 주가강도 73점,-
美湖股份,603319.SS,CN,미분류,손잡이없음,28.0,36.46,-23.2,42.7,10.8,0.0,1.61,False,False,False,,,,47.17,22.7,-40.6,40.6,False,3.0,44.0,27.1,V자,11,False,- · 손잡이 없는 컵 · 상승일 거래량 1.6배 · 주가강도 3점,-
한국항공우주,047810.KS,KR,미분류,손잡이없음,129600.0,166366.2,-22.1,33.8,4.2,0.0,0.96,False,False,False,,,,215500.0,22.8,-39.9,39.9,False,17.0,23.4,0.0,V자,15,False,- · 손잡이 없는 컵 · 상승일 거래량 1.0배 · 주가강도 17점,-
"Distribution Solutions Group, Inc. - C",DSGR,US,미분류,손잡이없음,34.9,32.03,8.95,40.6,12.0,0.0,1.57,False,True,False,53.0,2026-07-16,37.85,41.47,22.8,-15.8,0.5,False,71.0,39.5,18.1,V자,15,False,- · 손잡이 없는 컵 · 상승일 거래량 1.6배 · 주가강도 71점,-
TSE7976,7976.T,JP,미분류,손잡이없음,3415.0,2709.71,26.03,26.8,43.6,0.0,1.54,False,True,False,59.0,2026-07-06,0.46,3510.0,22.8,-2.7,2.7,False,84.0,38.1,3.7,급등,15,False,- · 손잡이 없는 컵 · 상승일 거래량 1.5배 · 주가강도 상위 16%,-
TSE3659,3659.T,JP,미분류,손잡이없음,2702.0,3424.42,-21.1,38.3,22.4,0.0,1.63,False,False,False,,,,4434.0,22.8,-39.1,39.1,False,25.0,49.5,33.7,급등,10,False,- · 손잡이 없는 컵 · 상승일 거래량 1.6배 · 주가강도 25점,-
TSE6902,6902.T,JP,미분류,손잡이없음,1816.0,2311.81,-21.45,22.0,21.2,0.0,1.07,False,False,False,,,,2993.5,22.8,-39.3,23.5,False,12.0,41.4,6.0,급등,5,False,- · 손잡이 없는 컵 · 상승일 거래량 1.1배 · 주가강도 12점,-
"Mettler-Toledo International, Inc. Com",MTD,US,헬스케어,컵앤핸들,1510.95,1322.79,14.22,29.7,34.2,5.8,,False,True,False,53.0,2026-07-16,0.53,1714.75,22.9,-11.9,2.8,False,58.0,33.0,0.0,V자,17,False,진단·연구 중형주 · 시총 266억달러 · 주가강도 58점,진단·연구
"Kinsale Capital Group, Inc. Common Sto",KNSL,US,미분류,손잡이없음,322.75,422.32,-23.58,31.9,23.4,0.0,1.49,False,False,False,,,,548.47,23.0,-41.2,33.5,False,6.0,46.5,17.7,급등,16,False,- · 손잡이 없는 컵 · 상승일 거래량 1.5배 · 주가강도 6점,-
농심,004370.KS,KR,미분류,손잡이없음,397000.0,460460.0,-13.78,16.0,4.4,0.0,1.02,False,False,False,,,,599000.0,23.1,-33.7,21.5,False,29.0,34.8,0.0,V자,16,False,- · 손잡이 없는 컵 · 상승일 거래량 1.0배 · 주가강도 29점,-
Allient Inc. - Common Stock,ALNT,US,미분류,컵앤핸들,111.6,91.2,22.37,27.0,4.2,9.3,,False,True,False,76.0,2026-06-11,0.95,118.67,23.1,-6.0,6.0,False,94.0,75.3,81.8,U자,17,False,- · 주가강도 상위 6% (최상위권),-
光洋股份,002708.SZ,CN,미분류,손잡이없음,17.43,16.52,5.53,47.8,15.2,0.0,1.96,False,True,False,16.0,2026-09-07,2.16,21.48,23.1,-18.9,2.6,False,79.0,52.0,23.7,V자,16,False,- · 손잡이 없는 컵 · 상승일 거래량 2.0배 · 주가강도 79점,-
기가비스,420770.KQ,KR,미분류,손잡이없음,136100.0,158158.0,-13.95,47.7,16.8,0.0,2.09,False,False,False,,,,206000.0,23.2,-33.9,33.9,False,97.0,35.3,0.0,들쭉날쭉,1,True,- · 손잡이 없는 컵 · 상승일 거래량 2.1배 · 주가강도 상위 3% (최상위권),-
가비아,079940.KQ,KR,미분류,손잡이없음,39600.0,36786.75,7.65,32.2,10.0,0.0,2.74,False,True,False,51.0,2026-07-20,0.55,47900.0,23.2,-17.3,17.3,False,79.0,45.9,0.7,V자,16,False,- · 손잡이 없는 컵 · 상승일 거래량 2.7배 · 주가강도 79점,-
TSE5332,5332.T,JP,미분류,컵앤핸들,6057.0,7297.29,-17.0,22.5,9.8,13.5,,False,True,False,86.0,2026-05-28,0.9,9500.0,23.2,-36.2,36.2,False,50.0,45.0,0.0,급등,1,True,- · 주가강도 50점,-
Enlight Renewable Energy Ltd. - Ordina,ENLT,US,유틸리티,컵앤핸들,69.41,83.36,-16.74,21.5,7.8,5.8,,False,True,False,111.0,2026-04-22,0.27,108.65,23.3,-36.1,36.1,False,73.0,42.8,3.0,들쭉날쭉,17,False,유틸리티 중형주 · 시총 107억달러 · ROE 6% · 주가강도 73점,유틸리티
Wells Fargo & Company Common Stock,WFC,US,미분류,컵앤핸들,80.05,74.96,6.78,22.5,5.4,3.8,,False,True,False,347.0,2025-05-13,0.69,97.76,23.3,-18.1,18.1,False,15.0,44.5,29.4,V자,17,False,- · 주가강도 15점,-
코스맥스,192820.KS,KR,미분류,손잡이없음,266500.0,234734.5,13.53,39.9,13.8,0.0,1.71,False,True,False,34.0,2026-08-12,7.16,306500.0,23.4,-13.1,13.1,False,85.0,54.9,39.0,V자,16,False,- · 손잡이 없는 컵 · 상승일 거래량 1.7배 · 주가강도 상위 15%,-
First Majestic Silver Corp. Ordinary S,AG,US,미분류,손잡이없음,17.69,24.53,-27.9,42.4,13.8,0.0,1.03,False,False,False,,,,32.04,23.4,-44.8,44.8,False,39.0,51.2,48.4,덜회복,16,False,- · 손잡이 없는 컵 · 상승일 거래량 1.0배 · 주가강도 39점,-
Endeavour Silver Corporation Ordinary ,EXK,US,미분류,손잡이없음,8.58,11.61,-26.11,38.1,12.0,0.0,0.88,False,False,False,,,,15.15,23.4,-43.4,43.4,False,23.0,43.6,29.5,급등,16,False,- · 손잡이 없는 컵 · 상승일 거래량 0.9배 · 주가강도 23점,-
TSE6532,6532.T,JP,미분류,컵앤핸들,8059.0,6946.94,16.01,47.7,22.6,11.6,,False,True,False,45.0,2026-07-27,1.55,9075.0,23.4,-11.2,11.2,False,75.0,63.0,68.1,덜회복,17,False,- · 주가강도 75점,-
TSE7184,7184.T,JP,미분류,손잡이없음,3735.0,2901.9,28.71,24.7,4.4,0.0,1.12,False,True,False,52.0,2026-07-15,1.19,3790.0,23.4,-1.5,1.5,False,96.0,33.7,0.0,V자,16,False,- · 손잡이 없는 컵 · 상승일 거래량 1.1배 · 주가강도 상위 4% (최상위권),-
TSE9900,9900.T,JP,미분류,손잡이형성중,1092.0,908.41,20.21,19.1,12.0,3.9,,False,True,False,48.0,2026-07-22,2.2,1186.0,23.4,-7.9,7.9,False,71.0,36.9,0.0,V자,16,False,- · 주가강도 71점,-
九丰能源,605090.SS,CN,미분류,손잡이없음,31.25,42.39,-26.28,28.8,4.8,0.0,1.32,False,False,False,,,,55.33,23.4,-43.5,43.5,False,6.0,59.5,51.2,덜회복,16,False,- · 손잡이 없는 컵 · 상승일 거래량 1.3배 · 주가강도 6점,-
"GRAIL, Inc. - Common Stock",GRAL,US,헬스케어,손잡이없음,140.12,115.88,20.92,64.1,40.8,0.0,1.21,False,True,False,4.0,2026-09-24,4.05,151.46,23.5,-7.5,7.5,False,97.0,39.7,16.2,V자,11,False,진단·연구 중형주 · 시총 57억달러 · 손잡이 없는 컵 · 상승일 거래량 1.2배 · 주가강도 상위 3% (최상위권),진단·연구
"Xometry, Inc. - Class A Common Stock",XMTR,US,미분류,손잡이형성중,102.85,82.61,24.5,51.5,12.2,8.8,,False,True,False,97.0,2026-05-12,1.06,107.93,23.5,-4.7,4.7,False,91.0,49.1,23.8,급등,16,False,- · 주가강도 상위 9% (최상위권),-
Flowco Holdings Inc. Class A Common St,FLOC,US,에너지,컵앤핸들,18.1,23.34,-22.44,42.3,36.8,10.6,,False,True,False,149.0,2026-02-26,1.3,30.5,23.5,-40.7,36.0,False,21.0,56.2,54.9,U자,17,False,석유·가스 장비 소형주 · 시총 23억달러 · ROE 10% · 주가강도 21점,석유·가스 장비
TSE1878,1878.T,JP,미분류,손잡이없음,3123.0,3600.6,-13.26,18.9,8.2,0.0,1.42,False,True,False,43.0,2026-07-29,2.07,4710.0,23.6,-33.7,18.8,False,25.0,48.6,0.0,V자,16,False,- · 손잡이 없는 컵 · 상승일 거래량 1.4배 · 주가강도 25점,-
山金国际,000975.SZ,CN,미분류,손잡이없음,22.76,32.32,-29.58,48.6,18.4,0.0,1.55,False,False,False,,,,42.29,23.6,-46.2,46.2,False,30.0,49.2,39.8,V자,16,False,- · 손잡이 없는 컵 · 상승일 거래량 1.6배 · 주가강도 30점,-
多氟多,002407.SZ,CN,미분류,손잡이없음,29.49,43.93,-32.88,41.9,11.2,0.0,1.76,False,False,False,,,,57.5,23.6,-48.7,48.7,False,25.0,30.5,0.0,들쭉날쭉,16,False,- · 손잡이 없는 컵 · 상승일 거래량 1.8배 · 주가강도 25점,-
이오테크닉스,039030.KQ,KR,미분류,컵앤핸들,552000.0,475475.0,16.09,56.4,17.6,10.3,,False,True,False,7.0,2026-09-21,0.63,623000.0,23.7,-11.4,11.4,False,94.0,37.5,10.0,V자,16,False,- · 주가강도 상위 6% (최상위권),-
Ally Financial Inc. Common Stock,ALLY,US,미분류,손잡이형성중,37.62,43.17,-12.86,24.0,13.6,3.1,,False,True,False,114.0,2026-04-17,2.06,56.61,23.7,-33.5,20.4,False,7.0,44.8,17.3,V자,16,False,- · 주가강도 7점,-
Uranium Energy Corp. Common Stock,UEC,US,미분류,손잡이없음,9.45,15.51,-39.05,42.5,11.8,0.0,1.02,False,False,False,,,,20.34,23.7,-53.5,53.5,False,3.0,38.9,17.8,급등,16,False,- · 손잡이 없는 컵 · 상승일 거래량 1.0배 · 주가강도 3점,-
TSE3036,3036.T,JP,미분류,손잡이없음,3450.0,2886.88,19.51,22.9,7.2,0.0,1.68,False,True,False,38.0,2026-08-05,2.48,3785.0,23.7,-8.9,8.9,False,83.0,67.5,41.3,V자,16,False,- · 손잡이 없는 컵 · 상승일 거래량 1.7배 · 주가강도 상위 17%,-
TSE5243,5243.T,JP,미분류,컵앤핸들,3995.0,3143.14,27.1,52.9,18.4,14.4,,False,True,False,6.0,2026-09-24,0.78,4120.0,23.7,-3.0,3.0,False,97.0,53.6,30.6,V자,1,True,- · 주가강도 상위 3% (최상위권),-
네패스,033640.KQ,KR,미분류,손잡이없음,32200.0,37237.2,-13.53,69.4,20.2,0.0,1.88,False,False,False,,,,48850.0,23.8,-34.1,21.7,False,95.0,49.8,34.7,V자,1,True,- · 손잡이 없는 컵 · 상승일 거래량 1.9배 · 주가강도 상위 5% (최상위권),-
CPIC,2601.HK,HK,미분류,손잡이없음,28.14,35.9,-21.61,26.1,15.6,0.0,1.17,False,False,False,,,,47.1,23.8,-40.3,30.4,False,12.0,37.2,0.0,V자,16,False,- · 손잡이 없는 컵 · 상승일 거래량 1.2배 · 주가강도 12점,-
TSE1662,1662.T,JP,미분류,손잡이없음,1763.0,2149.15,-17.97,27.3,30.0,0.0,1.2,False,False,False,,,,2819.0,23.8,-37.5,37.5,False,45.0,34.4,0.0,들쭉날쭉,16,False,- · 손잡이 없는 컵 · 상승일 거래량 1.2배 · 주가강도 45점,-
"Syndax Pharmaceuticals, Inc. - Common ",SNDX,US,미분류,손잡이없음,18.8,22.71,-17.23,26.6,5.4,0.0,3.34,False,True,False,60.0,2026-07-07,1.16,29.86,23.9,-37.0,26.5,False,14.0,41.5,0.0,V자,16,False,- · 손잡이 없는 컵 · 상승일 거래량 3.3배 · 주가강도 14점,-
浙江世宝,002703.SZ,CN,미분류,손잡이없음,15.65,21.89,-28.51,48.3,18.4,0.0,1.06,False,False,False,,,,28.75,23.9,-45.6,45.6,False,22.0,29.9,0.0,V자,16,False,- · 손잡이 없는 컵 · 상승일 거래량 1.1배 · 주가강도 22점,-
翔鹭钨业,002842.SZ,CN,미분류,손잡이없음,30.81,41.42,-25.62,36.2,11.8,0.0,3.74,False,True,False,36.0,2026-08-10,1.34,54.44,23.9,-43.4,43.4,False,85.0,33.6,0.0,들쭉날쭉,16,False,- · 손잡이 없는 컵 · 상승일 거래량 3.7배 · 주가강도 상위 15%,-
Glaukos Corporation Common Stock,GKOS,US,미분류,컵앤핸들,164.19,145.54,12.82,32.8,5.2,6.3,,False,True,False,62.0,2026-07-02,1.17,191.62,24.0,-14.3,14.3,False,83.0,49.0,34.6,V자,17,False,- · 주가강도 상위 17%,-
Avient Corporation Common Stock,AVNT,US,소재,컵앤핸들,40.25,46.58,-13.58,29.7,24.2,14.6,,False,False,False,,,,61.46,24.2,-34.5,13.7,False,56.0,39.7,0.0,급등,17,False,정밀화학 소형주 · 시총 38억달러 · ROE 7% · 주가강도 56점,정밀화학
FUYAO GLASS,3606.HK,HK,미분류,손잡이없음,54.65,65.22,-16.2,26.8,10.6,0.0,1.56,False,False,False,,,,86.0,24.2,-36.5,36.5,False,9.0,61.0,57.6,덜회복,16,False,- · 손잡이 없는 컵 · 상승일 거래량 1.6배 · 주가강도 9점,-
"Once Upon a Farm, PBC Common Stock",OFRM,US,미분류,손잡이형성중,15.75,20.42,-22.87,17.1,4.4,10.7,,False,True,False,68.0,2026-06-24,2.02,27.0,24.4,-41.7,41.7,True,,54.6,30.0,V자,16,False,-,-
ENVISION GREEN,1783.HK,HK,미분류,손잡이없음,4.65,6.43,-27.64,46.9,5.4,0.0,0.89,False,False,False,,,,8.51,24.4,-45.4,45.4,False,71.0,48.6,57.6,덜회복,16,False,- · 손잡이 없는 컵 · 상승일 거래량 0.9배 · 주가강도 71점,-
TSE4205,4205.T,JP,미분류,손잡이형성중,2405.5,1977.98,21.61,20.3,9.0,2.2,,False,True,False,98.0,2026-05-12,1.56,2618.0,24.4,-8.1,8.1,False,70.0,47.7,15.7,급등,12,False,- · 주가강도 70점,-
洛阳钼业,603993.SS,CN,미분류,손잡이없음,16.88,21.76,-22.43,24.5,4.4,0.0,1.1,False,False,False,,,,28.78,24.4,-41.3,41.3,False,29.0,38.4,0.0,급등,16,False,- · 손잡이 없는 컵 · 상승일 거래량 1.1배 · 주가강도 29점,-
TSE7269,7269.T,JP,미분류,손잡이형성중,1989.5,1866.86,6.57,16.6,12.8,4.9,,False,True,False,273.0,2025-08-18,2.4,2473.0,24.5,-19.6,19.6,False,22.0,55.2,40.4,급등,16,False,- · 주가강도 22점,-
TSE9722,9722.T,JP,미분류,컵앤핸들,3010.0,2384.38,26.24,25.3,15.6,3.6,,False,True,False,29.0,2026-08-19,1.66,3160.0,24.5,-4.7,4.7,False,84.0,59.3,59.8,U자,17,False,- · 주가강도 상위 16%,-
Dorian LPG Ltd. Common Stock,LPG,US,미분류,손잡이형성중,55.06,45.23,21.75,28.3,8.2,4.2,,False,True,False,48.0,2026-07-23,1.11,59.97,24.6,-8.2,8.2,False,94.0,42.8,25.4,V자,16,False,- · 주가강도 상위 6% (최상위권),-
株冶集团,600961.SS,CN,미분류,손잡이없음,22.56,32.35,-30.27,37.4,12.0,0.0,1.32,False,False,False,,,,42.95,24.7,-47.5,39.0,False,53.0,32.6,0.0,V자,16,False,- · 손잡이 없는 컵 · 상승일 거래량 1.3배 · 주가강도 53점,-
HD건설기계,267270.KS,KR,미분류,손잡이없음,118000.0,163663.5,-27.9,35.9,7.0,0.0,0.91,False,False,False,,,,217500.0,24.8,-45.7,45.7,False,44.0,33.5,6.0,급등,16,False,- · 손잡이 없는 컵 · 상승일 거래량 0.9배 · 주가강도 44점,-
"Academy Sports and Outdoors, Inc. - Co",ASO,US,미분류,컵앤핸들,48.09,56.94,-15.54,17.1,4.0,16.5,,False,False,False,,,,75.73,24.8,-36.5,23.0,False,18.0,57.6,55.0,U자,16,False,- · 주가강도 18점,-
"UFP Technologies, Inc. - Common Stock",UFPT,US,헬스케어,컵앤핸들,296.82,275.48,7.75,36.8,19.4,17.0,,False,True,False,40.0,2026-08-04,3.11,366.41,24.8,-19.0,12.4,False,74.0,63.6,81.2,U자,17,False,의료기기 소형주 · 시총 22억달러 · ROE 17% · 주가강도 74점,의료기기
CIRRUS,2507.HK,HK,미분류,손잡이없음,42.76,57.56,-25.71,46.3,35.0,0.0,1.63,False,False,False,,,,76.5,24.8,-44.1,38.5,False,22.0,32.0,0.0,V자,16,False,- · 손잡이 없는 컵 · 상승일 거래량 1.6배 · 주가강도 22점,-
国恩股份,002768.SZ,CN,미분류,손잡이형성중,69.81,59.94,16.47,34.4,4.6,4.1,,False,True,False,34.0,2026-08-12,0.72,79.73,24.8,-12.4,12.4,False,94.0,43.7,31.7,V자,16,False,- · 주가강도 상위 6% (최상위권),-
LIG디펜스앤에어로스페이스,079550.KS,KR,미분류,손잡이없음,736000.0,839839.0,-12.36,22.9,5.6,0.0,1.66,False,False,False,,,,1118000.0,24.9,-34.2,34.2,False,72.0,42.6,0.0,V자,12,False,- · 손잡이 없는 컵 · 상승일 거래량 1.7배 · 주가강도 72점,-
TSE5471,5471.T,JP,미분류,손잡이형성중,2494.5,2256.25,10.56,25.8,12.8,7.1,,False,True,False,75.0,2026-06-12,1.94,3005.0,24.9,-17.0,17.0,False,76.0,52.8,27.0,급등,1,True,- · 주가강도 76점,-
한화에어로스페이스,012450.KS,KR,미분류,손잡이없음,1043000.0,1241240.0,-15.97,36.9,4.6,0.0,1.49,False,False,False,,,,1655000.0,25.0,-37.0,37.0,False,23.0,54.3,53.3,덜회복,16,False,- · 손잡이 없는 컵 · 상승일 거래량 1.5배 · 주가강도 23점,-
아스플로,159010.KQ,KR,산업재,손잡이형성중,32100.0,24424.4,31.43,60.4,6.4,22.8,,False,True,False,19.0,2026-09-03,1.3,32550.0,25.0,-1.4,1.2,False,99.0,39.3,35.0,V자,16,False,"공구·부품 소형주 · 시총 2,940억원 · ROE 14% · 주가강도 상위 1% (최상위권)",공구·부품
HENDERSON LAND,0012.HK,HK,미분류,손잡이없음,26.74,34.81,-23.19,29.3,14.8,0.0,1.12,False,False,False,,,,46.41,25.0,-42.4,25.0,False,24.0,37.8,0.0,V자,16,False,- · 손잡이 없는 컵 · 상승일 거래량 1.1배 · 주가강도 24점,-
JIANGSU EXPRESS,0177.HK,HK,미분류,컵앤핸들,10.69,9.67,10.55,8.6,4.0,4.1,,False,True,False,223.0,2025-11-04,0.82,12.9,25.0,-17.1,5.0,False,51.0,33.3,25.4,V자,17,False,- · 주가강도 51점,-
TSE9832,9832.T,JP,미분류,손잡이없음,1537.0,1786.78,-13.98,19.8,20.4,0.0,0.97,False,False,False,,,,2386.0,25.1,-35.6,13.9,False,29.0,44.7,14.3,급등,16,False,- · 손잡이 없는 컵 · 상승일 거래량 1.0배 · 주가강도 29점,-
The Middleby Corporation - Common Stoc,MIDD,US,미분류,손잡이형성중,103.58,121.15,-14.5,24.2,14.2,4.4,,False,True,False,192.0,2025-12-23,0.84,161.98,25.2,-36.1,30.3,False,5.0,45.9,28.0,V자,17,False,- · 주가강도 5점,-
TSE8362,8362.T,JP,미분류,손잡이형성중,8370.0,6346.34,31.89,15.4,4.4,6.2,,False,True,False,33.0,2026-08-13,1.22,8490.0,25.2,-1.4,1.4,False,98.0,38.6,3.8,들쭉날쭉,15,False,- · 주가강도 상위 2% (최상위권),-
"Steven Madden, Ltd. - Common Stock",SHOO,US,미분류,컵앤핸들,44.77,38.5,16.29,23.1,6.8,3.1,,False,True,False,114.0,2026-04-17,0.7,51.56,25.3,-13.2,9.9,False,63.0,69.7,70.7,덜회복,17,False,- · 주가강도 63점,-
"Ryman Hospitality Properties, Inc. (RE",RHP,US,미분류,손잡이형성중,119.53,102.53,16.58,15.3,6.8,2.1,,False,True,False,114.0,2026-04-17,0.82,137.46,25.4,-13.0,13.0,False,55.0,67.0,77.4,U자,16,False,- · 주가강도 55점,-
TSE6473,6473.T,JP,미분류,손잡이형성중,2123.0,1950.95,8.82,28.4,8.8,4.1,,False,True,False,99.0,2026-05-11,0.84,2615.0,25.4,-18.8,6.2,False,64.0,44.8,17.9,급등,16,False,- · 주가강도 64점,-
立讯精密,002475.SZ,CN,미분류,손잡이형성중,49.43,61.04,-19.02,26.3,11.0,4.9,,False,True,False,112.0,2026-04-20,2.88,81.78,25.4,-39.6,39.6,False,6.0,59.9,60.8,U자,16,False,- · 주가강도 6점,-
디아이,003160.KS,KR,미분류,손잡이형성중,42850.0,32282.25,32.74,55.3,13.8,11.3,,False,True,False,7.0,2026-09-21,5.28,43350.0,25.5,-1.2,0.7,False,96.0,44.3,22.8,V자,16,False,- · 주가강도 상위 4% (최상위권),-
EchoStar Corporation - Common stock,ECHO,US,미분류,컵앤핸들,89.41,109.64,-18.45,23.0,13.2,8.8,,False,True,False,186.0,2026-01-02,0.89,147.25,25.5,-39.3,39.3,False,9.0,50.0,11.0,급등,16,False,- · 주가강도 9점,-
STRATTEC SECURITY CORPORATION - Common,STRT,US,미분류,컵앤핸들,64.96,82.68,-21.43,32.4,6.6,9.4,,False,True,False,63.0,2026-07-01,0.81,110.96,25.5,-41.5,30.2,False,5.0,47.7,28.0,V자,17,False,- · 주가강도 5점,-
"EMCOR Group, Inc. Common Stock",EME,US,미분류,컵앤핸들,754.49,709.07,6.41,27.4,10.8,4.0,,False,True,False,170.0,2026-01-27,0.6,951.96,25.5,-20.7,20.7,False,42.0,48.0,18.0,급등,16,False,- · 주가강도 42점,-
DB Gold Double Long ETN due February 1,DGP,US,미분류,손잡이없음,148.37,187.99,-21.07,33.1,14.0,0.0,1.13,False,False,False,,,,252.75,25.6,-41.3,41.3,False,27.0,59.7,69.8,덜회복,16,False,- · 손잡이 없는 컵 · 상승일 거래량 1.1배 · 주가강도 27점,-
"Amer Sports, Inc. Ordinary Shares",AS,US,미분류,손잡이형성중,27.29,31.78,-14.13,32.1,7.2,4.6,,False,True,False,342.0,2025-05-20,4.75,42.76,25.7,-36.2,36.2,False,2.0,68.2,83.7,U자,16,False,- · 주가강도 2점,-
SUNSHINE INS,6963.HK,HK,미분류,손잡이없음,3.55,4.33,-18.21,27.9,27.6,0.0,1.09,False,False,False,,,,5.83,25.7,-39.1,21.9,False,19.0,33.4,0.0,들쭉날쭉,16,False,- · 손잡이 없는 컵 · 상승일 거래량 1.1배 · 주가강도 19점,-
中孚实业,600595.SS,CN,미분류,손잡이없음,5.95,8.05,-26.07,32.6,32.8,0.0,1.08,False,False,False,,,,10.83,25.7,-45.1,45.1,False,16.0,28.7,0.0,들쭉날쭉,16,False,- · 손잡이 없는 컵 · 상승일 거래량 1.1배 · 주가강도 16점,-
"Cheniere Energy, Inc. Common Stock",LNG,US,에너지,손잡이형성중,269.03,223.14,20.56,22.5,19.0,2.4,,False,True,False,155.0,2026-02-18,0.68,300.89,25.8,-10.6,10.6,False,55.0,44.8,22.5,V자,16,False,석유·가스 수송 대형주 · 시총 570억달러 · ROE 39% · 주가강도 55점,석유·가스 수송
"Schneider National, Inc. Common Stock",SNDR,US,미분류,컵앤핸들,31.85,29.14,9.3,24.4,7.4,6.7,,False,True,False,114.0,2026-04-17,5.66,39.27,25.8,-18.9,18.9,False,54.0,57.4,35.0,V자,16,False,- · 주가강도 54점,-
TSE2607,2607.T,JP,미분류,손잡이형성중,4225.0,3530.53,19.67,20.9,13.8,2.5,,False,True,False,271.0,2025-08-20,0.8,4760.0,25.8,-11.2,11.2,False,56.0,47.8,22.1,급등,16,False,- · 주가강도 56점,-
新金路,000510.SZ,CN,미분류,손잡이없음,16.85,20.67,-18.48,38.5,28.2,0.0,1.18,False,False,False,,,,27.85,25.8,-39.5,39.5,False,85.0,30.6,3.0,들쭉날쭉,16,False,- · 손잡이 없는 컵 · 상승일 거래량 1.2배 · 주가강도 상위 15%,-
"Urban Outfitters, Inc. - Common Stock",URBN,US,경기소비재,손잡이형성중,76.38,63.27,20.71,31.5,10.6,6.4,,False,True,False,340.0,2025-05-22,4.41,85.43,25.9,-10.6,10.6,False,46.0,60.2,60.5,U자,16,False,의류 유통 중형주 · 시총 66억달러 · ROE 21% · 주가강도 46점,의류 유통
TSE3156,3156.T,JP,미분류,손잡이없음,6250.0,4764.76,31.17,28.8,5.6,0.0,2.58,False,True,False,35.0,2026-08-10,1.98,6430.0,25.9,-2.8,2.8,False,96.0,48.0,0.0,V자,16,False,- · 손잡이 없는 컵 · 상승일 거래량 2.6배 · 주가강도 상위 4% (최상위권),-
中国太保,601601.SS,CN,미분류,손잡이없음,31.06,38.5,-19.32,26.7,17.2,0.0,1.19,False,False,False,,,,51.97,25.9,-40.2,35.8,False,10.0,41.4,15.7,급등,16,False,- · 손잡이 없는 컵 · 상승일 거래량 1.2배 · 주가강도 10점,-
TSE6627,6627.T,JP,미분류,컵앤핸들,2568.0,2214.21,15.98,33.0,8.0,15.7,,False,True,False,101.0,2026-05-07,1.55,2992.0,26.0,-14.2,14.2,False,90.0,42.2,18.9,V자,1,True,- · 주가강도 상위 10% (최상위권),-
闽东电力,000993.SZ,CN,미분류,손잡이없음,17.09,15.47,10.5,40.5,14.2,0.0,2.61,False,True,False,10.0,2026-09-15,9.78,20.91,26.0,-18.3,18.3,False,86.0,53.3,20.8,급등,16,False,- · 손잡이 없는 컵 · 상승일 거래량 2.6배 · 주가강도 상위 14%,-
Hesai Group - American Depositary Shar,HSAI,US,미분류,손잡이형성중,15.95,22.79,-30.02,56.9,10.2,22.9,,False,True,False,317.0,2025-06-26,1.71,30.85,26.1,-48.3,45.7,False,2.0,49.8,41.6,V자,16,False,- · 주가강도 2점,-
"Rubrik, Inc. Class A Common Stock",RBRK,US,미분류,손잡이형성중,114.47,86.54,32.27,52.0,31.8,23.2,,False,True,False,61.0,2026-07-06,1.05,117.05,26.1,-2.2,2.0,False,90.0,27.8,0.0,V자,16,False,- · 주가강도 상위 10% (최상위권),-
Mercury Systems Inc - Common Stock,MRCY,US,미분류,컵앤핸들,83.0,94.75,-12.41,33.5,16.2,4.6,,False,True,False,91.0,2026-05-20,0.78,128.45,26.2,-35.4,35.4,False,13.0,32.9,0.0,V자,16,False,- · 주가강도 13점,-
"Tetra Tech, Inc. - Common Stock",TTEK,US,미분류,손잡이없음,32.95,37.79,-12.8,31.6,34.8,0.0,1.08,False,False,False,,,,51.2,26.2,-35.6,23.6,False,37.0,27.5,0.0,V자,16,False,- · 손잡이 없는 컵 · 상승일 거래량 1.1배 · 주가강도 37점,-
Veeva Systems Inc. Class A Common Stoc,VEEV,US,헬스케어,컵앤핸들,285.45,253.73,12.5,39.7,29.8,6.0,,False,True,False,23.0,2026-08-27,3.25,343.96,26.2,-17.0,8.1,False,81.0,64.0,62.6,U자,17,False,의료정보 서비스 중형주 · 시총 423억달러 · ROE 14% · 주가강도 상위 19%,의료정보 서비스
北化股份,002246.SZ,CN,미분류,컵앤핸들,25.41,20.88,21.69,24.1,6.6,8.1,,False,True,False,170.0,2026-01-19,1.79,28.3,26.2,-10.2,10.2,False,78.0,75.3,72.7,U자,17,False,- · 주가강도 78점,-
Cushman & Wakefield Ltd. Common Shares,CWK,US,미분류,손잡이없음,11.81,17.35,-31.92,33.2,40.8,0.0,0.99,False,False,False,,,,23.54,26.3,-49.8,32.1,False,3.0,27.1,0.0,들쭉날쭉,16,False,- · 손잡이 없는 컵 · 상승일 거래량 1.0배 · 주가강도 3점,-
"Reddit, Inc. Class A Common Stock",RDDT,US,미분류,손잡이없음,142.44,208.26,-31.6,35.0,5.0,0.0,0.55,False,False,False,,,,282.95,26.4,-49.7,45.9,False,2.0,26.0,0.0,V자,16,False,- · 손잡이 없는 컵 · 상승일 거래량 0.6배 · 주가강도 2점,-
佛塑科技,000973.SZ,CN,미분류,손잡이없음,11.56,16.38,-29.41,33.5,8.2,0.0,1.22,False,False,False,,,,22.25,26.4,-48.0,48.0,False,19.0,31.8,0.0,V자,16,False,- · 손잡이 없는 컵 · 상승일 거래량 1.2배 · 주가강도 19점,-
KOMATSU,6301.T,JP,산업재,손잡이형성중,7652.0,5763.76,32.76,16.2,10.4,4.8,,False,True,False,164.0,2026-01-29,2.84,7840.0,26.5,-2.4,2.4,False,79.0,46.2,12.1,급등,16,False,농기계·중장비 대형주 · 시총 6.3조엔 · ROE 12% · 주가강도 79점,농기계·중장비
湖南黄金,002155.SZ,CN,미분류,손잡이없음,23.2,32.1,-27.73,36.3,19.6,0.0,1.11,False,False,False,,,,43.67,26.5,-46.9,46.9,False,13.0,28.9,0.0,V자,16,False,- · 손잡이 없는 컵 · 상승일 거래량 1.1배 · 주가강도 13점,-
StepStone Group Inc. - Class A Common ,STEP,US,미분류,손잡이없음,43.4,57.07,-23.95,31.9,11.8,0.0,1.16,False,False,False,,,,77.79,26.6,-44.2,44.2,False,7.0,35.4,0.0,V자,16,False,- · 손잡이 없는 컵 · 상승일 거래량 1.2배 · 주가강도 7점,-
SK이터닉스,475150.KS,KR,미분류,손잡이없음,50100.0,64264.2,-22.04,53.1,5.8,0.0,2.46,False,True,False,48.0,2026-07-23,4.75,87700.0,26.7,-42.9,42.9,False,85.0,57.1,42.0,V자,16,False,- · 손잡이 없는 컵 · 상승일 거래량 2.5배 · 주가강도 상위 15%,-
KKR & Co. Inc. Common Stock,KKR,US,미분류,손잡이없음,91.3,124.82,-26.86,33.7,37.0,0.0,1.03,False,False,False,,,,170.4,26.7,-46.4,37.0,False,6.0,24.5,0.0,들쭉날쭉,16,False,- · 손잡이 없는 컵 · 상승일 거래량 1.0배 · 주가강도 6점,-
TSE6946,6946.T,JP,미분류,컵앤핸들,7320.0,6596.59,10.97,39.0,20.6,11.2,,False,True,False,8.0,2026-09-17,2.17,9000.0,26.7,-18.7,18.7,False,86.0,52.0,38.1,덜회복,5,False,- · 주가강도 상위 14%,-
意华股份,002897.SZ,CN,미분류,손잡이없음,57.99,76.28,-23.97,35.2,25.6,0.0,1.51,False,False,False,,,,104.0,26.7,-44.2,44.2,False,26.0,30.7,0.0,들쭉날쭉,16,False,- · 손잡이 없는 컵 · 상승일 거래량 1.5배 · 주가강도 26점,-
ZHAOJIN MINING,1818.HK,HK,미분류,손잡이없음,18.05,31.01,-41.79,48.9,35.4,0.0,1.04,False,False,False,,,,42.36,26.8,-57.4,57.4,False,1.0,23.5,0.0,들쭉날쭉,16,False,- · 손잡이 없는 컵 · 상승일 거래량 1.0배 · 주가강도 1점,-
TSE3774,3774.T,JP,미분류,손잡이형성중,3458.0,2670.67,29.48,28.2,17.6,5.8,,False,True,False,111.0,2026-04-17,1.12,3650.0,26.8,-5.3,5.3,False,67.0,43.2,17.0,V자,10,False,- · 주가강도 67점,-
TSE8411,8411.T,JP,미분류,손잡이형성중,8587.0,7535.53,13.95,26.7,13.0,7.1,,False,True,False,82.0,2026-06-03,1.25,10300.0,26.8,-16.6,3.5,False,81.0,70.7,75.2,덜회복,4,False,- · 주가강도 상위 19%,-
北方铜业,000737.SZ,CN,미분류,손잡이없음,13.44,15.73,-14.53,26.0,6.2,0.0,1.65,False,True,False,14.0,2026-09-09,3.98,21.5,26.8,-37.5,37.5,False,23.0,46.4,10.2,급등,16,False,- · 손잡이 없는 컵 · 상승일 거래량 1.6배 · 주가강도 23점,-
"Corpay, Inc. Common Stock",CPAY,US,미분류,손잡이형성중,388.6,312.59,24.32,26.8,18.8,4.2,,False,True,False,200.0,2025-12-11,0.71,427.46,26.9,-9.1,9.1,False,69.0,30.4,0.0,V자,16,False,- · 주가강도 69점,-
"Clear Secure, Inc. Class A Common Stoc",YOU,US,미분류,손잡이형성중,41.95,50.51,-16.95,26.7,9.8,13.5,,False,True,False,132.0,2026-03-23,1.73,69.07,26.9,-39.3,39.3,False,22.0,44.1,5.2,급등,16,False,- · 주가강도 22점,-
华峰化学,002064.SZ,CN,미분류,손잡이없음,9.65,13.0,-25.79,29.5,21.2,0.0,1.11,False,False,False,,,,17.78,26.9,-45.7,31.0,False,19.0,36.5,0.0,V자,16,False,- · 손잡이 없는 컵 · 상승일 거래량 1.1배 · 주가강도 19점,-
Samsara Inc. Class A Common Stock,IOT,US,미분류,손잡이형성중,38.13,45.17,-15.58,50.7,37.4,19.3,,False,False,False,,,,61.9,27.0,-38.4,19.7,False,44.0,37.7,26.7,들쭉날쭉,16,False,- · 주가강도 44점,-
"TIC Solutions, Inc. Common Stock",TIC,US,미분류,손잡이없음,8.32,10.91,-23.75,40.5,12.6,0.0,1.28,False,False,False,,,,14.94,27.0,-44.3,43.2,False,17.0,41.2,29.5,급등,16,False,- · 손잡이 없는 컵 · 상승일 거래량 1.3배 · 주가강도 17점,-
Ares Management Corporation Class A Co,ARES,US,금융,컵앤핸들,116.17,146.14,-20.51,39.8,37.6,7.9,,False,True,False,33.0,2026-08-13,1.34,200.49,27.1,-42.1,35.9,False,10.0,29.3,0.0,들쭉날쭉,17,False,자산운용 중형주 · 시총 443억달러 · ROE 15% · 주가강도 10점,자산운용
Mistras Group Inc Common Stock,MG,US,미분류,손잡이없음,21.06,19.66,7.12,24.8,6.4,0.0,1.76,False,True,False,15.0,2026-09-09,1.5,26.98,27.1,-21.9,3.3,False,89.0,64.3,40.7,급등,12,False,- · 손잡이 없는 컵 · 상승일 거래량 1.8배 · 주가강도 상위 11%,-
"RXO, Inc. Common Stock",RXO,US,미분류,손잡이없음,20.46,23.92,-14.46,22.3,6.4,0.0,2.66,False,False,False,,,,32.82,27.1,-37.7,31.6,False,59.0,46.2,0.0,V자,2,False,- · 손잡이 없는 컵 · 상승일 거래량 2.7배 · 주가강도 59점,-
BIREN TECH,6082.HK,HK,미분류,손잡이없음,37.38,51.6,-27.56,46.3,18.2,0.0,1.22,False,False,False,,,,70.75,27.1,-47.2,47.2,True,,25.2,0.0,들쭉날쭉,15,False,- · 손잡이 없는 컵 · 상승일 거래량 1.2배,-
BEONE MEDICINES,6160.HK,HK,헬스케어,컵앤핸들,225.4,203.0,11.03,31.1,20.2,7.3,,False,True,False,38.0,2026-08-07,1.66,278.6,27.1,-19.1,4.3,False,65.0,55.6,29.5,덜회복,17,False,"바이오 대형주 · 시총 3,035억HKD · ROE 15% · 주가강도 65점",바이오
TSE9502,9502.T,JP,미분류,손잡이없음,2661.5,3289.29,-19.09,22.0,5.8,0.0,0.92,False,False,False,,,,4510.0,27.1,-41.0,19.0,False,35.0,44.1,20.2,급등,3,False,- · 손잡이 없는 컵 · 상승일 거래량 0.9배 · 주가강도 35점,-
盛屯矿业,600711.SS,CN,미분류,손잡이없음,10.14,13.91,-27.12,35.9,7.8,0.0,1.14,False,False,False,,,,19.09,27.1,-46.9,45.9,False,8.0,44.2,39.8,V자,16,False,- · 손잡이 없는 컵 · 상승일 거래량 1.1배 · 주가강도 8점,-
中瓷电子,003031.SZ,CN,미분류,손잡이없음,118.84,150.15,-20.85,25.1,4.2,0.0,0.88,False,False,False,,,,205.95,27.1,-42.3,42.3,False,77.0,42.9,20.2,급등,16,False,- · 손잡이 없는 컵 · 상승일 거래량 0.9배 · 주가강도 77점,-
"ACM Research, Inc. - Class A Common St",ACMR,US,미분류,손잡이없음,80.92,92.64,-12.65,32.2,6.4,0.0,3.6,False,False,False,,,,127.19,27.2,-36.4,36.4,False,89.0,39.7,0.0,V자,5,False,- · 손잡이 없는 컵 · 상승일 거래량 3.6배 · 주가강도 상위 11%,-
"Manhattan Associates, Inc. - Common St",MANH,US,기술·IT,컵앤핸들,198.7,227.26,-12.57,51.8,55.2,13.3,,False,False,False,,,,312.6,27.3,-36.4,12.5,False,70.0,35.1,12.0,V자,17,False,기술·IT 중형주 · 시총 120억달러 · ROE 96% · 주가강도 70점,기술·IT
"Red Violet, Inc. - Common Stock ",RDVT,US,미분류,손잡이형성중,79.01,59.44,32.93,42.4,21.0,14.0,,False,True,False,66.0,2026-06-26,3.38,81.79,27.3,-3.4,2.3,False,88.0,63.5,69.5,U자,16,False,- · 주가강도 상위 12%,-
"Broadridge Financial Solutions, Inc. C",BR,US,미분류,손잡이없음,161.1,197.58,-18.46,32.2,20.6,0.0,1.44,False,False,False,,,,271.91,27.3,-40.8,32.5,False,14.0,46.4,17.0,급등,16,False,- · 손잡이 없는 컵 · 상승일 거래량 1.4배 · 주가강도 14점,-
Corporacion America Airports SA Common,CAAP,US,미분류,컵앤핸들,25.44,22.16,14.79,24.0,9.2,5.6,,False,True,False,221.0,2025-11-11,1.01,30.5,27.3,-16.6,16.6,False,44.0,59.6,35.0,급등,16,False,- · 주가강도 44점,-
WEICHAI POWER,2338.HK,HK,미분류,컵앤핸들,28.72,33.05,-13.11,34.4,5.8,5.6,,False,True,False,111.0,2026-04-22,0.51,45.44,27.3,-36.8,36.8,False,65.0,45.3,37.3,V자,16,False,- · 주가강도 65점,-
TS LINES,2510.HK,HK,미분류,손잡이없음,13.15,10.87,20.97,31.3,22.2,0.0,2.93,False,True,False,31.0,2026-08-18,2.66,14.96,27.3,-12.1,12.1,False,91.0,69.6,46.5,U자,16,False,- · 손잡이 없는 컵 · 상승일 거래량 2.9배 · 주가강도 상위 9% (최상위권),-
"Heritage Insurance Holdings, Inc. Comm",HRTG,US,미분류,손잡이형성중,33.15,26.49,25.16,29.7,16.0,4.6,,False,True,False,63.0,2026-07-01,0.93,36.5,27.4,-9.2,9.2,False,70.0,35.2,0.0,V자,16,False,- · 주가강도 70점,-
博敏电子,603936.SS,CN,미분류,손잡이없음,19.35,27.02,-28.38,57.5,16.8,0.0,1.03,False,False,False,,,,37.24,27.4,-48.0,36.6,False,71.0,35.6,18.4,V자,10,False,- · 손잡이 없는 컵 · 상승일 거래량 1.0배 · 주가강도 71점,-
共达电声,002655.SZ,CN,기술·IT,손잡이형성중,32.54,38.27,-14.97,48.2,14.0,12.1,,False,True,False,23.0,2026-08-27,0.99,52.72,27.4,-38.3,38.3,False,92.0,33.4,6.8,V자,16,False,전자부품 중형주 · 시총 131억위안 · ROE 5% · 주가강도 상위 8% (최상위권),전자부품
"Autodesk, Inc. - Common Stock",ADSK,US,미분류,컵앤핸들,209.0,249.39,-16.2,29.9,20.0,8.5,,False,True,False,36.0,2026-08-10,0.59,344.39,27.6,-39.3,35.9,False,5.0,39.2,0.0,V자,17,False,- · 주가강도 5점,-
"Arista Networks, Inc. Common Stock",ANET,US,미분류,손잡이형성중,203.59,155.57,30.87,18.6,4.8,3.1,,False,True,False,115.0,2026-04-16,0.94,214.89,27.6,-5.3,5.3,False,83.0,45.1,31.3,V자,16,False,- · 주가강도 상위 17%,-
TSE7826,7826.T,JP,미분류,손잡이형성중,12030.0,8948.94,34.43,42.9,6.8,8.3,,False,True,False,31.0,2026-08-17,0.99,12380.0,27.7,-2.8,2.8,False,98.0,65.4,72.1,U자,16,False,- · 주가강도 상위 2% (최상위권),-
"Clean Harbors, Inc. Common Stock",CLH,US,미분류,컵앤핸들,310.23,242.42,27.97,18.8,4.8,5.6,,False,True,False,186.0,2026-01-02,0.78,335.94,27.8,-7.7,7.7,False,59.0,65.8,50.5,U자,16,False,- · 주가강도 59점,-
TSE8795,8795.T,JP,미분류,컵앤핸들,4772.0,3735.73,27.74,20.4,13.4,3.6,,False,True,False,180.0,2026-01-06,0.85,5176.0,27.8,-7.8,7.8,False,58.0,59.3,37.2,급등,16,False,- · 주가강도 58점,-
龙旗科技,603341.SS,CN,미분류,손잡이없음,35.21,44.84,-21.48,22.6,5.4,0.0,1.05,False,False,False,,,,62.2,27.9,-43.4,34.3,False,6.0,40.0,9.9,급등,10,False,- · 손잡이 없는 컵 · 상승일 거래량 1.1배 · 주가강도 6점,-
新中港,605162.SS,CN,미분류,손잡이없음,10.59,13.51,-21.63,50.7,14.4,0.0,1.27,False,False,False,,,,18.73,27.9,-43.5,31.6,False,63.0,58.9,67.8,덜회복,16,False,- · 손잡이 없는 컵 · 상승일 거래량 1.3배 · 주가강도 63점,-
TSE9024,9024.T,JP,미분류,손잡이없음,3582.0,4227.22,-15.26,38.9,11.4,0.0,1.51,False,False,False,,,,5871.0,28.0,-39.0,39.0,False,10.0,60.0,65.9,덜회복,16,False,- · 손잡이 없는 컵 · 상승일 거래량 1.5배 · 주가강도 10점,-
奥士康,002913.SZ,CN,기술·IT,손잡이없음,92.3,70.73,30.5,49.7,8.6,0.0,1.76,False,True,False,14.0,2026-09-09,3.27,98.18,28.0,-6.0,6.0,False,96.0,50.2,29.8,V자,17,False,전자부품 중형주 · 시총 225억위안 · ROE 4% · 손잡이 없는 컵 · 상승일 거래량 1.8배 · 주가강도 상위 4% (최상위권),전자부품
예스티,122640.KQ,KR,미분류,컵앤핸들,34475.0,31631.6,8.99,51.8,13.0,16.6,,False,True,False,7.0,2026-09-21,2.05,44000.0,28.1,-21.6,21.6,False,89.0,35.1,9.0,들쭉날쭉,16,False,- · 주가강도 상위 11%,-
"Fortinet, Inc. - Common Stock",FTNT,US,미분류,손잡이형성중,178.76,130.49,36.99,33.9,49.4,3.9,,False,True,False,89.0,2026-05-22,0.96,181.37,28.1,-1.4,1.4,False,94.0,23.2,0.0,급등,16,False,- · 주가강도 상위 6% (최상위권),-
Loar Holdings Inc. Common Stock,LOAR,US,미분류,컵앤핸들,61.52,71.7,-14.2,29.7,14.2,6.1,,False,True,False,68.0,2026-06-24,1.13,99.67,28.1,-38.3,26.3,False,5.0,59.2,52.7,덜회복,17,False,- · 주가강도 5점,-
"Life Time Group Holdings, Inc. Common ",LTH,US,미분류,손잡이형성중,39.88,33.98,17.36,31.0,50.0,10.0,,False,True,False,76.0,2026-06-11,0.72,47.24,28.1,-15.6,15.6,False,74.0,40.2,0.0,들쭉날쭉,16,False,- · 주가강도 74점,-
TSE6143,6143.T,JP,미분류,컵앤핸들,1756.0,1545.54,13.62,23.6,6.0,9.8,,False,True,False,104.0,2026-04-28,0.88,2150.0,28.1,-18.3,17.8,False,82.0,58.9,36.6,V자,16,False,- · 주가강도 상위 18%,-
罗曼股份,605289.SS,CN,미분류,손잡이형성중,94.05,115.09,-18.28,37.1,10.6,7.8,,False,True,False,30.0,2026-08-18,0.75,160.0,28.1,-41.2,41.2,False,83.0,29.6,0.0,V자,16,False,- · 주가강도 상위 17%,-
万润科技,002654.SZ,CN,미분류,손잡이없음,12.24,16.17,-24.29,35.4,16.2,0.0,1.14,False,False,False,,,,22.48,28.1,-45.6,45.6,False,2.0,25.5,0.0,들쭉날쭉,16,False,- · 손잡이 없는 컵 · 상승일 거래량 1.1배 · 주가강도 2점,-
Aya Gold & Silver Inc. - Common Shares,AYA,US,미분류,손잡이없음,26.9,22.02,22.15,44.5,9.4,0.0,1.3,False,True,False,40.0,2026-08-04,3.15,30.67,28.2,-12.3,12.3,False,92.0,48.2,28.0,V자,16,False,- · 손잡이 없는 컵 · 상승일 거래량 1.3배 · 주가강도 상위 8% (최상위권),-
Federal Agricultural Mortgage Corporat,AGM,US,미분류,컵앤핸들,206.92,178.18,16.13,26.8,17.8,5.1,,False,True,False,101.0,2026-05-06,1.52,248.29,28.2,-16.7,16.7,False,60.0,34.8,0.0,V자,16,False,- · 주가강도 60점,-
山煤国际,600546.SS,CN,미분류,손잡이없음,13.12,15.75,-16.68,31.3,11.8,0.0,1.19,False,False,False,,,,21.95,28.2,-40.2,16.6,False,60.0,44.7,20.6,V자,16,False,- · 손잡이 없는 컵 · 상승일 거래량 1.2배 · 주가강도 60점,-
华天科技,002185.SZ,CN,미분류,손잡이없음,16.46,19.24,-14.45,19.6,4.2,0.0,1.47,False,False,False,,,,26.81,28.2,-38.6,38.6,False,66.0,47.0,10.9,급등,16,False,- · 손잡이 없는 컵 · 상승일 거래량 1.5배 · 주가강도 66점,-
铭普光磁,002902.SZ,CN,미분류,손잡이형성중,25.64,30.89,-17.0,42.1,20.8,11.9,,False,True,False,7.0,2026-09-18,3.41,43.03,28.2,-40.4,40.4,False,28.0,35.2,5.7,들쭉날쭉,16,False,- · 주가강도 28점,-
TSE1965,1965.T,JP,미분류,손잡이없음,2367.0,2232.23,6.04,22.1,4.0,0.0,1.47,False,True,False,24.0,2026-08-26,1.45,3113.33,28.3,-24.0,24.0,False,71.0,37.4,0.0,V자,16,False,- · 손잡이 없는 컵 · 상승일 거래량 1.5배 · 주가강도 71점,-
TSE8923,8923.T,JP,미분류,손잡이형성중,1731.0,1392.39,24.32,13.0,4.6,2.8,,False,True,False,296.0,2025-07-14,0.65,1943.0,28.3,-10.9,10.9,False,37.0,42.2,24.6,급등,16,False,- · 주가강도 37점,-
东方钽业,000962.SZ,CN,미분류,손잡이없음,54.27,68.97,-21.31,40.8,16.2,0.0,1.67,False,False,False,,,,96.24,28.3,-43.6,43.6,False,78.0,29.2,0.0,들쭉날쭉,12,False,- · 손잡이 없는 컵 · 상승일 거래량 1.7배 · 주가강도 78점,-
"Beta Bionics, Inc. - Common Stock",BBNX,US,미분류,손잡이없음,18.98,23.43,-19.0,62.4,43.2,0.0,0.99,False,False,False,,,,32.71,28.4,-42.0,42.0,False,55.0,31.3,10.7,들쭉날쭉,15,False,- · 손잡이 없는 컵 · 상승일 거래량 1.0배 · 주가강도 55점,-
"Exelixis, Inc. - Common Stock",EXEL,US,미분류,컵앤핸들,58.41,43.76,33.47,27.3,15.4,5.7,,False,True,False,210.0,2025-11-26,0.73,61.14,28.4,-4.5,4.5,False,69.0,40.3,1.5,급등,16,False,- · 주가강도 69점,-
Meritage Homes Corporation Common Stoc,MTH,US,미분류,손잡이형성중,62.85,76.56,-17.9,29.0,16.6,5.5,,False,True,False,68.0,2026-06-24,1.55,106.99,28.4,-41.3,26.4,False,7.0,47.4,19.6,V자,16,False,- · 주가강도 7점,-
JIHONG CO,2603.HK,HK,미분류,손잡이형성중,12.36,14.61,-15.43,26.1,27.4,5.7,,False,True,False,173.0,2026-01-16,0.89,20.4,28.4,-39.4,39.4,True,3.0,43.5,14.0,들쭉날쭉,15,False,- · 주가강도 3점,-
TSE9843,9843.T,JP,미분류,손잡이없음,2981.5,3496.49,-14.73,36.5,23.2,0.0,1.23,False,False,False,,,,4884.0,28.4,-39.0,14.6,False,61.0,33.4,9.9,급등,16,False,- · 손잡이 없는 컵 · 상승일 거래량 1.2배 · 주가강도 61점,-
TSE9278,9278.T,JP,미분류,손잡이없음,3025.0,2261.26,33.78,21.2,8.2,0.0,3.88,False,True,False,52.0,2026-07-15,3.15,3160.0,28.4,-4.3,4.3,False,94.0,49.4,0.0,V자,2,False,- · 손잡이 없는 컵 · 상승일 거래량 3.9배 · 주가강도 상위 6% (최상위권),-
贵研铂业,600459.SS,CN,미분류,손잡이형성중,18.02,21.47,-16.07,25.7,14.4,5.7,,False,True,False,36.0,2026-08-10,0.88,29.99,28.4,-39.9,39.9,False,6.0,36.3,0.0,들쭉날쭉,16,False,- · 주가강도 6점,-
티에프이,425420.KQ,KR,미분류,손잡이형성중,73900.0,55555.5,33.02,60.8,11.8,7.7,,False,True,False,14.0,2026-09-10,3.63,77700.0,28.5,-4.9,4.9,False,94.0,55.6,49.9,V자,15,False,- · 주가강도 상위 6% (최상위권),-
Alamos Gold Inc. Class A Common Shares,AGI,US,미분류,손잡이없음,32.39,39.6,-18.21,31.6,8.6,0.0,1.38,False,False,False,,,,55.41,28.5,-41.5,41.5,False,10.0,59.8,44.4,U자,16,False,- · 손잡이 없는 컵 · 상승일 거래량 1.4배 · 주가강도 10점,-
铜峰电子,600237.SS,CN,미분류,손잡이없음,8.55,11.16,-23.39,37.1,27.4,0.0,1.3,False,False,False,,,,15.6,28.5,-45.2,40.3,False,9.0,30.6,0.0,들쭉날쭉,16,False,- · 손잡이 없는 컵 · 상승일 거래량 1.3배 · 주가강도 9점,-
"Core Scientific, Inc. - Common Stock",CORZ,US,미분류,손잡이형성중,15.98,21.75,-26.53,43.5,23.4,11.6,,False,True,False,102.0,2026-05-05,1.08,30.46,28.6,-47.5,47.5,False,10.0,39.6,0.0,급등,16,False,- · 주가강도 10점,-
Imperial Oil Limited Common Stock,IMO,US,에너지,손잡이형성중,123.05,99.51,23.66,17.6,7.6,3.8,,False,True,False,174.0,2026-01-21,0.97,139.44,28.6,-11.8,11.8,False,61.0,40.6,0.0,V자,16,False,석유·가스(종합) 대형주 · 시총 648억달러 · ROE 17% · 주가강도 61점,석유·가스(종합)
"Valmont Industries, Inc. Common Stock",VMI,US,미분류,컵앤핸들,462.98,418.3,10.68,11.6,4.2,3.6,,False,True,False,201.0,2025-12-10,0.78,585.71,28.6,-21.0,21.0,False,34.0,38.5,27.9,V자,16,False,- · 주가강도 34점,-
DFZQ,3958.HK,HK,미분류,손잡이없음,5.71,6.57,-13.04,19.7,11.0,0.0,1.31,False,False,False,,,,9.2,28.6,-37.9,31.9,False,14.0,43.2,0.0,들쭉날쭉,16,False,- · 손잡이 없는 컵 · 상승일 거래량 1.3배 · 주가강도 14점,-
TSE7279,7279.T,JP,미분류,손잡이없음,2371.0,3078.08,-22.97,35.9,36.4,0.0,1.15,False,False,False,,,,4310.0,28.6,-45.0,41.0,False,19.0,24.2,0.0,들쭉날쭉,16,False,- · 손잡이 없는 컵 · 상승일 거래량 1.1배 · 주가강도 19점,-
TSE8622,8622.T,JP,미분류,손잡이없음,881.0,775.77,13.56,20.3,15.6,0.0,1.58,False,True,False,48.0,2026-07-22,2.89,1088.0,28.7,-19.0,11.9,False,83.0,51.0,0.0,V자,16,False,- · 손잡이 없는 컵 · 상승일 거래량 1.6배 · 주가강도 상위 17%,-
TSE8386,8386.T,JP,미분류,손잡이형성중,3295.0,2369.37,39.07,23.3,7.4,2.8,,False,True,False,115.0,2026-04-13,1.29,3325.0,28.7,-0.9,0.9,False,93.0,48.7,22.3,급등,4,False,- · 주가강도 상위 7% (최상위권),-
麦迪科技,603990.SS,CN,미분류,손잡이없음,19.34,23.62,-18.13,33.9,4.6,0.0,6.27,False,True,False,35.0,2026-08-11,1.64,33.11,28.7,-41.6,22.7,False,52.0,50.7,23.5,급등,16,False,- · 손잡이 없는 컵 · 상승일 거래량 6.3배 · 주가강도 52점,-
科瑞技术,002957.SZ,CN,미분류,손잡이없음,35.28,51.6,-31.63,42.8,21.2,0.0,1.09,False,False,False,,,,72.4,28.7,-51.3,51.3,False,75.0,24.7,0.0,들쭉날쭉,10,False,- · 손잡이 없는 컵 · 상승일 거래량 1.1배 · 주가강도 75점,-
Kirby Corporation Common Stock,KEX,US,미분류,컵앤핸들,131.25,112.35,16.82,35.1,15.0,6.4,,False,True,False,210.0,2025-11-26,0.64,157.69,28.8,-16.8,16.8,False,56.0,63.6,67.5,덜회복,16,False,- · 주가강도 56점,-
Texas Pacific Land Corporation Common ,TPL,US,미분류,손잡이형성중,325.83,419.82,-22.39,41.1,40.4,4.6,,False,True,False,157.0,2026-02-13,1.37,589.71,28.8,-44.7,40.5,False,9.0,38.6,24.6,급등,16,False,- · 주가강도 9점,-
TSE7846,7846.T,JP,미분류,컵앤핸들,2084.5,1661.99,25.42,10.2,5.2,3.7,,False,True,False,72.0,2026-06-17,0.72,2333.33,28.8,-10.7,3.9,False,74.0,27.1,14.9,V자,17,False,- · 주가강도 74점,-
TSE5989,5989.T,JP,미분류,손잡이형성중,1408.0,1768.77,-20.4,25.8,16.0,7.7,,False,True,False,85.0,2026-05-29,0.87,2485.0,28.8,-43.3,22.8,False,31.0,48.1,24.2,급등,16,False,- · 주가강도 31점,-
TSE5631,5631.T,JP,미분류,손잡이없음,7248.0,8485.48,-14.58,21.0,4.4,0.0,0.58,False,False,False,,,,11925.0,28.8,-39.2,31.8,False,8.0,33.1,0.0,급등,1,True,- · 손잡이 없는 컵 · 상승일 거래량 0.6배 · 주가강도 8점,-
XD西部黄,601069.SS,CN,미분류,손잡이없음,24.56,35.97,-31.71,40.7,14.6,0.0,1.76,False,False,False,,,,50.5,28.8,-51.4,51.4,False,6.0,59.3,58.3,덜회복,16,False,- · 손잡이 없는 컵 · 상승일 거래량 1.8배 · 주가강도 6점,-
海思科,002653.SZ,CN,미분류,손잡이형성중,62.18,57.53,8.09,32.2,14.4,6.9,,False,True,False,124.0,2026-04-01,1.5,80.83,28.8,-23.1,23.1,False,31.0,46.5,20.1,V자,16,False,- · 주가강도 31점,-
Bicara Therapeutics Inc. - Common Stoc,BCAX,US,미분류,손잡이형성중,18.61,22.03,-15.53,12.9,4.0,4.2,,False,True,False,118.0,2026-04-13,0.77,30.99,28.9,-39.9,39.9,False,10.0,42.1,28.8,V자,16,False,- · 주가강도 10점,-
TSE9902,9902.T,JP,미분류,손잡이형성중,3200.0,2722.72,17.53,19.9,50.8,3.1,,False,True,False,55.0,2026-07-10,1.41,3830.0,28.9,-16.4,3.8,False,71.0,31.9,0.0,들쭉날쭉,16,False,- · 주가강도 71점,-
"ArriVent BioPharma, Inc. - Common Stoc",AVBP,US,미분류,손잡이형성중,30.28,25.81,17.34,23.9,4.4,6.5,,False,True,False,120.0,2026-04-09,2.58,36.37,29.0,-16.7,15.5,False,67.0,57.3,26.2,V자,16,False,- · 주가강도 67점,-
"Guidewire Software, Inc. Common Stock",GWRE,US,미분류,손잡이형성중,142.58,193.42,-26.29,51.1,33.2,6.1,,False,True,False,23.0,2026-08-27,0.76,272.6,29.0,-47.7,44.3,False,7.0,49.1,43.5,U자,16,False,- · 주가강도 7점,-
JNBY,3306.HK,HK,경기소비재,손잡이형성중,23.26,16.76,38.81,28.4,13.6,5.4,,False,True,False,324.0,2025-06-10,2.71,23.6,29.0,-1.4,1.4,False,65.0,38.9,7.7,급등,16,False,의류 제조 중형주 · 시총 113억HKD · ROE 38% · 주가강도 65점,의류 제조
HD현대중공업,329180.KS,KR,미분류,손잡이없음,427500.0,542542.0,-21.2,23.8,4.2,0.0,0.86,False,False,False,,,,765000.0,29.1,-44.1,44.1,False,3.0,36.0,0.0,V자,16,False,- · 손잡이 없는 컵 · 상승일 거래량 0.9배 · 주가강도 3점,-
Nexa Resources S.A. Common Shares,NEXA,US,미분류,컵앤핸들,12.19,15.32,-20.41,22.1,4.4,12.3,,False,True,False,27.0,2026-08-21,1.84,21.61,29.1,-43.6,27.8,False,80.0,47.9,17.3,V자,17,False,- · 주가강도 상위 20%,-
中航沈飞,600760.SS,CN,미분류,손잡이없음,43.63,52.23,-16.47,27.2,19.0,0.0,1.43,False,False,False,,,,73.66,29.1,-40.8,40.8,False,10.0,50.3,30.9,V자,16,False,- · 손잡이 없는 컵 · 상승일 거래량 1.4배 · 주가강도 10점,-
"Itron, Inc. - Common Stock",ITRI,US,미분류,손잡이없음,86.34,100.59,-14.17,22.6,10.2,0.0,1.71,False,True,False,45.0,2026-07-28,9.98,142.0,29.2,-39.2,39.2,False,12.0,48.8,0.4,급등,17,False,- · 손잡이 없는 컵 · 상승일 거래량 1.7배 · 주가강도 12점,-
Marcus Corporation (The) Common Stock,MCS,US,미분류,손잡이없음,27.89,32.45,-14.06,18.2,7.8,0.0,1.04,False,False,False,,,,45.82,29.2,-39.1,14.0,False,88.0,41.4,0.0,V자,4,False,- · 손잡이 없는 컵 · 상승일 거래량 1.0배 · 주가강도 상위 12%,-
TSE9021,9021.T,JP,미분류,손잡이없음,2885.0,3531.53,-18.31,30.5,22.8,0.0,1.21,False,False,False,,,,4989.0,29.2,-42.2,18.2,False,24.0,41.1,18.9,V자,16,False,- · 손잡이 없는 컵 · 상승일 거래량 1.2배 · 주가강도 24점,-
Perpetua Resources Corp. - Common Shar,PPTA,US,미분류,컵앤핸들,21.57,26.43,-18.38,39.1,7.8,10.9,,False,True,False,25.0,2026-08-25,0.82,37.37,29.3,-42.3,42.3,False,16.0,68.2,71.6,U자,16,False,- · 주가강도 16점,-
"Rambus, Inc. - Common Stock",RMBS,US,미분류,손잡이형성중,106.76,123.07,-13.25,42.6,11.4,4.6,,False,True,False,114.0,2026-04-17,1.01,174.1,29.3,-38.7,38.7,False,37.0,54.1,42.2,급등,16,False,- · 주가강도 37점,-
TSE3176,3176.T,JP,미분류,손잡이형성중,1184.0,867.87,36.43,21.2,20.0,2.4,,False,True,False,42.0,2026-07-30,2.61,1227.0,29.3,-3.5,3.5,False,88.0,47.9,16.3,급등,16,False,- · 주가강도 상위 12%,-
中煤能源,601898.SS,CN,미분류,손잡이없음,13.8,17.57,-21.45,31.9,12.2,0.0,0.99,False,False,False,,,,24.89,29.4,-44.6,30.2,False,39.0,65.9,70.2,덜회복,16,False,- · 손잡이 없는 컵 · 상승일 거래량 1.0배 · 주가강도 39점,-
东方锆业,002167.SZ,CN,미분류,손잡이없음,15.04,18.96,-20.67,23.7,5.8,0.0,1.23,False,False,False,,,,26.85,29.4,-44.0,44.0,False,15.0,35.4,0.0,V자,11,False,- · 손잡이 없는 컵 · 상승일 거래량 1.2배 · 주가강도 15점,-
아이씨티케이,456010.KQ,KR,미분류,손잡이형성중,24600.0,28178.15,-12.7,64.0,21.4,21.7,,False,False,False,,,,39950.0,29.5,-38.4,38.4,False,91.0,31.3,0.0,V자,4,False,- · 주가강도 상위 9% (최상위권),-
NextNav Inc. - Common stock,NN,US,미분류,컵앤핸들,14.38,17.22,-16.48,39.2,11.6,7.8,,False,True,False,193.0,2025-12-22,0.87,24.42,29.5,-41.1,41.1,False,11.0,66.2,76.7,U자,16,False,- · 주가강도 11점,-
"Voya Financial, Inc. Common Stock",VOYA,US,미분류,손잡이형성중,94.48,74.5,26.81,19.4,13.2,2.9,,False,True,False,113.0,2026-04-20,0.95,105.64,29.5,-10.6,10.6,False,63.0,40.8,0.0,V자,16,False,- · 주가강도 63점,-
알테오젠,196170.KQ,KR,미분류,손잡이형성중,261500.0,308308.0,-15.18,36.4,5.8,11.7,,False,True,False,36.0,2026-08-10,1.64,437692.31,29.6,-40.3,40.3,False,8.0,46.7,35.5,V자,16,False,- · 주가강도 8점,-
"Halozyme Therapeutics, Inc. - Common S",HALO,US,미분류,손잡이없음,110.4,82.3,34.14,25.4,12.8,0.0,1.2,False,True,False,45.0,2026-07-28,1.45,116.85,29.6,-5.5,5.5,False,88.0,42.9,12.7,급등,16,False,- · 손잡이 없는 컵 · 상승일 거래량 1.2배 · 주가강도 상위 12%,-
BeOne Medicines Ltd. - American Deposi,ONC,US,미분류,컵앤핸들,365.94,300.3,21.86,15.9,4.8,4.3,,False,True,False,295.0,2025-07-29,2.24,426.56,29.6,-14.2,5.0,False,62.0,57.4,47.4,U자,17,False,- · 주가강도 62점,-
Sanmina Corporation - Common Stock,SANM,US,미분류,손잡이없음,214.91,255.48,-15.88,36.4,18.8,0.0,1.65,False,False,False,,,,363.0,29.6,-40.8,25.6,False,81.0,29.3,0.0,V자,9,False,- · 손잡이 없는 컵 · 상승일 거래량 1.6배 · 주가강도 상위 19%,-
CONANT OPTICAL,2276.HK,HK,미분류,손잡이없음,35.66,46.81,-23.81,41.7,11.2,0.0,1.36,False,True,False,6.0,2026-09-22,1.23,66.5,29.6,-46.4,46.4,False,3.0,63.9,71.2,덜회복,16,False,- · 손잡이 없는 컵 · 상승일 거래량 1.4배 · 주가강도 3점,-
江西铜业,600362.SS,CN,미분류,손잡이없음,41.8,55.23,-24.31,32.1,6.8,0.0,1.29,False,False,False,,,,78.5,29.6,-46.8,40.9,False,40.0,42.4,19.1,급등,16,False,- · 손잡이 없는 컵 · 상승일 거래량 1.3배 · 주가강도 40점,-
中信银行,601998.SS,CN,미분류,손잡이없음,9.1,8.61,5.71,20.3,12.0,0.0,1.87,False,True,False,24.0,2026-08-26,1.24,12.24,29.6,-25.6,0.5,False,68.0,45.3,0.0,V자,16,False,- · 손잡이 없는 컵 · 상승일 거래량 1.9배 · 주가강도 68점,-
"AAON, Inc. - Common Stock",AAON,US,미분류,컵앤핸들,82.76,105.71,-21.71,42.1,19.6,9.6,,False,True,False,233.0,2025-10-24,0.7,150.46,29.7,-45.0,45.0,False,8.0,57.6,54.3,U자,16,False,- · 주가강도 8점,-
Atlanticus Holdings Corporation - Comm,ATLC,US,미분류,컵앤핸들,87.53,80.37,8.91,39.8,31.0,6.7,,False,True,False,99.0,2026-05-08,2.47,114.34,29.7,-23.4,23.4,False,70.0,33.6,1.5,급등,16,False,- · 주가강도 70점,-
"Innovative Solutions and Support, Inc.",IA,US,미분류,컵앤핸들,18.57,21.74,-14.59,33.3,27.6,11.2,,False,True,False,33.0,2026-08-13,1.92,30.94,29.7,-40.0,40.0,False,41.0,39.6,0.0,들쭉날쭉,16,False,- · 주가강도 41점,-
HP Inc. Common Stock,HPQ,US,미분류,컵앤핸들,31.28,29.15,7.31,26.9,7.8,10.5,,False,True,False,37.0,2026-08-07,0.97,41.47,29.7,-24.6,13.7,False,82.0,76.1,76.2,U자,17,False,- · 주가강도 상위 18%,-
"OPENLANE, Inc. Common Stock",OPLN,US,미분류,손잡이형성중,34.13,30.17,13.13,21.4,13.6,4.6,,False,True,False,194.0,2025-12-19,2.01,42.9,29.7,-20.4,20.4,False,35.0,45.6,10.4,V자,16,False,- · 주가강도 35점,-
"AppFolio, Inc. - Class A Common Stock",APPF,US,미분류,손잡이형성중,200.52,228.81,-12.36,40.6,31.4,4.7,,False,True,False,23.0,2026-08-27,0.97,326.04,29.8,-38.5,29.2,False,37.0,45.0,46.5,U자,16,False,- · 주가강도 37점,-
Aveanna Healthcare Holdings Inc. - Com,AVAH,US,미분류,손잡이없음,12.41,10.33,20.13,42.5,34.8,0.0,1.61,False,True,False,33.0,2026-08-13,4.68,14.71,29.8,-15.6,15.6,False,88.0,37.6,0.0,V자,16,False,- · 손잡이 없는 컵 · 상승일 거래량 1.6배 · 주가강도 상위 12%,-
Herc Holdings Inc. Common Stock ,HRI,US,미분류,컵앤핸들,124.8,173.14,-27.92,53.0,24.0,5.1,,False,True,False,32.0,2026-08-14,0.36,246.88,29.9,-49.4,33.7,False,31.0,52.8,37.4,V자,17,False,- · 주가강도 31점,-
TSE7389,7389.T,JP,미분류,손잡이형성중,2067.0,1511.51,36.75,21.2,7.4,3.4,,False,True,False,57.0,2026-07-08,1.24,2156.0,29.9,-4.1,4.1,False,96.0,54.7,33.3,급등,16,False,- · 주가강도 상위 4% (최상위권),-
闰土股份,002440.SZ,CN,미분류,손잡이없음,13.26,16.47,-19.47,48.4,25.6,0.0,1.67,False,False,False,,,,23.5,29.9,-43.6,19.4,False,85.0,45.8,26.8,V자,16,False,- · 손잡이 없는 컵 · 상승일 거래량 1.7배 · 주가강도 상위 15%,-
Farmers National Banc Corp. - Common S,FMNB,US,미분류,컵앤핸들,15.03,14.0,7.33,17.7,16.0,2.7,,False,True,False,114.0,2026-04-17,0.73,20.0,30.0,-24.9,8.7,False,42.0,47.3,23.3,급등,17,False,- · 주가강도 42점,-
Bristol-Myers Squibb Company Common St,BMY,US,미분류,컵앤핸들,62.4,57.03,9.42,31.0,39.0,6.0,,False,True,False,164.0,2026-02-04,1.51,81.44,30.0,-23.4,9.1,False,54.0,48.2,28.9,덜회복,17,False,- · 주가강도 54점,-
HAITIAN INT'L,1882.HK,HK,미분류,컵앤핸들,17.77,22.77,-21.97,33.3,17.2,10.2,,False,True,False,261.0,2025-09-08,2.28,32.55,30.0,-45.4,32.2,False,5.0,48.0,36.9,V자,17,False,- · 주가강도 5점,-
"MongoDB, Inc. - Class A Common Stock",MDB,US,미분류,손잡이없음,348.61,412.41,-15.47,29.5,4.2,0.0,1.42,False,True,False,36.0,2026-08-10,0.85,590.0,30.1,-40.9,26.3,False,41.0,41.1,16.3,V자,16,False,- · 손잡이 없는 컵 · 상승일 거래량 1.4배 · 주가강도 41점,-
TSE4431,4431.T,JP,미분류,컵앤핸들,3405.0,3068.06,10.98,40.1,22.4,9.6,,False,True,False,49.0,2026-07-21,0.97,4395.0,30.2,-22.5,11.0,False,71.0,59.2,47.5,U자,16,False,- · 주가강도 71점,-
"Banc of California, Inc. Common Stock",BANC,US,미분류,손잡이없음,17.23,21.27,-19.0,23.1,7.6,0.0,1.36,False,True,False,53.0,2026-07-16,0.75,30.51,30.3,-43.5,21.4,False,12.0,45.6,0.0,V자,16,False,- · 손잡이 없는 컵 · 상승일 거래량 1.4배 · 주가강도 12점,-
Blackstone Inc. Common Stock,BX,US,미분류,손잡이형성중,112.09,140.01,-19.94,33.1,61.8,5.1,,False,True,False,36.0,2026-08-10,0.99,200.96,30.3,-44.2,36.7,False,4.0,25.6,0.0,들쭉날쭉,16,False,- · 주가강도 4점,-
"Yum China Holdings, Inc. Common Stock",YUMC,US,미분류,컵앤핸들,41.1,48.53,-15.32,20.3,12.6,5.6,,False,True,False,28.0,2026-08-20,0.81,69.67,30.3,-41.0,29.6,False,13.0,45.4,5.5,V자,17,False,- · 주가강도 13점,-
제닉,123330.KQ,KR,미분류,손잡이없음,22000.0,34434.4,-36.11,49.4,18.2,0.0,2.02,False,True,False,25.0,2026-08-26,1.86,49473.63,30.4,-55.5,43.4,False,8.0,51.6,22.2,V자,16,False,- · 손잡이 없는 컵 · 상승일 거래량 2.0배 · 주가강도 8점,-
Ryerson Holding Corporation Common Sto,RYZ,US,미분류,손잡이없음,23.56,30.93,-23.83,37.4,11.8,0.0,1.21,False,True,False,45.0,2026-07-28,0.79,44.7,30.8,-47.3,26.4,False,26.0,41.3,31.2,V자,16,False,- · 손잡이 없는 컵 · 상승일 거래량 1.2배 · 주가강도 26점,-
TSE4816,4816.T,JP,미분류,손잡이없음,2954.0,3473.47,-14.96,35.5,50.4,0.0,1.15,False,False,False,,,,5022.0,30.8,-41.2,7.3,False,54.0,24.5,5.5,들쭉날쭉,16,False,- · 손잡이 없는 컵 · 상승일 거래량 1.1배 · 주가강도 54점,-
"Axon Enterprise, Inc. - Common Stock",AXON,US,미분류,손잡이형성중,422.52,611.6,-30.92,42.4,16.6,8.2,,False,True,False,61.0,2026-07-06,0.98,885.92,31.0,-52.3,44.7,False,2.0,45.0,19.4,급등,16,False,- · 주가강도 2점,-
HNI Corporation Common Stock,HNI,US,경기소비재,컵앤핸들,45.32,43.09,5.17,39.4,39.2,6.7,,False,True,False,45.0,2026-07-28,0.76,62.41,31.0,-27.4,14.2,False,50.0,26.2,0.0,들쭉날쭉,17,False,가구·생활용품 소형주 · 시총 35억달러 · ROE 0% · 주가강도 50점,가구·생활용품
현대엘리베이터,017800.KS,KR,미분류,손잡이없음,72300.0,85085.0,-15.03,27.3,8.6,0.0,1.08,False,False,False,,,,123534.67,31.1,-41.5,36.2,False,14.0,39.5,14.6,급등,16,False,- · 손잡이 없는 컵 · 상승일 거래량 1.1배 · 주가강도 14점,-
新疆众和,600888.SS,CN,미분류,손잡이없음,9.78,12.39,-21.08,31.8,12.0,0.0,1.5,False,False,False,,,,17.97,31.1,-45.6,43.4,False,35.0,37.6,0.8,들쭉날쭉,16,False,- · 손잡이 없는 컵 · 상승일 거래량 1.5배 · 주가강도 35점,-
潍柴重机,000880.SZ,CN,미분류,손잡이없음,23.86,28.31,-15.71,31.2,7.2,0.0,1.56,False,False,False,,,,41.12,31.2,-42.0,40.9,False,13.0,59.8,54.1,덜회복,16,False,- · 손잡이 없는 컵 · 상승일 거래량 1.6배 · 주가강도 13점,-
和胜股份,002824.SZ,CN,미분류,손잡이없음,24.16,31.86,-24.17,41.7,21.0,0.0,1.24,False,False,False,,,,46.32,31.2,-47.8,42.4,False,42.0,25.3,0.0,들쭉날쭉,16,False,- · 손잡이 없는 컵 · 상승일 거래량 1.2배 · 주가강도 42점,-
경동나비엔,009450.KS,KR,미분류,손잡이형성중,61500.0,73973.9,-16.86,27.8,13.2,3.9,,False,True,False,35.0,2026-08-11,3.46,107700.0,31.3,-42.9,23.2,False,21.0,44.8,10.8,급등,16,False,- · 주가강도 21점,-
Strategy Inc - 8.00% Series A Perpetua,STRK,US,미분류,손잡이없음,74.16,88.84,-16.52,43.9,32.2,0.0,1.48,False,False,False,,,,129.48,31.4,-42.7,26.0,False,36.0,24.9,0.0,V자,16,False,- · 손잡이 없는 컵 · 상승일 거래량 1.5배 · 주가강도 36점,-
美格智能,002881.SZ,CN,미분류,손잡이없음,42.41,50.04,-15.25,32.2,13.2,0.0,1.2,False,False,False,,,,73.0,31.5,-41.9,21.4,False,34.0,43.4,20.1,급등,16,False,- · 손잡이 없는 컵 · 상승일 거래량 1.2배 · 주가강도 34점,-
TSE9697,9697.T,JP,미분류,컵앤핸들,4420.0,3430.43,28.85,25.7,17.2,5.9,,False,True,False,45.0,2026-07-27,1.08,5015.0,31.6,-11.9,1.8,False,76.0,38.9,0.0,V자,17,False,- · 주가강도 76점,-
TSE8609,8609.T,JP,미분류,손잡이없음,1232.0,998.0,23.45,20.6,5.0,0.0,1.54,False,True,False,59.0,2026-07-06,0.46,1460.0,31.6,-15.6,3.6,False,87.0,41.3,0.0,들쭉날쭉,16,False,- · 손잡이 없는 컵 · 상승일 거래량 1.5배 · 주가강도 상위 13%,-
恒为科技,603496.SS,CN,미분류,손잡이없음,21.97,31.43,-30.1,32.3,51.4,0.0,1.18,False,False,False,,,,45.97,31.6,-52.2,44.4,False,4.0,23.6,0.0,들쭉날쭉,16,False,- · 손잡이 없는 컵 · 상승일 거래량 1.2배 · 주가강도 4점,-
"Netflix, Inc. - Common Stock",NFLX,US,미분류,손잡이없음,69.58,91.57,-24.02,28.9,12.6,0.0,0.8,False,False,False,,,,134.12,31.7,-48.1,44.3,False,2.0,33.6,0.0,V자,16,False,- · 손잡이 없는 컵 · 상승일 거래량 0.8배 · 주가강도 2점,-
"Dropbox, Inc. - Class A Common Stock",DBX,US,미분류,컵앤핸들,33.85,29.66,14.13,33.0,40.0,5.8,,False,True,False,55.0,2026-07-14,1.0,43.5,31.8,-22.2,11.3,False,69.0,37.3,10.9,V자,17,False,- · 주가강도 69점,-
Banco Macro S.A.  ADR (representing Te,BMA,US,미분류,컵앤핸들,66.93,92.87,-27.93,31.7,28.6,10.1,,False,True,False,76.0,2026-06-11,2.6,136.1,31.8,-50.8,36.9,False,15.0,45.2,0.0,들쭉날쭉,17,False,- · 주가강도 15점,-
TSE3064,3064.T,JP,미분류,손잡이없음,2027.0,2365.36,-14.3,28.7,34.4,0.0,0.98,False,False,False,,,,3470.0,31.8,-41.6,20.1,False,34.0,31.8,0.0,들쭉날쭉,16,False,- · 손잡이 없는 컵 · 상승일 거래량 1.0배 · 주가강도 34점,-
光华科技,002741.SZ,CN,미분류,손잡이없음,24.91,31.19,-20.14,36.4,11.4,0.0,1.59,False,False,False,,,,45.8,31.9,-45.6,40.9,False,36.0,31.5,0.0,들쭉날쭉,16,False,- · 손잡이 없는 컵 · 상승일 거래량 1.6배 · 주가강도 36점,-
Zeta Global Holdings Corp. Class A Com,ZETA,US,미분류,손잡이없음,31.57,25.98,21.54,31.5,4.6,0.0,1.9,False,True,False,39.0,2026-08-05,4.05,38.2,32.0,-17.4,3.8,False,91.0,69.4,53.5,덜회복,16,False,- · 손잡이 없는 컵 · 상승일 거래량 1.9배 · 주가강도 상위 9% (최상위권),-
"Alignment Healthcare, Inc. - Common St",ALHC,US,미분류,컵앤핸들,8.16,19.42,-57.98,44.8,32.2,3.7,,False,True,False,204.0,2025-12-05,0.66,28.59,32.1,-71.5,67.5,False,1.0,39.8,29.0,V자,17,False,- · 주가강도 1점,-
JBT Marel Corporation Common Stock,JBTM,US,미분류,컵앤핸들,105.59,120.51,-12.38,30.3,6.6,7.7,,False,True,False,330.0,2025-06-06,0.7,177.56,32.1,-40.5,38.0,False,2.0,67.9,72.7,덜회복,16,False,- · 주가강도 2점,-
"PPG Industries, Inc. Common Stock",PPG,US,미분류,손잡이형성중,104.33,124.3,-16.07,28.0,16.8,6.0,,False,True,False,62.0,2026-07-02,1.05,182.97,32.1,-43.0,21.8,False,14.0,49.6,25.1,V자,16,False,- · 주가강도 14점,-
"CarGurus, Inc. - Class A Common Stock",CARG,US,미분류,손잡이없음,31.16,38.7,-19.48,30.7,9.2,0.0,1.63,False,True,False,37.0,2026-08-07,1.64,57.25,32.4,-45.6,24.4,False,6.0,47.4,0.0,V자,16,False,- · 손잡이 없는 컵 · 상승일 거래량 1.6배 · 주가강도 6점,-
TSE5842,5842.T,JP,미분류,손잡이없음,2885.0,3568.56,-19.16,24.7,10.4,0.0,0.8,False,False,False,,,,5280.0,32.4,-45.4,30.1,False,12.0,41.0,5.0,급등,1,True,- · 손잡이 없는 컵 · 상승일 거래량 0.8배 · 주가강도 12점,-
"Host Hotels & Resorts, Inc. - Common S",HST,US,미분류,손잡이없음,22.39,25.74,-13.0,16.3,7.4,0.0,0.94,False,False,False,,,,38.16,32.5,-41.3,12.9,False,53.0,41.4,0.0,급등,10,False,- · 손잡이 없는 컵 · 상승일 거래량 0.9배 · 주가강도 53점,-
"West Pharmaceutical Services, Inc. Com",WST,US,미분류,손잡이형성중,370.76,320.65,15.63,30.6,24.8,9.3,,False,True,False,100.0,2026-05-07,1.79,475.35,32.5,-22.0,3.9,False,71.0,50.2,13.2,급등,16,False,- · 주가강도 71점,-
TSE4189,4189.T,JP,미분류,손잡이형성중,3380.0,3033.03,11.44,20.7,19.8,3.9,,False,True,False,151.0,2026-02-18,0.8,4510.0,32.7,-25.1,5.3,False,67.0,49.4,21.0,급등,12,False,- · 주가강도 67점,-
TSE7177,7177.T,JP,미분류,컵앤핸들,1154.0,952.95,21.1,9.1,5.6,2.9,,False,True,False,113.0,2026-04-15,0.83,1419.0,32.8,-18.7,7.2,False,69.0,34.8,29.1,들쭉날쭉,16,False,- · 주가강도 69점,-
Genpact Limited Common Stock,G,US,미분류,컵앤핸들,32.53,38.04,-14.48,35.7,23.6,3.5,,False,True,False,18.0,2026-09-03,0.72,56.76,33.0,-42.7,33.1,False,12.0,34.5,19.6,V자,17,False,- · 주가강도 12점,-
TSE9601,9601.T,JP,미분류,손잡이없음,10680.0,13463.45,-20.67,26.7,32.4,0.0,1.07,False,False,False,,,,20090.0,33.0,-46.8,24.0,False,18.0,33.7,5.8,급등,16,False,- · 손잡이 없는 컵 · 상승일 거래량 1.1배 · 주가강도 18점,-
京基智农,000048.SZ,CN,미분류,손잡이형성중,18.0,22.96,-21.61,48.7,11.6,16.8,,False,True,False,57.0,2026-07-10,1.06,34.27,33.0,-47.5,31.8,False,20.0,55.4,58.9,U자,16,False,- · 주가강도 20점,-
Peabody Energy Corporation Common Stoc,BTU,US,미분류,손잡이없음,24.39,31.99,-23.76,37.2,11.0,0.0,0.97,False,False,False,,,,47.84,33.1,-49.0,40.7,False,15.0,52.8,52.5,덜회복,16,False,- · 손잡이 없는 컵 · 상승일 거래량 1.0배 · 주가강도 15점,-
Gentex Corporation - Common Stock,GNTX,US,경기소비재,컵앤핸들,21.74,25.33,-14.16,26.8,42.8,3.4,,False,True,False,76.0,2026-06-11,1.49,37.9,33.2,-42.6,23.7,False,9.0,28.5,0.0,들쭉날쭉,17,False,자동차부품 소형주 · 시총 48억달러 · ROE 16% · 주가강도 9점,자동차부품
지투파워,388050.KQ,KR,미분류,손잡이없음,10100.0,13443.43,-24.87,60.2,26.6,0.0,6.09,False,False,False,,,,20150.0,33.3,-49.9,45.3,False,60.0,38.1,7.3,들쭉날쭉,15,False,- · 손잡이 없는 컵 · 상승일 거래량 6.1배 · 주가강도 60점,-
STANCHART,2888.HK,HK,미분류,손잡이형성중,244.4,190.29,28.44,25.1,9.0,1.9,,False,True,False,113.0,2026-04-20,0.76,285.23,33.3,-14.3,1.8,False,77.0,48.8,25.1,V자,17,False,- · 주가강도 77점,-
TSE2220,2220.T,JP,미분류,컵앤핸들,1217.0,1411.41,-13.77,24.3,18.8,2.3,,False,True,False,21.0,2026-08-31,6.62,2116.67,33.3,-42.5,20.9,False,15.0,47.6,21.6,급등,17,False,- · 주가강도 15점,-
Bowhead Specialty Holdings Inc. Common,BOW,US,미분류,손잡이형성중,33.77,28.18,19.84,27.5,19.6,4.6,,False,True,False,94.0,2026-05-15,1.61,42.29,33.4,-20.1,3.7,False,67.0,43.6,29.8,급등,17,False,- · 주가강도 67점,-
TSE7947,7947.T,JP,미분류,손잡이없음,2780.0,3228.22,-13.88,30.4,66.6,0.0,1.4,False,False,False,,,,4850.0,33.4,-42.7,4.0,False,48.0,31.6,0.0,들쭉날쭉,15,False,- · 손잡이 없는 컵 · 상승일 거래량 1.4배 · 주가강도 48점,-
太阳电缆,002300.SZ,CN,미분류,손잡이없음,7.68,10.09,-23.89,44.5,23.4,0.0,1.11,False,False,False,,,,15.17,33.5,-49.4,40.6,False,29.0,31.3,6.3,V자,11,False,- · 손잡이 없는 컵 · 상승일 거래량 1.1배 · 주가강도 29점,-
Cinemark Holdings Inc Cinemark Holding,CNK,US,미분류,손잡이형성중,37.3,30.28,23.18,34.4,39.8,2.5,,False,True,False,120.0,2026-04-09,0.82,45.68,33.7,-18.3,4.5,False,76.0,28.7,1.7,들쭉날쭉,16,False,- · 주가강도 76점,-
TSE3635,3635.T,JP,미분류,손잡이없음,1654.5,1972.97,-16.14,28.1,22.6,0.0,1.02,False,False,False,,,,2995.0,34.1,-44.8,23.9,False,23.0,53.0,43.9,덜회복,10,False,- · 손잡이 없는 컵 · 상승일 거래량 1.0배 · 주가강도 23점,-
WHARF HOLDINGS,0004.HK,HK,미분류,손잡이없음,19.26,22.36,-13.87,19.0,6.4,0.0,1.84,False,False,False,,,,34.0,34.2,-43.4,37.1,False,12.0,43.8,0.0,V자,16,False,- · 손잡이 없는 컵 · 상승일 거래량 1.8배 · 주가강도 12점,-
Alpha Tau Medical Ltd. - Ordinary Shar,DRTS,US,미분류,손잡이형성중,14.91,13.56,9.93,22.3,4.6,5.6,,False,True,False,36.0,2026-08-10,0.72,20.65,34.3,-27.8,5.6,False,97.0,44.0,0.0,V자,16,False,- · 주가강도 상위 3% (최상위권),-
Metropolitan Bank Holding Corp. Common,MCB,US,미분류,컵앤핸들,87.12,76.08,14.52,18.9,6.2,2.6,,False,True,False,206.0,2025-12-03,1.74,115.78,34.3,-24.8,14.6,False,33.0,69.8,64.9,덜회복,16,False,- · 주가강도 33점,-
"Oscar Health, Inc. Class A Common Stoc",OSCR,US,미분류,손잡이형성중,30.84,24.3,26.89,55.1,30.0,7.7,,False,True,False,93.0,2026-05-18,1.91,37.0,34.3,-16.6,10.6,False,92.0,59.2,58.0,U자,16,False,- · 주가강도 상위 8% (최상위권),-
TSE8136,8136.T,JP,미분류,컵앤핸들,1198.0,1140.64,5.03,29.8,15.4,7.4,,False,True,False,59.0,2026-07-06,1.17,1737.0,34.3,-31.0,24.8,False,48.0,49.2,24.0,급등,15,False,- · 주가강도 48점,-
TSE7864,7864.T,JP,미분류,컵앤핸들,3325.0,2998.0,10.91,25.6,21.8,2.4,,False,True,False,53.0,2026-07-14,0.83,4570.0,34.4,-27.2,4.5,False,59.0,59.0,51.6,덜회복,15,False,- · 주가강도 59점,-
Jefferies Financial Group Inc. Common ,JEF,US,금융,컵앤핸들,45.73,54.16,-15.57,40.2,25.0,6.1,,False,True,False,83.0,2026-06-02,0.42,82.68,34.5,-44.7,34.6,False,5.0,38.2,11.8,V자,17,False,증권·자본시장 중형주 · 시총 112억달러 · 주가강도 5점,증권·자본시장
CSPC PHARMA,1093.HK,HK,헬스케어,컵앤핸들,10.07,9.11,10.55,34.3,16.8,6.4,,False,True,False,29.0,2026-08-20,4.81,13.93,34.6,-27.7,8.1,False,54.0,49.4,30.9,V자,17,False,"헬스케어 대형주 · 시총 1,008억HKD · ROE 21% · 주가강도 54점",헬스케어
TSE6677,6677.T,JP,미분류,손잡이없음,3145.0,3618.62,-13.09,19.4,4.6,0.0,1.12,False,True,False,39.0,2026-08-04,2.61,5533.33,34.6,-43.2,18.3,False,22.0,43.8,0.0,급등,1,True,- · 손잡이 없는 컵 · 상승일 거래량 1.1배 · 주가강도 22점,-
"CoreWeave, Inc. - Class A Common Stock",CRWV,US,미분류,손잡이없음,87.12,122.12,-28.66,50.4,7.6,0.0,1.14,False,False,False,,,,187.0,34.7,-53.4,43.1,True,31.0,49.2,50.5,V자,16,False,- · 손잡이 없는 컵 · 상승일 거래량 1.1배 · 주가강도 31점,-
TSE6287,6287.T,JP,미분류,손잡이없음,2656.0,2518.52,5.46,18.4,11.0,0.0,1.52,False,True,False,38.0,2026-08-05,2.4,3855.0,34.7,-31.1,10.0,False,54.0,46.7,0.0,V자,16,False,- · 손잡이 없는 컵 · 상승일 거래량 1.5배 · 주가강도 54점,-
TSE7867,7867.T,JP,미분류,컵앤핸들,4200.0,3336.33,25.89,31.6,41.8,6.4,,False,True,False,54.0,2026-07-13,0.8,5119.0,34.8,-18.0,1.6,False,84.0,47.9,20.7,급등,15,False,- · 주가강도 상위 16%,-
伯特利,603596.SS,CN,미분류,손잡이없음,28.14,34.89,-19.34,36.4,41.0,0.0,1.6,False,False,False,,,,53.58,34.9,-47.5,29.9,False,13.0,25.1,0.0,들쭉날쭉,16,False,- · 손잡이 없는 컵 · 상승일 거래량 1.6배 · 주가강도 13점,-
"Saia, Inc. - Common Stock",SAIA,US,미분류,컵앤핸들,333.74,408.41,-18.28,28.2,4.8,5.3,,False,True,False,115.0,2026-04-16,1.16,628.34,35.0,-46.9,32.5,False,15.0,71.7,81.8,U자,17,False,- · 주가강도 15점,-
"Arlo Technologies, Inc. Common Stock",ARLO,US,미분류,손잡이없음,12.4,15.46,-19.77,21.4,5.2,0.0,1.64,False,True,False,40.0,2026-08-04,1.14,23.77,35.0,-47.8,37.8,False,8.0,41.0,0.0,들쭉날쭉,16,False,- · 손잡이 없는 컵 · 상승일 거래량 1.6배 · 주가강도 8점,-
Manchester United Ltd. Class A Ordinar,MANU,US,미분류,컵앤핸들,20.95,18.01,16.34,21.6,13.0,5.9,,False,True,False,155.0,2026-02-18,1.26,27.7,35.0,-24.4,14.3,False,56.0,69.9,60.8,덜회복,16,False,- · 주가강도 56점,-
TSE8151,8151.T,JP,미분류,손잡이없음,1867.0,2171.17,-14.01,17.6,5.2,0.0,1.95,False,False,False,,,,3340.0,35.0,-44.1,16.4,False,39.0,43.8,0.0,V자,5,False,- · 손잡이 없는 컵 · 상승일 거래량 1.9배 · 주가강도 39점,-
FORTIOR,1304.HK,HK,미분류,손잡이없음,117.8,146.85,-19.78,33.8,7.8,0.0,1.19,False,False,False,,,,226.4,35.1,-48.0,42.5,True,11.0,43.9,30.2,V자,3,False,- · 손잡이 없는 컵 · 상승일 거래량 1.2배 · 주가강도 11점,-
"Columbia Banking System, Inc. - Common",COLB,US,미분류,손잡이없음,28.6,32.73,-12.63,21.5,8.0,0.0,1.39,False,True,False,53.0,2026-07-16,1.21,50.68,35.4,-43.6,15.1,False,26.0,45.6,0.0,V자,16,False,- · 손잡이 없는 컵 · 상승일 거래량 1.4배 · 주가강도 26점,-
TSE6588,6588.T,JP,미분류,손잡이없음,2853.0,3318.31,-14.02,20.6,5.8,0.0,1.18,False,True,False,35.0,2026-08-10,2.53,5140.0,35.4,-44.5,17.3,False,29.0,42.1,0.0,V자,16,False,- · 손잡이 없는 컵 · 상승일 거래량 1.2배 · 주가강도 29점,-
TSE3863,3863.T,JP,미분류,손잡이없음,1302.0,1527.53,-14.76,25.0,9.4,0.0,3.15,False,True,False,47.0,2026-07-23,1.01,2366.0,35.4,-45.0,19.2,False,37.0,49.2,0.0,V자,10,False,- · 손잡이 없는 컵 · 상승일 거래량 3.1배 · 주가강도 37점,-
HT로보틱스,396300.KQ,KR,미분류,손잡이없음,6200.0,7347.34,-15.62,63.9,18.0,0.0,2.03,False,False,False,,,,11400.0,35.5,-45.6,15.5,False,96.0,55.3,41.9,V자,4,False,- · 손잡이 없는 컵 · 상승일 거래량 2.0배 · 주가강도 상위 4% (최상위권),-
Tennant Company Common Stock,TNC,US,미분류,컵앤핸들,67.22,80.07,-16.05,29.9,7.6,3.8,,False,True,False,111.0,2026-04-22,1.56,124.11,35.5,-45.8,26.9,False,5.0,67.5,66.8,덜회복,16,False,- · 주가강도 5점,-
TSE4544,4544.T,JP,미분류,손잡이없음,3436.0,4097.09,-16.14,28.1,37.6,0.0,1.23,False,False,False,,,,6350.0,35.5,-45.9,16.1,False,36.0,37.1,5.7,들쭉날쭉,16,False,- · 손잡이 없는 컵 · 상승일 거래량 1.2배 · 주가강도 36점,-
TSE6701,6701.T,JP,미분류,컵앤핸들,4935.0,4448.44,10.94,22.3,9.6,4.1,,False,True,False,53.0,2026-07-14,1.03,6900.0,35.5,-28.5,20.3,False,56.0,51.4,19.7,V자,1,True,- · 주가강도 56점,-
宁波韵升,600366.SS,CN,미분류,컵앤핸들,10.71,12.57,-14.81,28.3,12.8,4.4,,False,True,False,32.0,2026-08-14,0.81,19.49,35.5,-45.1,38.5,False,1.0,35.2,0.0,들쭉날쭉,16,False,- · 주가강도 1점,-
오킨스전자,080580.KQ,KR,미분류,컵앤핸들,27600.0,21371.35,29.14,64.3,21.0,14.1,,False,True,False,12.0,2026-09-14,0.72,33200.0,35.6,-16.9,3.0,False,97.0,35.9,2.6,V자,15,False,- · 주가강도 상위 3% (최상위권),-
Buenaventura Mining Company Inc.,BVN,US,미분류,손잡이없음,31.58,36.86,-14.32,25.8,4.6,0.0,1.1,False,False,False,,,,57.2,35.6,-44.8,29.3,False,44.0,38.7,9.8,급등,16,False,- · 손잡이 없는 컵 · 상승일 거래량 1.1배 · 주가강도 44점,-
LyondellBasell Industries NV Ordinary ,LYB,US,미분류,손잡이없음,57.47,78.51,-26.8,33.7,15.0,0.0,1.04,False,False,False,,,,121.95,35.6,-52.9,31.5,False,44.0,39.0,22.2,V자,16,False,- · 손잡이 없는 컵 · 상승일 거래량 1.0배 · 주가강도 44점,-
TSE5889,5889.T,JP,미분류,손잡이없음,2199.0,2612.61,-15.83,30.2,39.6,0.0,1.31,False,True,False,33.0,2026-08-13,0.8,4060.0,35.6,-45.8,19.5,False,32.0,36.6,0.0,들쭉날쭉,1,True,- · 손잡이 없는 컵 · 상승일 거래량 1.3배 · 주가강도 32점,-
PING AN,2318.HK,HK,미분류,손잡이없음,52.75,66.57,-20.76,24.8,11.2,0.0,0.94,False,False,False,,,,103.6,35.7,-49.1,29.4,False,16.0,44.4,18.4,V자,16,False,- · 손잡이 없는 컵 · 상승일 거래량 0.9배 · 주가강도 16점,-
"Arcus Biosciences, Inc. Common Stock",RCUS,US,미분류,손잡이형성중,25.83,31.47,-17.93,24.0,8.8,18.3,,False,True,False,25.0,2026-08-25,0.49,49.1,35.9,-47.4,18.6,False,61.0,39.1,0.0,급등,16,False,- · 주가강도 61점,-
"AvePoint, Inc. - Class A Common Stock",AVPT,US,미분류,손잡이형성중,14.08,12.96,8.62,38.0,27.0,6.8,,False,True,False,55.0,2026-07-14,0.94,20.25,36.0,-30.5,9.6,False,60.0,37.8,10.5,급등,16,False,- · 주가강도 60점,-
"Dynatrace, Inc. Common Stock",DT,US,미분류,손잡이없음,57.74,51.27,12.62,38.2,34.2,0.0,1.37,False,True,False,24.0,2026-08-26,1.33,80.13,36.0,-27.9,2.8,False,77.0,45.9,43.9,덜회복,16,False,- · 손잡이 없는 컵 · 상승일 거래량 1.4배 · 주가강도 77점,-
TSE6298,6298.T,JP,미분류,컵앤핸들,1271.0,1153.15,10.22,20.6,6.2,3.7,,False,True,False,112.0,2026-04-16,1.63,1805.0,36.1,-29.6,20.2,False,54.0,63.6,50.1,덜회복,16,False,- · 주가강도 54점,-
"Verisk Analytics, Inc. - Common Stock",VRSK,US,미분류,컵앤핸들,167.85,205.91,-18.48,28.0,18.4,7.8,,False,True,False,46.0,2026-07-27,0.77,322.92,36.2,-48.0,33.7,False,4.0,61.2,54.5,덜회복,16,False,- · 주가강도 4점,-
安琪酵母,600298.SS,CN,미분류,손잡이없음,37.47,45.92,-18.39,27.8,24.6,0.0,1.11,False,False,False,,,,71.95,36.2,-47.9,18.5,False,16.0,33.2,0.0,V자,16,False,- · 손잡이 없는 컵 · 상승일 거래량 1.1배 · 주가강도 16점,-
파마리서치,214450.KQ,KR,미분류,손잡이형성중,315000.0,454454.0,-30.69,48.2,30.6,8.1,,False,True,False,23.0,2026-08-28,1.03,713000.0,36.3,-55.8,50.0,False,3.0,55.7,47.8,덜회복,16,False,- · 주가강도 3점,-
泛微网络,603039.SS,CN,미분류,손잡이없음,34.73,49.58,-29.95,43.3,7.2,0.0,1.09,False,False,False,,,,77.87,36.3,-55.4,44.1,False,9.0,42.0,25.4,급등,16,False,- · 손잡이 없는 컵 · 상승일 거래량 1.1배 · 주가강도 9점,-
SUNEVISION,1686.HK,HK,미분류,손잡이없음,5.58,6.59,-15.28,35.6,21.6,0.0,1.5,False,False,False,,,,10.36,36.4,-46.1,29.4,False,40.0,34.8,5.2,V자,10,False,- · 손잡이 없는 컵 · 상승일 거래량 1.5배 · 주가강도 40점,-
TSE4776,4776.T,JP,미분류,컵앤핸들,2974.0,2647.64,12.33,21.7,5.4,8.1,,False,True,False,44.0,2026-07-28,1.04,4160.0,36.4,-28.5,17.8,False,64.0,58.2,35.0,V자,16,False,- · 주가강도 64점,-
Silicom Ltd - Ordinary Shares,SILC,US,미분류,손잡이형성중,52.3,49.4,5.87,35.8,6.0,9.8,,False,True,False,32.0,2026-08-14,3.69,77.95,36.6,-32.9,3.6,False,97.0,44.4,29.0,V자,16,False,- · 주가강도 상위 3% (최상위권),-
Simmons First National Corporation - C,SFNC,US,미분류,컵앤핸들,22.58,21.2,6.5,17.7,8.0,4.4,,False,True,False,114.0,2026-04-17,2.39,33.5,36.7,-32.6,7.2,False,48.0,49.9,27.3,V자,16,False,- · 주가강도 48점,-
Snowflake Inc. Common Stock,SNOW,US,미분류,컵앤핸들,339.56,271.22,25.19,23.7,4.8,6.6,,False,True,False,55.0,2026-07-14,0.62,429.0,36.8,-20.8,11.7,False,89.0,66.5,48.7,덜회복,16,False,- · 주가강도 상위 11%,-
TSE5440,5440.T,JP,미분류,손잡이없음,1887.0,2352.35,-19.78,28.0,40.4,0.0,1.14,False,False,False,,,,3730.0,36.9,-49.4,30.0,False,13.0,29.7,0.0,들쭉날쭉,1,True,- · 손잡이 없는 컵 · 상승일 거래량 1.1배 · 주가강도 13점,-
H2O America  - Common Stock,HTO,US,미분류,손잡이형성중,61.63,52.69,16.96,23.5,35.2,2.9,,False,True,False,178.0,2026-01-14,1.07,83.88,37.2,-26.5,8.1,False,50.0,32.9,3.2,들쭉날쭉,16,False,- · 주가강도 50점,-
CGS,6881.HK,HK,미분류,손잡이없음,7.18,8.87,-19.04,21.3,13.2,0.0,0.98,False,False,False,,,,14.12,37.2,-49.2,41.6,False,3.0,41.9,10.4,급등,16,False,- · 손잡이 없는 컵 · 상승일 거래량 1.0배 · 주가강도 3점,-
TSE4997,4997.T,JP,미분류,컵앤핸들,1081.0,1020.02,5.98,20.8,13.0,3.9,,False,True,False,183.0,2025-12-29,0.86,1630.0,37.4,-33.7,18.5,False,41.0,40.6,0.0,V자,16,False,- · 주가강도 41점,-
Innospec Inc. - Common Stock,IOSP,US,미분류,컵앤핸들,95.32,83.4,14.29,28.9,14.0,3.9,,False,True,False,76.0,2026-06-11,0.89,133.71,37.6,-28.7,5.1,False,66.0,48.4,38.9,V자,16,False,- · 주가강도 66점,-
J&T EXPRESS-W,1519.HK,HK,미분류,손잡이형성중,8.64,10.32,-16.28,32.6,15.0,4.1,,False,True,False,42.0,2026-08-03,1.35,16.54,37.6,-47.8,29.2,False,8.0,47.1,37.2,V자,16,False,- · 주가강도 8점,-
楚江新材,002171.SZ,CN,미분류,손잡이없음,9.81,12.71,-22.83,32.4,16.4,0.0,1.05,False,False,False,,,,20.35,37.6,-51.8,40.4,False,4.0,34.6,0.0,들쭉날쭉,16,False,- · 손잡이 없는 컵 · 상승일 거래량 1.1배 · 주가강도 4점,-
"Airbnb, Inc. - Class A Common Stock",ABNB,US,미분류,컵앤핸들,160.65,136.96,17.3,22.7,20.0,3.3,,False,True,False,184.0,2026-01-06,0.64,219.94,37.7,-27.0,17.0,False,63.0,38.7,6.9,급등,16,False,- · 주가강도 63점,-
中国核建,601611.SS,CN,미분류,손잡이없음,10.08,14.73,-31.59,34.7,15.2,0.0,1.35,False,False,False,,,,23.68,37.8,-57.4,49.9,False,9.0,36.0,0.0,V자,16,False,- · 손잡이 없는 컵 · 상승일 거래량 1.4배 · 주가강도 9점,-
TSE2292,2292.T,JP,미분류,손잡이없음,2667.0,3288.28,-18.89,22.2,20.8,0.0,1.27,False,False,False,,,,5300.0,38.0,-49.7,18.8,False,24.0,38.8,0.0,V자,16,False,- · 손잡이 없는 컵 · 상승일 거래량 1.3배 · 주가강도 24점,-
Global Industrial Company Common Stock,GIC,US,미분류,컵앤핸들,41.94,32.75,28.05,25.6,13.6,3.5,,False,True,False,160.0,2026-02-10,0.7,53.0,38.2,-20.9,2.3,False,73.0,60.2,56.0,덜회복,5,False,- · 주가강도 73점,-
TORM plc - Class A Common Stock,TRMD,US,미분류,컵앤핸들,38.05,30.13,26.29,24.3,5.0,5.6,,False,True,False,118.0,2026-04-13,0.9,48.86,38.3,-22.1,2.0,False,90.0,55.3,33.3,V자,16,False,- · 주가강도 상위 10% (최상위권),-
浙江医药,600216.SS,CN,미분류,손잡이없음,12.43,14.54,-14.54,16.4,4.4,0.0,0.98,False,False,False,,,,23.56,38.3,-47.2,33.1,False,10.0,36.0,0.0,급등,11,False,- · 손잡이 없는 컵 · 상승일 거래량 1.0배 · 주가강도 10점,-
PRADA,1913.HK,HK,미분류,손잡이없음,37.48,52.05,-28.0,33.6,37.6,0.0,1.69,False,False,False,,,,84.75,38.6,-55.8,27.9,False,12.0,38.6,20.1,급등,16,False,- · 손잡이 없는 컵 · 상승일 거래량 1.7배 · 주가강도 12점,-
开开实业,600272.SS,CN,미분류,손잡이없음,15.01,18.42,-18.51,46.8,33.4,0.0,2.72,False,True,False,31.0,2026-08-17,8.45,30.0,38.6,-50.0,34.7,False,66.0,51.9,24.7,급등,16,False,- · 손잡이 없는 컵 · 상승일 거래량 2.7배 · 주가강도 66점,-
TSE4527,4527.T,JP,미분류,컵앤핸들,2802.5,2525.52,10.97,20.8,12.6,2.8,,False,True,False,271.0,2025-08-20,1.65,4117.0,38.7,-31.9,10.2,False,56.0,62.2,50.4,U자,16,False,- · 주가강도 56점,-
TSE4666,4666.T,JP,미분류,손잡이형성중,1791.5,2238.74,-19.98,23.2,12.4,9.7,,False,True,False,174.0,2026-01-15,0.94,3655.0,38.7,-51.0,23.1,False,10.0,69.3,56.3,U자,16,False,- · 주가강도 10점,-
범한퓨얼셀,382900.KQ,KR,미분류,손잡이없음,25100.0,32032.0,-21.64,63.1,12.0,0.0,5.46,False,False,False,,,,52400.0,38.9,-52.1,43.2,False,18.0,49.8,25.5,급등,15,False,- · 손잡이 없는 컵 · 상승일 거래량 5.5배 · 주가강도 18점,-
TSE7270,7270.T,JP,미분류,손잡이없음,2505.0,3187.18,-21.4,29.4,40.8,0.0,1.09,False,False,False,,,,5223.0,39.0,-52.0,31.2,False,14.0,29.9,0.0,들쭉날쭉,16,False,- · 손잡이 없는 컵 · 상승일 거래량 1.1배 · 주가강도 14점,-
亚星锚链,601890.SS,CN,미분류,손잡이없음,9.35,11.36,-17.7,31.1,18.4,0.0,1.55,False,False,False,,,,18.67,39.2,-49.9,34.7,False,28.0,49.8,25.4,급등,16,False,- · 손잡이 없는 컵 · 상승일 거래량 1.6배 · 주가강도 28점,-
中晶科技,003026.SZ,CN,미분류,손잡이없음,32.4,37.32,-13.18,34.9,18.8,0.0,1.82,False,True,False,6.0,2026-09-21,4.72,61.49,39.3,-47.3,34.9,False,64.0,40.4,0.0,들쭉날쭉,16,False,- · 손잡이 없는 컵 · 상승일 거래량 1.8배 · 주가강도 64점,-
Bluelinx Holdings Inc. Common Stock,BXC,US,미분류,손잡이형성중,71.13,93.89,-24.24,44.7,24.6,24.3,,False,False,False,,,,155.19,39.5,-54.2,24.2,False,63.0,31.8,0.0,급등,16,False,- · 주가강도 63점,-
Levi Strauss & Co Class A Common Stock,LEVI,US,미분류,컵앤핸들,19.7,18.67,5.52,11.1,5.8,3.7,,False,True,False,314.0,2025-07-01,0.93,30.84,39.5,-36.1,23.3,False,8.0,25.8,6.6,들쭉날쭉,16,False,- · 주가강도 8점,-
"John Wiley & Sons, Inc. Common Stock",WLY,US,미분류,컵앤핸들,48.9,43.22,13.13,39.9,56.0,10.9,,False,True,False,85.0,2026-06-01,0.95,71.75,39.8,-31.8,14.9,False,62.0,30.4,0.0,V자,16,False,- · 주가강도 62점,-
华银电力,600744.SS,CN,미분류,손잡이없음,6.06,9.31,-34.9,43.9,7.0,0.0,0.93,False,False,False,,,,15.5,39.9,-60.9,38.0,False,14.0,46.9,37.7,급등,16,False,- · 손잡이 없는 컵 · 상승일 거래량 0.9배 · 주가강도 14점,-
万华化学,600309.SS,CN,미분류,손잡이없음,68.9,90.07,-23.5,26.8,29.2,0.0,1.3,False,False,False,,,,150.18,40.0,-54.1,29.0,False,20.0,38.4,0.0,들쭉날쭉,16,False,- · 손잡이 없는 컵 · 상승일 거래량 1.3배 · 주가강도 20점,-
Occidental Petroleum Corporation Commo,OXY,US,미분류,손잡이없음,55.32,67.52,-18.07,29.2,18.2,0.0,1.12,False,False,False,,,,112.95,40.2,-51.0,18.0,False,53.0,37.3,8.2,V자,16,False,- · 손잡이 없는 컵 · 상승일 거래량 1.1배 · 주가강도 53점,-
HKEX,0388.HK,HK,미분류,컵앤핸들,387.8,351.15,10.44,25.5,4.4,5.1,,False,True,False,350.0,2025-05-02,0.86,587.0,40.2,-33.9,15.7,False,24.0,45.2,19.7,V자,16,False,- · 주가강도 24점,-
"Telephone and Data Systems, Inc. Commo",TDS,US,미분류,손잡이없음,33.92,40.42,-16.08,22.0,11.0,0.0,0.71,False,False,False,,,,67.77,40.4,-50.0,30.9,False,6.0,39.0,0.0,급등,16,False,- · 손잡이 없는 컵 · 상승일 거래량 0.7배 · 주가강도 6점,-
TSE8584,8584.T,JP,미분류,컵앤핸들,3475.0,4089.08,-15.02,29.3,10.0,7.1,,False,True,False,300.0,2025-07-08,1.09,6870.0,40.5,-49.4,22.2,False,8.0,47.5,28.9,V자,16,False,- · 주가강도 8점,-
TSE9110,9110.T,JP,미분류,손잡이없음,10530.0,8118.11,29.71,21.5,6.6,0.0,3.13,False,True,False,40.0,2026-08-03,0.45,13640.0,40.5,-22.8,0.1,False,92.0,46.2,0.0,V자,16,False,- · 손잡이 없는 컵 · 상승일 거래량 3.1배 · 주가강도 상위 8% (최상위권),-
TSE2768,2768.T,JP,미분류,손잡이없음,5590.0,6406.4,-12.74,22.8,13.2,0.0,1.01,False,False,False,,,,10800.0,40.7,-48.2,23.0,False,52.0,45.9,11.2,급등,16,False,- · 손잡이 없는 컵 · 상승일 거래량 1.0배 · 주가강도 52점,-
TSE6965,6965.T,JP,미분류,컵앤핸들,2382.0,2247.24,6.0,26.7,8.8,7.7,,False,True,False,95.0,2026-05-15,1.66,3795.0,40.8,-37.2,23.2,False,62.0,58.2,40.4,V자,5,False,- · 주가강도 62점,-
TSE2585,2585.T,JP,미분류,손잡이형성중,1330.0,1779.78,-25.27,51.2,17.2,8.9,,False,True,False,82.0,2026-06-03,0.98,3015.0,41.0,-55.9,45.3,False,4.0,48.0,32.9,V자,16,False,- · 주가강도 4점,-
TSE8253,8253.T,JP,미분류,손잡이형성중,4452.0,3961.96,12.37,11.8,6.8,2.7,,False,True,False,201.0,2025-12-03,1.12,6730.0,41.1,-33.8,9.9,False,41.0,20.8,0.0,들쭉날쭉,15,False,- · 주가강도 41점,-
BGF리테일,282330.KS,KR,미분류,손잡이없음,126200.0,146146.0,-13.65,26.6,7.4,0.0,1.38,False,True,False,37.0,2026-08-07,2.56,249000.0,41.3,-49.3,19.4,False,41.0,42.3,0.0,V자,16,False,- · 손잡이 없는 컵 · 상승일 거래량 1.4배 · 주가강도 41점,-
TSE3003,3003.T,JP,미분류,손잡이없음,1698.0,2096.09,-18.99,22.6,20.4,0.0,1.06,False,False,False,,,,3572.73,41.3,-52.5,18.9,False,27.0,41.1,0.0,V자,16,False,- · 손잡이 없는 컵 · 상승일 거래량 1.1배 · 주가강도 27점,-
TSE6349,6349.T,JP,미분류,손잡이없음,1943.0,1819.82,6.77,23.7,18.0,0.0,2.23,False,True,False,42.0,2026-07-30,8.36,3100.0,41.3,-37.3,6.2,False,73.0,58.6,10.0,급등,16,False,- · 손잡이 없는 컵 · 상승일 거래량 2.2배 · 주가강도 73점,-
SBP GROUP,1177.HK,HK,미분류,손잡이없음,5.71,6.59,-13.31,36.3,18.4,0.0,1.17,False,False,False,,,,11.24,41.4,-49.2,34.0,False,19.0,30.5,0.0,V자,16,False,- · 손잡이 없는 컵 · 상승일 거래량 1.2배 · 주가강도 19점,-
"Kforce, Inc. Common Stock",KFRC,US,미분류,손잡이형성중,52.46,47.55,10.33,48.4,38.0,18.8,,False,True,False,84.0,2026-06-01,0.71,81.47,41.6,-35.6,14.9,False,85.0,26.5,0.3,급등,16,False,- · 주가강도 상위 15%,-
东方材料,603110.SS,CN,미분류,손잡이형성중,24.13,27.46,-12.12,35.3,7.4,12.1,,False,True,False,31.0,2026-08-17,1.03,47.09,41.7,-48.8,15.3,False,80.0,41.0,28.5,V자,16,False,- · 주가강도 상위 20%,-
TSE1699,1699.T,JP,미분류,손잡이없음,716.5,674.27,6.26,20.9,5.2,0.0,2.89,False,True,False,12.0,2026-09-11,2.41,1160.0,41.9,-38.2,1.2,False,87.0,64.8,33.0,급등,16,False,- · 손잡이 없는 컵 · 상승일 거래량 2.9배 · 주가강도 상위 13%,-
锡业股份,000960.SZ,CN,미분류,손잡이없음,30.46,45.0,-32.32,38.8,9.0,0.0,1.65,False,False,False,,,,77.42,41.9,-60.7,37.6,False,26.0,31.8,0.0,V자,16,False,- · 손잡이 없는 컵 · 상승일 거래량 1.6배 · 주가강도 26점,-
"Harmony Biosciences Holdings, Inc. - C",HRMY,US,미분류,컵앤핸들,39.26,35.99,9.1,34.3,20.8,8.0,,False,True,False,64.0,2026-06-30,1.37,62.08,42.0,-36.8,9.7,False,64.0,47.3,19.4,V자,16,False,- · 주가강도 64점,-
CVR Energy Inc. Common Stock,CVI,US,미분류,손잡이없음,50.99,41.71,22.24,52.9,37.2,0.0,1.28,False,True,False,22.0,2026-08-28,0.91,72.32,42.3,-29.5,7.6,False,93.0,32.3,17.0,V자,16,False,- · 손잡이 없는 컵 · 상승일 거래량 1.3배 · 주가강도 상위 7% (최상위권),-
山东墨龙,002490.SZ,CN,미분류,손잡이없음,6.91,10.37,-33.37,40.0,28.4,0.0,1.46,False,False,False,,,,18.0,42.4,-61.6,52.4,False,27.0,30.8,0.0,들쭉날쭉,16,False,- · 손잡이 없는 컵 · 상승일 거래량 1.5배 · 주가강도 27점,-
NAVER,035420.KS,KR,미분류,손잡이없음,192200.0,267267.0,-28.09,32.2,24.0,0.0,1.0,False,False,False,,,,465000.0,42.5,-58.7,36.8,False,10.0,42.7,12.4,들쭉날쭉,16,False,- · 손잡이 없는 컵 · 상승일 거래량 1.0배 · 주가강도 10점,-
乐山电力,600644.SS,CN,미분류,손잡이없음,8.88,11.51,-22.86,25.2,7.2,0.0,0.98,False,False,False,,,,20.04,42.6,-55.7,36.5,False,10.0,37.8,0.0,V자,16,False,- · 손잡이 없는 컵 · 상승일 거래량 1.0배 · 주가강도 10점,-
Acadia Realty Trust Common Stock,AKR,US,미분류,손잡이형성중,18.74,21.78,-13.96,16.8,9.0,5.1,,False,True,False,102.0,2026-05-05,0.71,38.01,42.7,-50.7,18.6,False,11.0,49.4,26.1,V자,16,False,- · 주가강도 11점,-
TSE9507,9507.T,JP,미분류,손잡이없음,2128.0,1874.37,13.53,26.9,15.4,0.0,1.83,False,True,False,27.0,2026-08-21,1.48,3270.0,42.7,-34.9,7.4,False,83.0,53.8,20.5,급등,3,False,- · 손잡이 없는 컵 · 상승일 거래량 1.8배 · 주가강도 상위 17%,-
Halliburton Company Common Stock,HAL,US,미분류,손잡이없음,31.8,42.5,-25.18,27.0,16.6,0.0,0.78,False,False,False,,,,74.33,42.8,-57.2,27.0,False,36.0,37.1,0.0,V자,16,False,- · 손잡이 없는 컵 · 상승일 거래량 0.8배 · 주가강도 36점,-
"Procore Technologies, Inc. Common Stoc",PCOR,US,미분류,손잡이없음,51.72,62.23,-16.89,38.8,12.0,0.0,2.91,False,True,False,29.0,2026-08-19,0.82,108.75,42.8,-52.4,37.2,False,15.0,44.9,19.3,급등,16,False,- · 손잡이 없는 컵 · 상승일 거래량 2.9배 · 주가강도 15점,-
"Revvity, Inc. Common Stock",RVTY,US,미분류,손잡이형성중,152.89,116.28,31.49,31.3,21.4,11.9,,False,True,False,34.0,2026-08-12,0.82,203.16,42.8,-24.7,3.4,False,89.0,66.6,63.5,U자,16,False,- · 주가강도 상위 11%,-
"Tyler Technologies, Inc. Common Stock",TYL,US,미분류,손잡이없음,318.6,378.15,-15.75,28.3,19.8,0.0,1.31,False,True,False,18.0,2026-09-03,0.92,661.31,42.8,-51.8,39.5,False,5.0,35.8,0.0,들쭉날쭉,11,False,- · 손잡이 없는 컵 · 상승일 거래량 1.3배 · 주가강도 5점,-
CRYSTAL INTL,2232.HK,HK,미분류,컵앤핸들,6.46,5.6,15.45,41.3,16.4,7.7,,False,True,False,294.0,2025-07-23,1.22,9.79,42.8,-34.0,17.7,False,30.0,32.4,0.0,V자,16,False,- · 주가강도 30점,-
"Intapp, Inc. - Common Stock",INTA,US,미분류,손잡이형성중,36.21,44.37,-18.4,60.3,33.6,22.4,,False,False,False,,,,77.74,42.9,-53.4,24.5,False,56.0,55.7,59.8,U자,15,False,- · 주가강도 56점,-
"Boise Cascade, L.L.C. Common Stock",BCC,US,미분류,손잡이없음,74.15,88.52,-16.23,16.5,6.8,0.0,1.01,False,False,False,,,,155.42,43.0,-52.3,19.4,False,24.0,35.0,0.0,V자,16,False,- · 손잡이 없는 컵 · 상승일 거래량 1.0배 · 주가강도 24점,-
Haemonetics Corporation Common Stock,HAE,US,미분류,컵앤핸들,105.3,80.88,30.19,40.8,20.8,11.1,,False,True,False,45.0,2026-07-28,0.93,142.11,43.1,-25.9,4.7,False,91.0,61.1,53.8,U자,16,False,- · 주가강도 상위 9% (최상위권),-
Valley National Bancorp - Common Stock,VLY,US,미분류,컵앤핸들,12.62,11.52,9.53,8.9,4.0,2.6,,False,True,False,204.0,2025-12-05,0.4,20.36,43.4,-38.0,17.0,False,28.0,34.8,14.6,V자,15,False,- · 주가강도 28점,-
Banco BBVA Argentina S.A. ADS,BBAR,US,미분류,컵앤핸들,12.85,18.95,-32.19,62.0,37.2,10.4,,False,True,False,172.0,2026-01-23,1.78,33.5,43.4,-61.6,42.8,False,7.0,42.5,14.5,V자,16,False,- · 주가강도 7점,-
Twilio Inc. Class A Common Stock,TWLO,US,미분류,컵앤핸들,292.46,258.61,13.09,21.6,4.4,16.5,,False,True,False,7.0,2026-09-21,1.43,457.3,43.4,-36.0,4.0,False,96.0,56.9,47.0,U자,16,False,- · 주가강도 상위 4% (최상위권),-
Prudential Public Limited Company Comm,PUK,US,미분류,컵앤핸들,24.74,30.34,-18.46,24.3,10.4,5.2,,False,True,False,43.0,2026-07-30,0.95,53.7,43.5,-53.9,27.3,False,6.0,50.2,22.9,V자,16,False,- · 주가강도 6점,-
"Bentley Systems, Incorporated - Class ",BSY,US,미분류,손잡이없음,31.95,40.4,-20.92,30.4,19.4,0.0,1.33,False,False,False,,,,71.92,43.8,-55.6,44.2,False,6.0,42.4,14.2,급등,16,False,- · 손잡이 없는 컵 · 상승일 거래량 1.3배 · 주가강도 6점,-
中航西飞,000768.SZ,CN,미분류,손잡이없음,23.12,27.26,-15.18,29.5,45.4,0.0,1.67,False,False,False,,,,48.5,43.8,-52.3,27.7,False,28.0,30.9,0.0,들쭉날쭉,16,False,- · 손잡이 없는 컵 · 상승일 거래량 1.7배 · 주가강도 28점,-
"e.l.f. Beauty, Inc. Common Stock",ELF,US,미분류,손잡이없음,100.97,124.43,-18.86,60.7,54.6,0.0,1.83,False,False,False,,,,221.83,43.9,-54.5,31.7,False,72.0,34.0,6.4,들쭉날쭉,15,False,- · 손잡이 없는 컵 · 상승일 거래량 1.8배 · 주가강도 72점,-
Westlake Corporation Common Stock,WLK,US,미분류,손잡이형성중,62.31,91.17,-31.66,38.9,18.2,14.8,,False,True,False,164.0,2026-02-04,1.66,162.64,43.9,-61.7,49.8,False,2.0,43.6,35.0,V자,16,False,- · 주가강도 2점,-
TSE8473,8473.T,JP,미분류,손잡이없음,3118.0,3696.69,-15.65,28.8,26.0,0.0,1.33,False,False,False,,,,6611.11,44.1,-52.8,19.3,False,43.0,58.1,40.3,덜회복,16,False,- · 손잡이 없는 컵 · 상승일 거래량 1.3배 · 주가강도 43점,-
航发科技,600391.SS,CN,미분류,손잡이없음,40.61,47.58,-14.64,46.9,15.6,0.0,1.67,False,False,False,,,,85.16,44.1,-52.3,30.4,False,68.0,61.0,62.6,U자,16,False,- · 손잡이 없는 컵 · 상승일 거래량 1.7배 · 주가강도 68점,-
"Caris Life Sciences, Inc. - Common Sto",CAI,US,미분류,컵앤핸들,30.63,23.68,29.33,24.3,6.2,12.2,,False,True,False,28.0,2026-08-20,1.54,42.5,44.3,-27.9,9.0,True,83.0,56.3,40.2,U자,16,False,- · 주가강도 상위 17%,-
TSE6072,6072.T,JP,미분류,손잡이형성중,1057.0,1677.68,-37.0,54.6,13.6,14.6,,False,True,False,82.0,2026-06-03,5.21,3020.0,44.4,-65.0,46.0,False,99.0,51.3,44.0,U자,16,False,- · 주가강도 상위 1% (최상위권),-
Centene Corporation Common Stock,CNC,US,미분류,손잡이형성중,62.12,54.67,13.62,30.0,7.8,7.7,,False,True,False,101.0,2026-05-06,1.2,98.53,44.5,-37.0,10.8,False,81.0,64.7,58.0,U자,16,False,- · 주가강도 상위 19%,-
TSE6080,6080.T,JP,미분류,손잡이없음,4305.0,3783.78,13.78,23.4,6.4,0.0,1.49,False,True,False,45.0,2026-07-27,1.07,6820.0,44.5,-36.9,2.2,False,77.0,50.6,22.8,V자,16,False,- · 손잡이 없는 컵 · 상승일 거래량 1.5배 · 주가강도 77점,-
Middlesex Water Company - Common Stock,MSEX,US,미분류,손잡이없음,52.97,67.16,-21.13,34.2,68.2,0.0,0.93,False,False,False,,,,121.43,44.7,-56.4,14.8,False,22.0,18.5,0.0,들쭉날쭉,16,False,- · 손잡이 없는 컵 · 상승일 거래량 0.9배 · 주가강도 22점,-
"Banco Santander, S.A. Sponsored ADR (S",SAN,US,미분류,컵앤핸들,13.83,12.36,11.87,21.1,5.8,3.1,,False,True,False,117.0,2026-04-14,0.34,22.34,44.7,-38.1,8.1,False,53.0,48.8,18.4,급등,16,False,- · 주가강도 53점,-
Luxfer Holdings PLC Ordinary Shares,LXFR,US,미분류,손잡이형성중,17.27,15.5,11.45,29.5,10.8,3.4,,False,True,False,102.0,2026-05-05,0.51,28.06,44.8,-38.5,11.2,False,62.0,65.7,62.3,U자,16,False,- · 주가강도 62점,-
Rithm Capital Corp. Common Stock,RITM,US,미분류,손잡이형성중,8.93,10.35,-13.72,26.5,58.2,2.9,,False,True,False,33.0,2026-08-13,0.68,18.75,44.8,-52.4,26.5,False,9.0,30.6,0.0,들쭉날쭉,16,False,- · 주가강도 9점,-
"Best Buy Co., Inc. Common Stock",BBY,US,미분류,손잡이형성중,88.24,78.28,12.73,16.9,8.8,10.9,,False,True,False,75.0,2026-06-12,0.72,141.97,44.9,-37.8,8.6,False,67.0,42.7,0.0,V자,16,False,- · 주가강도 67점,-
"Alliance Resource Partners, L.P. - Com",ARLP,US,미분류,손잡이없음,24.29,29.48,-17.6,20.5,16.6,0.0,0.97,False,False,False,,,,53.84,45.2,-54.9,17.5,False,25.0,39.0,0.0,급등,16,False,- · 손잡이 없는 컵 · 상승일 거래량 1.0배 · 주가강도 25점,-
"Gibraltar Industries, Inc. - Common St",ROCK,US,미분류,손잡이없음,39.6,56.41,-29.8,40.4,24.0,0.0,1.05,False,False,False,,,,103.02,45.2,-61.6,47.3,False,4.0,54.4,62.5,U자,16,False,- · 손잡이 없는 컵 · 상승일 거래량 1.1배 · 주가강도 4점,-
Del Monte Corporation Ordinary Shares,DMC,US,미분류,손잡이없음,29.96,36.61,-18.16,27.6,46.4,0.0,0.94,False,False,False,,,,66.86,45.2,-55.2,31.3,False,12.0,24.5,0.0,들쭉날쭉,16,False,- · 손잡이 없는 컵 · 상승일 거래량 0.9배 · 주가강도 12점,-
中鼎股份,000887.SZ,CN,미분류,손잡이없음,18.32,22.77,-19.55,29.1,8.0,0.0,8.0,False,True,False,33.0,2026-08-13,1.53,41.69,45.4,-56.1,31.3,False,10.0,70.2,54.0,U자,16,False,- · 손잡이 없는 컵 · 상승일 거래량 8.0배 · 주가강도 10점,-
Hamilton Lane Incorporated - Class A C,HLNE,US,미분류,손잡이없음,86.86,111.12,-21.83,35.2,14.4,0.0,1.2,False,False,False,,,,203.72,45.5,-57.4,44.2,False,6.0,42.0,31.6,급등,16,False,- · 손잡이 없는 컵 · 상승일 거래량 1.2배 · 주가강도 6점,-
Invesco Ltd Common Stock,IVZ,US,미분류,손잡이형성중,30.16,27.77,8.62,26.3,14.4,3.5,,False,True,False,98.0,2026-05-11,0.67,51.1,45.7,-41.0,10.4,False,62.0,48.8,31.5,V자,16,False,- · 주가강도 62점,-
"TriNet Group, Inc. Common Stock",TNET,US,미분류,컵앤핸들,62.54,73.15,-14.51,58.5,67.2,15.4,,False,False,False,,,,134.67,45.7,-53.6,14.4,False,64.0,20.5,0.0,V자,16,False,- · 주가강도 64점,-
昊华能源,601101.SS,CN,미분류,손잡이형성중,12.73,11.89,7.05,14.4,6.8,15.2,,False,True,False,86.0,2026-05-29,2.29,21.9,45.7,-41.9,16.9,False,84.0,50.6,45.4,U자,16,False,- · 주가강도 상위 16%,-
PVH Corp. Common Stock,PVH,US,미분류,손잡이형성중,74.05,91.65,-19.2,32.7,17.2,7.0,,False,True,False,114.0,2026-04-17,1.1,169.22,45.8,-56.2,26.5,False,24.0,48.7,22.8,급등,16,False,- · 주가강도 24점,-
Humana Inc. Common Stock,HUM,US,미분류,컵앤핸들,381.57,308.81,23.56,42.9,16.2,5.3,,False,True,False,92.0,2026-05-19,0.92,571.3,45.9,-33.2,11.0,False,82.0,61.9,70.7,U자,16,False,- · 주가강도 상위 18%,-
LUK FOOK HOLD,0590.HK,HK,미분류,컵앤핸들,21.18,24.9,-14.96,27.2,30.2,4.3,,False,True,False,42.0,2026-08-03,1.85,46.07,45.9,-54.0,38.6,False,7.0,28.6,0.0,들쭉날쭉,16,False,- · 주가강도 7점,-
至纯科技,603690.SS,CN,미분류,손잡이없음,22.22,31.85,-30.24,38.8,12.0,0.0,1.06,False,False,False,,,,58.91,45.9,-62.3,45.0,False,2.0,23.7,0.0,V자,16,False,- · 손잡이 없는 컵 · 상승일 거래량 1.1배 · 주가강도 2점,-
WillScot Holdings Corporation - Class ,WSC,US,미분류,손잡이형성중,17.18,28.78,-40.31,48.5,46.0,21.1,,False,True,False,71.0,2026-06-18,1.0,53.46,46.2,-67.9,42.3,False,3.0,23.9,11.1,급등,16,False,- · 주가강도 3점,-
James Hardie Industries plc. Ordinary ,JHX,US,미분류,컵앤핸들,25.31,23.41,8.1,18.2,5.4,5.9,,False,True,False,76.0,2026-06-11,1.29,43.57,46.3,-41.9,19.5,False,58.0,42.8,21.8,V자,16,False,- · 주가강도 58점,-
"Chipotle Mexican Grill, Inc. Common St",CMG,US,미분류,손잡이없음,31.95,37.12,-13.92,24.4,7.6,0.0,1.97,False,True,False,43.0,2026-07-30,1.81,69.26,46.4,-53.9,25.4,False,8.0,47.3,0.0,V자,16,False,- · 손잡이 없는 컵 · 상승일 거래량 2.0배 · 주가강도 8점,-
TSE2815,2815.T,JP,미분류,손잡이없음,5010.0,6166.16,-18.75,19.8,19.8,0.0,1.15,False,False,False,,,,11500.0,46.4,-56.4,21.2,False,15.0,38.8,0.0,V자,16,False,- · 손잡이 없는 컵 · 상승일 거래량 1.1배 · 주가강도 15점,-
TSE4680,4680.T,JP,미분류,컵앤핸들,1251.5,1069.07,17.06,30.5,16.4,9.4,,False,True,False,67.0,2026-06-24,1.26,2000.0,46.5,-37.4,11.2,False,58.0,53.3,19.2,급등,16,False,- · 주가강도 58점,-
"ICF International, Inc. - Common Stock",ICFI,US,미분류,컵앤핸들,83.13,95.78,-13.2,40.0,27.0,14.3,,False,False,False,,,,179.67,46.7,-53.7,15.2,False,42.0,65.9,73.2,U자,16,False,- · 주가강도 42점,-
"NETGEAR, Inc. - Common Stock",NTGR,US,미분류,손잡이없음,22.21,25.89,-14.2,21.8,7.0,0.0,1.56,False,False,False,,,,48.57,46.7,-54.3,39.7,False,13.0,43.2,0.0,V자,16,False,- · 손잡이 없는 컵 · 상승일 거래량 1.6배 · 주가강도 13점,-
"American Eagle Outfitters, Inc. Common",AEO,US,미분류,손잡이형성중,17.78,20.67,-13.98,31.2,10.0,5.1,,False,True,False,208.0,2025-12-01,1.97,38.99,47.0,-54.4,37.5,False,23.0,67.8,74.2,U자,16,False,- · 주가강도 23점,-
SINOPEC SEG,2386.HK,HK,미분류,손잡이없음,5.32,6.59,-19.15,26.4,16.8,0.0,1.04,False,False,False,,,,12.44,47.0,-57.2,35.5,False,7.0,35.4,0.0,V자,16,False,- · 손잡이 없는 컵 · 상승일 거래량 1.0배 · 주가강도 7점,-
셀트리온,068270.KS,KR,미분류,컵앤핸들,182000.0,172076.67,5.77,22.0,16.8,4.3,,False,True,False,292.0,2025-07-21,1.68,325235.47,47.1,-44.0,23.9,False,37.0,50.7,29.3,V자,16,False,- · 주가강도 37점,-
湖南发展,000722.SZ,CN,미분류,손잡이없음,13.0,17.83,-27.08,41.1,14.4,0.0,1.17,False,False,False,,,,33.85,47.3,-61.6,34.0,False,36.0,37.7,17.4,V자,16,False,- · 손잡이 없는 컵 · 상승일 거래량 1.2배 · 주가강도 36점,-
"Triumph Financial, Inc. Common Stock",TFIN,US,미분류,컵앤핸들,59.99,71.55,-16.16,31.3,16.6,4.0,,False,True,False,83.0,2026-06-02,0.67,136.01,47.4,-55.9,28.2,False,16.0,43.5,19.0,V자,16,False,- · 주가강도 16점,-
崇达技术,002815.SZ,CN,미분류,손잡이없음,23.01,18.89,21.82,43.3,8.4,0.0,4.24,False,True,False,12.0,2026-09-11,1.82,35.9,47.4,-35.9,12.4,False,89.0,76.9,79.8,U자,16,False,- · 손잡이 없는 컵 · 상승일 거래량 4.2배 · 주가강도 상위 11%,-
"Salesforce, Inc. Common Stock",CRM,US,미분류,컵앤핸들,229.57,193.89,18.4,30.8,8.6,5.5,,False,True,False,36.0,2026-08-10,0.63,369.0,47.5,-37.8,14.7,False,59.0,65.0,56.1,덜회복,16,False,- · 주가강도 59점,-
Geopark Ltd Common Shares,GPRK,US,미분류,손잡이없음,10.45,11.88,-12.05,25.2,6.8,0.0,1.8,False,True,False,18.0,2026-09-03,8.72,22.62,47.5,-53.8,20.4,False,76.0,47.6,0.0,V자,16,False,- · 손잡이 없는 컵 · 상승일 거래량 1.8배 · 주가강도 76점,-
"Rexford Industrial Realty, Inc. Common",REXR,US,미분류,손잡이없음,36.27,44.42,-18.36,27.6,38.0,0.0,1.02,False,False,False,,,,84.68,47.5,-57.2,18.3,False,29.0,34.3,0.0,V자,16,False,- · 손잡이 없는 컵 · 상승일 거래량 1.0배 · 주가강도 29점,-
eToro Group Ltd. - Class A Common Shar,ETOR,US,미분류,컵앤핸들,25.7,41.91,-38.68,44.0,22.0,9.6,,False,True,False,85.0,2026-05-29,2.49,79.96,47.6,-67.9,41.9,True,1.0,65.5,74.7,U자,16,False,- · 주가강도 1점,-
BP p.l.c. Common Stock,BP,US,미분류,손잡이형성중,43.99,41.68,5.54,18.4,4.4,1.8,,False,True,False,52.0,2026-07-17,0.58,79.77,47.7,-44.9,8.9,False,60.0,62.1,52.4,V자,16,False,- · 주가강도 60점,-
"Okta, Inc. - Class A Common Stock",OKTA,US,미분류,컵앤핸들,209.11,153.35,36.36,24.8,4.8,12.3,,False,True,False,55.0,2026-07-14,1.2,294.0,47.8,-28.9,1.6,False,96.0,72.7,68.3,U자,16,False,- · 주가강도 상위 4% (최상위권),-
"Toast, Inc. Class A Common Stock",TOST,US,미분류,컵앤핸들,28.99,36.4,-20.35,39.8,28.4,8.6,,False,True,False,27.0,2026-08-21,0.68,69.93,47.9,-58.5,27.0,False,17.0,59.9,60.8,U자,16,False,- · 주가강도 17점,-
Envista Holdings Corporation Common St,NVST,US,미분류,손잡이형성중,23.47,27.05,-13.23,24.3,7.0,3.9,,False,True,False,63.0,2026-07-01,0.96,52.03,48.0,-54.9,22.8,False,21.0,55.4,35.0,V자,16,False,- · 주가강도 21점,-
TSE6526,6526.T,JP,미분류,컵앤핸들,2196.0,2948.95,-25.53,41.9,43.4,11.9,,False,True,False,82.0,2026-06-03,1.77,5666.0,48.0,-61.2,37.1,False,11.0,33.0,0.0,들쭉날쭉,16,False,- · 주가강도 11점,-
"Qorvo, Inc. - Common Stock",QRVO,US,미분류,손잡이없음,114.48,104.74,9.29,22.2,5.0,0.0,1.34,False,True,False,15.0,2026-09-09,0.89,201.68,48.1,-43.2,5.5,False,78.0,50.7,26.3,급등,16,False,- · 손잡이 없는 컵 · 상승일 거래량 1.3배 · 주가강도 78점,-
CHINA TAIPING,0966.HK,HK,미분류,손잡이형성중,19.72,18.74,5.24,27.7,10.0,7.2,,False,True,False,219.0,2025-11-10,1.0,36.1,48.1,-45.4,24.0,False,38.0,58.2,43.3,V자,16,False,- · 주가강도 38점,-
齐鲁银行,601665.SS,CN,미분류,컵앤핸들,7.13,6.45,10.6,21.6,40.4,2.8,,False,True,False,105.0,2026-04-29,1.1,12.43,48.1,-42.6,2.6,False,70.0,36.5,3.8,들쭉날쭉,16,False,- · 주가강도 70점,-
"The Baldwin Insurance Group, Inc. - Cl",BWIN,US,미분류,손잡이없음,31.79,28.83,10.27,44.9,19.0,0.0,1.35,False,True,False,41.0,2026-08-03,1.1,55.82,48.4,-43.0,2.8,False,67.0,36.0,20.2,V자,16,False,- · 손잡이 없는 컵 · 상승일 거래량 1.4배 · 주가강도 67점,-
Charles River Laboratories Internation,CRL,US,미분류,컵앤핸들,295.01,236.86,24.55,36.1,23.2,9.8,,False,True,False,45.0,2026-07-28,1.41,460.21,48.5,-35.9,2.7,False,88.0,58.3,48.7,U자,16,False,- · 주가강도 상위 12%,-
Repligen Corporation - Common Stock,RGEN,US,미분류,컵앤핸들,192.23,168.37,14.17,42.5,29.8,4.3,,False,True,False,31.0,2026-08-17,0.58,327.32,48.6,-41.3,3.3,False,81.0,57.2,66.7,U자,16,False,- · 주가강도 상위 19%,-
삼성공조,006660.KS,KR,미분류,손잡이없음,13230.0,15165.15,-12.76,37.3,4.0,0.0,1.0,False,False,False,,,,29600.0,48.8,-55.3,33.9,False,62.0,36.4,19.0,급등,16,False,- · 손잡이 없는 컵 · 상승일 거래량 1.0배 · 주가강도 62점,-
古越龙山,600059.SS,CN,미분류,손잡이없음,12.27,10.9,12.56,33.8,29.6,0.0,1.77,False,True,False,6.0,2026-09-21,4.4,21.3,48.8,-42.4,0.0,False,83.0,50.3,28.2,급등,16,False,- · 손잡이 없는 컵 · 상승일 거래량 1.8배 · 주가강도 상위 17%,-
KUNLUN ENERGY,0135.HK,HK,미분류,손잡이없음,7.57,8.84,-14.3,28.2,23.2,0.0,1.26,False,False,False,,,,17.32,49.0,-56.3,14.2,False,43.0,35.4,0.0,V자,16,False,- · 손잡이 없는 컵 · 상승일 거래량 1.3배 · 주가강도 43점,-
湖南天雁,600698.SS,CN,미분류,손잡이없음,6.7,8.26,-18.87,33.9,12.6,0.0,1.18,False,True,False,14.0,2026-09-09,3.15,16.2,49.0,-58.6,40.6,False,7.0,65.5,73.0,덜회복,16,False,- · 손잡이 없는 컵 · 상승일 거래량 1.2배 · 주가강도 7점,-
中国科传,601858.SS,CN,미분류,손잡이없음,21.58,25.97,-16.89,36.4,17.8,0.0,2.27,False,True,False,38.0,2026-08-06,3.0,51.07,49.1,-57.7,31.1,False,51.0,42.2,0.0,들쭉날쭉,16,False,- · 손잡이 없는 컵 · 상승일 거래량 2.3배 · 주가강도 51점,-
"Alaska Air Group, Inc. Common Stock",ALK,US,미분류,컵앤핸들,38.7,51.55,-24.93,38.7,25.0,7.6,,False,True,False,68.0,2026-06-24,0.92,101.43,49.2,-61.8,36.2,False,3.0,31.9,4.4,들쭉날쭉,16,False,- · 주가강도 3점,-
TINGYI,0322.HK,HK,미분류,손잡이없음,11.61,13.21,-12.13,28.6,5.8,0.0,1.88,False,True,False,33.0,2026-08-14,1.48,26.0,49.2,-55.3,17.9,False,27.0,64.7,61.2,덜회복,16,False,- · 손잡이 없는 컵 · 상승일 거래량 1.9배 · 주가강도 27점,-
Omeros Corporation - Common Stock,OMER,US,미분류,손잡이없음,19.04,15.34,24.16,56.3,13.6,0.0,1.3,False,True,False,33.0,2026-08-13,7.07,30.23,49.3,-37.0,10.4,False,97.0,61.3,65.7,덜회복,16,False,- · 손잡이 없는 컵 · 상승일 거래량 1.3배 · 주가강도 상위 3% (최상위권),-
TSE6395,6395.T,JP,미분류,손잡이형성중,1359.0,1088.59,24.84,29.8,15.2,5.6,,False,True,False,290.0,2025-07-23,1.68,2147.0,49.3,-36.7,12.4,False,55.0,39.4,0.0,V자,16,False,- · 주가강도 55점,-
J & J Snack Foods Corp. - Common Stock,JJSF,US,미분류,손잡이없음,76.45,98.73,-22.57,30.2,27.4,0.0,1.04,False,False,False,,,,196.84,49.8,-61.2,22.9,False,14.0,37.5,5.3,들쭉날쭉,16,False,- · 손잡이 없는 컵 · 상승일 거래량 1.0배 · 주가강도 14점,-
"CAVA Group, Inc. Common Stock",CAVA,US,미분류,손잡이형성중,54.1,86.57,-37.5,53.7,29.8,13.5,,False,True,False,137.0,2026-03-16,1.04,172.43,49.8,-68.6,45.2,False,2.0,59.5,72.9,U자,16,False,- · 주가강도 2점,-
TSE7513,7513.T,JP,미분류,컵앤핸들,1443.0,1360.36,6.07,15.3,5.4,3.8,,False,True,False,85.0,2026-05-29,1.15,2715.0,49.9,-46.9,4.9,False,58.0,67.7,73.3,U자,16,False,- · 주가강도 58점,-
滨化股份,601678.SS,CN,미분류,손잡이형성중,5.68,7.11,-20.08,26.2,9.4,14.8,,False,True,False,38.0,2026-08-06,1.83,14.2,49.9,-60.0,27.6,False,46.0,39.2,0.0,들쭉날쭉,16,False,- · 주가강도 46점,-
Baker Hughes Company - Common Stock,BKR,US,미분류,손잡이형성중,54.9,50.18,9.41,13.4,4.0,3.7,,False,True,False,182.0,2026-01-08,0.92,100.29,50.0,-45.3,22.0,False,41.0,49.8,37.5,급등,16,False,- · 주가강도 41점,-
Teva Pharmaceutical Industries Limited,TEVA,US,미분류,손잡이형성중,39.6,36.06,9.83,25.2,12.0,4.2,,False,True,False,101.0,2026-05-06,1.01,72.31,50.1,-45.2,2.9,False,80.0,38.6,5.6,V자,16,False,- · 주가강도 상위 20%,-
TSE3696,3696.T,JP,미분류,손잡이없음,2273.0,2608.61,-12.87,46.5,56.6,0.0,1.56,False,False,False,,,,5260.0,50.4,-56.8,20.2,False,55.0,27.2,1.8,들쭉날쭉,10,False,- · 손잡이 없는 컵 · 상승일 거래량 1.6배 · 주가강도 55점,-
中兵红箭,000519.SZ,CN,미분류,손잡이없음,14.3,18.32,-21.94,28.7,19.4,0.0,1.28,False,False,False,,,,37.03,50.5,-61.4,37.4,False,2.0,32.3,0.0,들쭉날쭉,16,False,- · 손잡이 없는 컵 · 상승일 거래량 1.3배 · 주가강도 2점,-
HUADIAN POWER,1071.HK,HK,미분류,손잡이없음,4.25,4.84,-12.28,24.2,25.6,0.0,1.53,False,False,False,,,,9.81,50.7,-56.7,13.1,False,37.0,42.9,0.0,들쭉날쭉,2,False,- · 손잡이 없는 컵 · 상승일 거래량 1.5배 · 주가강도 37점,-
中远海特,600428.SS,CN,미분류,손잡이없음,10.71,10.08,6.25,26.4,13.0,0.0,3.03,False,True,False,55.0,2026-07-14,4.15,20.45,50.7,-47.6,14.5,False,78.0,77.4,65.9,덜회복,16,False,- · 손잡이 없는 컵 · 상승일 거래량 3.0배 · 주가강도 78점,-
Boeing Company (The) Common Stock,BA,US,미분류,컵앤핸들,186.05,219.49,-15.24,25.8,16.0,1.9,,False,True,False,186.0,2026-01-02,1.33,446.01,50.8,-58.3,26.9,False,5.0,47.7,23.2,V자,16,False,- · 주가강도 5점,-
TSE8219,8219.T,JP,미분류,손잡이없음,719.0,855.85,-15.99,22.6,14.6,0.0,1.02,False,False,False,,,,1740.0,50.8,-58.7,22.2,False,16.0,39.0,0.0,V자,15,False,- · 손잡이 없는 컵 · 상승일 거래량 1.0배 · 주가강도 16점,-
云天化,600096.SS,CN,미분류,손잡이없음,27.86,34.47,-19.19,23.7,4.0,0.0,1.15,False,False,False,,,,70.0,50.8,-60.2,38.9,False,13.0,38.4,0.0,V자,16,False,- · 손잡이 없는 컵 · 상승일 거래량 1.1배 · 주가강도 13점,-
TSE7613,7613.T,JP,미분류,손잡이형성중,1598.0,1338.34,19.4,20.0,6.4,2.9,,False,True,False,114.0,2026-04-14,1.25,2733.0,51.0,-41.5,5.6,False,69.0,65.6,60.4,덜회복,16,False,- · 주가강도 69점,-
Immunocore Holdings plc - American Dep,IMCR,US,미분류,컵앤핸들,30.29,37.48,-19.18,32.3,35.0,6.3,,False,True,False,18.0,2026-09-03,0.46,76.98,51.3,-60.7,25.6,False,12.0,63.2,60.9,U자,16,False,- · 주가강도 12점,-
"AtriCure, Inc. - Common Stock",ATRC,US,미분류,손잡이없음,56.2,43.22,30.02,41.3,27.4,0.0,1.6,False,True,False,34.0,2026-08-12,0.5,89.18,51.5,-37.0,8.9,False,92.0,63.3,68.2,U자,16,False,- · 손잡이 없는 컵 · 상승일 거래량 1.6배 · 주가강도 상위 8% (최상위권),-
"Alpha Metallurgical Resources, Inc. Co",AMR,US,미분류,손잡이형성중,168.22,219.16,-23.24,39.8,11.4,7.0,,False,True,False,23.0,2026-08-27,1.23,452.0,51.5,-62.8,33.7,False,20.0,70.2,85.4,U자,16,False,- · 주가강도 20점,-
TSE2395,2395.T,JP,미분류,손잡이없음,1305.0,1563.56,-16.54,31.7,14.8,0.0,1.31,False,False,False,,,,3225.0,51.5,-59.5,34.9,False,15.0,55.8,40.4,V자,16,False,- · 손잡이 없는 컵 · 상승일 거래량 1.3배 · 주가강도 15점,-
"Priority Technology Holdings, Inc. - C",PRTH,US,미분류,컵앤핸들,7.8,6.29,24.08,25.2,22.2,11.9,,False,True,False,85.0,2026-05-29,1.52,12.99,51.6,-40.0,1.4,False,73.0,43.0,11.3,V자,11,False,- · 주가강도 73점,-
Murphy Oil Corporation Common Stock,MUR,US,미분류,손잡이없음,37.02,42.45,-12.8,25.8,10.4,0.0,1.12,False,False,False,,,,87.63,51.6,-57.8,14.6,False,55.0,34.5,0.0,V자,16,False,- · 손잡이 없는 컵 · 상승일 거래량 1.1배 · 주가강도 55점,-
세방전지,004490.KS,KR,미분류,손잡이없음,62100.0,70770.7,-12.25,17.5,4.4,0.0,5.77,False,False,False,,,,146500.0,51.7,-57.6,20.1,False,41.0,53.5,18.3,급등,16,False,- · 손잡이 없는 컵 · 상승일 거래량 5.8배 · 주가강도 41점,-
Albany International Corporation Commo,AIN,US,미분류,컵앤핸들,59.61,55.71,7.01,32.8,9.6,5.6,,False,True,False,181.0,2026-01-09,1.02,115.39,51.7,-48.3,22.6,False,28.0,47.9,27.0,V자,16,False,- · 주가강도 28점,-
"TSS, Inc. - Common Stock",TSSI,US,미분류,컵앤핸들,9.73,15.39,-36.76,58.1,45.4,10.1,,False,True,False,111.0,2026-04-22,1.63,31.94,51.8,-69.5,55.3,False,7.0,34.8,3.0,들쭉날쭉,16,False,- · 주가강도 7점,-
"Virtus Investment Partners, Inc. Commo",VRTS,US,미분류,손잡이형성중,132.32,163.0,-18.82,30.8,24.6,5.7,,False,True,False,54.0,2026-07-15,0.99,338.8,51.9,-60.9,32.1,False,5.0,46.4,23.3,급등,16,False,- · 주가강도 5점,-
TSE6200,6200.T,JP,미분류,손잡이없음,671.0,887.89,-24.43,36.4,27.0,0.0,1.41,False,False,False,,,,1845.0,51.9,-63.6,34.0,False,17.0,44.6,30.8,급등,16,False,- · 손잡이 없는 컵 · 상승일 거래량 1.4배 · 주가강도 17점,-
武汉凡谷,002194.SZ,CN,미분류,손잡이없음,9.69,12.94,-25.13,39.7,9.2,0.0,1.21,False,False,False,,,,26.9,51.9,-64.0,36.1,False,7.0,39.8,26.1,V자,16,False,- · 손잡이 없는 컵 · 상승일 거래량 1.2배 · 주가강도 7점,-
대한항공,003490.KS,KR,미분류,손잡이형성중,30650.0,28878.85,6.13,23.2,10.4,3.8,,False,True,False,20.0,2026-09-02,1.14,60214.96,52.0,-49.1,5.7,False,67.0,37.9,0.0,V자,16,False,- · 주가강도 67점,-
SGC에너지,005090.KS,KR,미분류,손잡이없음,48850.0,58758.7,-16.86,41.1,5.4,0.0,1.67,False,True,False,33.0,2026-08-13,3.39,122500.0,52.0,-60.1,30.9,False,86.0,46.6,20.5,급등,16,False,- · 손잡이 없는 컵 · 상승일 거래량 1.7배 · 주가강도 상위 14%,-
COSCO SHIP HOLD,1919.HK,HK,미분류,손잡이형성중,16.55,15.06,9.93,17.8,7.4,2.3,,False,True,False,52.0,2026-07-20,1.05,31.38,52.0,-47.3,8.3,False,62.0,51.1,37.0,V자,16,False,- · 주가강도 62점,-
新集能源,601918.SS,CN,미분류,컵앤핸들,11.29,9.12,23.81,14.9,6.6,8.2,,False,True,False,95.0,2026-05-18,1.28,19.04,52.1,-40.7,7.2,False,86.0,62.0,55.0,U자,16,False,- · 주가강도 상위 14%,-
CCC Intelligent Solutions Holdings Inc,CCC,US,미분류,손잡이없음,6.66,7.69,-13.37,18.8,5.0,0.0,0.94,False,False,False,,,,16.11,52.3,-58.7,30.2,False,31.0,34.8,0.0,V자,16,False,- · 손잡이 없는 컵 · 상승일 거래량 0.9배 · 주가강도 31점,-
TSE8713,8713.T,JP,미분류,손잡이없음,2897.0,2298.3,26.05,20.6,8.8,0.0,1.01,False,True,False,36.0,2026-08-07,4.37,4830.0,52.4,-40.0,1.2,False,90.0,49.2,6.1,급등,16,False,- · 손잡이 없는 컵 · 상승일 거래량 1.0배 · 주가강도 상위 10% (최상위권),-
"Klaviyo, Inc. Series A Common Stock",KVYO,US,미분류,손잡이없음,15.73,23.54,-33.19,46.7,16.2,0.0,1.34,False,False,False,,,,49.55,52.5,-68.3,52.8,False,2.0,53.2,43.1,덜회복,4,False,- · 손잡이 없는 컵 · 상승일 거래량 1.3배 · 주가강도 2점,-
黑猫股份,002068.SZ,CN,미분류,손잡이없음,8.97,11.51,-22.08,41.8,40.0,0.0,1.08,False,False,False,,,,24.25,52.5,-63.0,43.9,False,3.0,23.4,0.0,들쭉날쭉,16,False,- · 손잡이 없는 컵 · 상승일 거래량 1.1배 · 주가강도 3점,-
TSE9308,9308.T,JP,미분류,손잡이없음,2155.0,1746.74,23.37,34.4,25.0,0.0,1.41,False,True,False,45.0,2026-07-27,3.11,3685.0,52.6,-41.5,13.4,False,84.0,46.1,11.7,급등,3,False,- · 손잡이 없는 컵 · 상승일 거래량 1.4배 · 주가강도 상위 16%,-
BEIJING ENT,0392.HK,HK,미분류,손잡이없음,30.08,36.6,-17.81,27.2,18.2,0.0,1.46,False,False,False,,,,78.15,53.2,-61.5,18.4,False,23.0,43.0,16.3,V자,16,False,- · 손잡이 없는 컵 · 상승일 거래량 1.5배 · 주가강도 23점,-
BABA-W,9988.HK,HK,미분류,손잡이없음,106.6,144.14,-26.05,38.4,11.0,0.0,1.44,False,False,False,,,,309.4,53.4,-65.5,42.7,False,9.0,41.8,31.3,V자,16,False,- · 손잡이 없는 컵 · 상승일 거래량 1.4배 · 주가강도 9점,-
"Euronet Worldwide, Inc. - Common Stock",EEFT,US,미분류,컵앤핸들,62.87,79.59,-21.01,21.9,10.2,8.0,,False,True,False,53.0,2026-07-16,0.67,171.25,53.5,-63.3,30.0,False,4.0,70.6,61.7,U자,16,False,- · 주가강도 4점,-
"ICU Medical, Inc. - Common Stock",ICUI,US,미분류,손잡이형성중,160.51,149.63,7.27,29.8,29.4,11.7,,False,True,False,211.0,2025-11-25,1.08,321.7,53.5,-50.1,16.8,False,58.0,41.1,6.8,급등,16,False,- · 주가강도 58점,-
Tower Semiconductor Ltd. - Ordinary Sh,TSEM,US,미분류,손잡이없음,227.43,303.16,-24.98,38.9,10.8,0.0,1.62,False,False,False,,,,652.5,53.5,-65.1,28.9,False,92.0,30.6,0.0,들쭉날쭉,16,False,- · 손잡이 없는 컵 · 상승일 거래량 1.6배 · 주가강도 상위 8% (최상위권),-
Ingevity Corporation Common Stock ,NGVT,US,미분류,컵앤핸들,70.75,55.95,26.46,18.3,4.8,3.8,,False,True,False,277.0,2025-08-22,1.64,120.41,53.5,-41.2,10.8,False,45.0,46.6,35.0,V자,15,False,- · 주가강도 45점,-
CHINA COAL,1898.HK,HK,미분류,손잡이없음,10.35,13.73,-24.64,29.3,12.6,0.0,0.9,False,False,False,,,,29.5,53.5,-64.9,32.1,False,21.0,61.6,59.6,덜회복,16,False,- · 손잡이 없는 컵 · 상승일 거래량 0.9배 · 주가강도 21점,-
이수화학,005950.KS,KR,미분류,손잡이없음,11780.0,18007.99,-34.58,42.9,8.8,0.0,1.28,False,False,False,,,,38850.0,53.6,-69.7,34.5,False,79.0,46.0,42.4,덜회복,16,False,- · 손잡이 없는 컵 · 상승일 거래량 1.3배 · 주가강도 79점,-
"SK Telecom Co., Ltd. Common Stock",SKM,US,미분류,컵앤핸들,34.91,40.19,-13.14,26.1,13.2,5.4,,False,True,False,27.0,2026-08-21,0.99,86.7,53.6,-59.7,26.0,False,78.0,45.4,7.0,들쭉날쭉,16,False,- · 주가강도 78점,-
TSE2121,2121.T,JP,미분류,손잡이없음,3695.0,3388.38,9.05,27.7,38.8,0.0,1.43,False,True,False,40.0,2026-08-03,5.71,7300.0,53.6,-49.4,4.9,False,77.0,44.1,5.3,급등,16,False,- · 손잡이 없는 컵 · 상승일 거래량 1.4배 · 주가강도 77점,-
"Privia Health Group, Inc. - Common Sto",PRVA,US,미분류,손잡이형성중,19.69,23.5,-16.23,24.1,19.0,3.0,,False,True,False,267.0,2025-09-08,1.15,50.77,53.7,-61.2,31.7,False,3.0,45.3,20.3,V자,16,False,- · 주가강도 3점,-
ANTA SPORTS,2020.HK,HK,미분류,손잡이없음,73.75,88.89,-17.03,24.7,20.4,0.0,0.97,False,False,False,,,,191.9,53.7,-61.6,23.2,False,14.0,34.1,0.0,V자,16,False,- · 손잡이 없는 컵 · 상승일 거래량 1.0배 · 주가강도 14점,-
翠微股份,603123.SS,CN,미분류,손잡이없음,9.49,14.12,-32.81,46.4,20.6,0.0,1.52,False,False,False,,,,30.5,53.7,-68.9,46.2,False,11.0,50.6,36.5,급등,16,False,- · 손잡이 없는 컵 · 상승일 거래량 1.5배 · 주가강도 11점,-
中百集团,000759.SZ,CN,미분류,손잡이없음,6.15,7.48,-17.75,25.4,6.6,0.0,1.56,False,True,False,15.0,2026-09-08,0.65,16.14,53.7,-61.9,35.7,False,11.0,34.1,0.0,V자,16,False,- · 손잡이 없는 컵 · 상승일 거래량 1.6배 · 주가강도 11점,-
Diageo plc Common Stock,DEO,US,미분류,손잡이없음,85.6,102.84,-16.77,29.5,22.6,0.0,1.14,False,False,False,,,,223.14,53.9,-61.6,16.7,False,33.0,50.3,37.2,덜회복,16,False,- · 손잡이 없는 컵 · 상승일 거래량 1.1배 · 주가강도 33점,-
Alibaba Group Holding Limited American,BABA,US,미분류,손잡이없음,107.54,147.02,-26.85,37.4,11.0,0.0,1.44,False,False,False,,,,319.32,54.0,-66.3,44.2,False,8.0,42.3,31.8,V자,16,False,- · 손잡이 없는 컵 · 상승일 거래량 1.4배 · 주가강도 8점,-
"Compass, Inc. Class A Common Stock",COMP,US,미분류,손잡이형성중,8.88,10.17,-12.64,25.3,6.2,5.8,,False,True,False,68.0,2026-06-24,1.34,22.11,54.0,-59.8,36.4,False,12.0,60.2,54.0,U자,16,False,- · 주가강도 12점,-
TSE4075,4075.T,JP,미분류,손잡이없음,1385.0,2102.1,-34.11,61.9,22.6,0.0,1.9,False,False,False,,,,4565.0,54.0,-69.7,34.0,False,86.0,41.7,5.2,급등,12,False,- · 손잡이 없는 컵 · 상승일 거래량 1.9배 · 주가강도 상위 14%,-
大有能源,600403.SS,CN,미분류,손잡이없음,7.02,8.96,-21.64,48.6,12.0,0.0,1.14,False,False,False,,,,19.46,54.0,-63.9,41.5,False,78.0,61.6,74.6,덜회복,16,False,- · 손잡이 없는 컵 · 상승일 거래량 1.1배 · 주가강도 78점,-
현대건설,000720.KS,KR,미분류,손잡이없음,115300.0,157857.7,-26.96,50.7,12.0,0.0,1.61,False,False,False,,,,344231.25,54.1,-66.5,41.9,False,74.0,48.5,39.9,V자,16,False,- · 손잡이 없는 컵 · 상승일 거래량 1.6배 · 주가강도 74점,-
TSE3028,3028.T,JP,미분류,손잡이형성중,2368.0,2177.17,8.76,23.2,30.0,1.9,,False,True,False,50.0,2026-07-17,0.94,4740.0,54.1,-50.0,1.7,False,48.0,40.3,0.0,V자,16,False,- · 주가강도 48점,-
Dow Inc. Common Stock ,DOW,US,미분류,손잡이형성중,27.54,32.88,-16.25,37.0,36.8,8.2,,False,True,False,160.0,2026-02-10,1.11,71.86,54.2,-61.7,35.6,False,30.0,53.0,47.0,들쭉날쭉,16,False,- · 주가강도 30점,-
"International Flavors & Fragrances, In",IFF,US,미분류,손잡이형성중,83.48,71.95,16.02,25.9,35.0,2.7,,False,True,False,173.0,2026-01-22,0.93,157.4,54.3,-47.0,6.5,False,55.0,34.1,6.9,들쭉날쭉,16,False,- · 주가강도 55점,-
샘표식품,248170.KS,KR,미분류,손잡이없음,21850.0,32682.65,-33.14,37.4,26.6,0.0,0.73,False,False,False,,,,72300.0,54.8,-69.8,39.6,False,6.0,29.4,0.0,V자,16,False,- · 손잡이 없는 컵 · 상승일 거래량 0.7배 · 주가강도 6점,-
"Franklin Templeton, Inc. Common Stock",BEN,US,미분류,손잡이형성중,32.12,26.78,19.95,20.3,8.6,1.7,,False,True,False,114.0,2026-04-17,1.19,59.43,54.9,-46.0,11.5,False,64.0,51.2,27.6,V자,16,False,- · 주가강도 64점,-
Global-E Online Ltd. - ordinary shares,GLBE,US,미분류,컵앤핸들,39.73,37.72,5.34,35.5,23.6,6.1,,False,True,False,58.0,2026-07-09,0.7,83.77,55.0,-52.6,9.7,False,50.0,39.3,14.0,급등,16,False,- · 주가강도 50점,-
Ultrapar Participacoes S.A. (New) Amer,UGP,US,미분류,손잡이없음,7.32,6.21,17.95,25.5,7.6,0.0,1.61,False,True,False,53.0,2026-07-16,2.21,13.97,55.5,-47.6,5.9,False,90.0,48.6,3.0,V자,16,False,- · 손잡이 없는 컵 · 상승일 거래량 1.6배 · 주가강도 상위 10% (최상위권),-
"Lamb Weston Holdings, Inc. Common Stoc",LW,US,미분류,손잡이없음,41.69,52.1,-19.98,27.7,9.6,0.0,1.77,False,True,False,46.0,2026-07-27,2.24,117.38,55.6,-64.5,37.8,False,13.0,45.0,0.0,V자,16,False,- · 손잡이 없는 컵 · 상승일 거래량 1.8배 · 주가강도 13점,-
Booz Allen Hamilton Holding Corporatio,BAH,US,미분류,손잡이없음,69.42,84.44,-17.79,29.5,7.4,0.0,0.88,False,False,False,,,,190.59,55.7,-63.6,36.4,False,12.0,35.4,0.0,V자,16,False,- · 손잡이 없는 컵 · 상승일 거래량 0.9배 · 주가강도 12점,-
"YETI Holdings, Inc. Common Stock",YETI,US,미분류,컵앤핸들,41.02,48.2,-14.89,31.0,13.8,8.4,,False,True,False,78.0,2026-06-09,1.11,108.82,55.7,-62.3,24.0,False,25.0,73.7,70.3,U자,16,False,- · 주가강도 25점,-
"Sally Beauty Holdings, Inc. (Name to b",SBH,US,미분류,컵앤핸들,16.42,15.55,5.63,31.4,18.6,8.5,,False,True,False,41.0,2026-08-03,2.07,35.27,55.9,-53.4,8.4,False,52.0,46.6,12.3,V자,16,False,- · 주가강도 52점,-
TIMES ELECTRIC,3898.HK,HK,미분류,손잡이형성중,28.26,33.08,-14.58,28.7,5.6,4.2,,False,True,False,345.0,2025-05-12,1.08,75.0,55.9,-62.3,39.7,False,2.0,38.2,22.5,V자,15,False,- · 주가강도 2점,-
TSE4499,4499.T,JP,미분류,손잡이없음,2311.0,2957.95,-21.87,32.9,18.8,0.0,1.28,False,False,False,,,,6710.0,55.9,-65.6,37.4,False,23.0,35.7,0.0,들쭉날쭉,16,False,- · 손잡이 없는 컵 · 상승일 거래량 1.3배 · 주가강도 23점,-
TSE5949,5949.T,JP,미분류,손잡이없음,1283.0,1506.5,-14.84,20.9,20.8,0.0,1.35,False,False,False,,,,3420.0,56.0,-62.5,14.8,False,35.0,47.6,5.1,급등,15,False,- · 손잡이 없는 컵 · 상승일 거래량 1.4배 · 주가강도 35점,-
TSE4847,4847.T,JP,미분류,손잡이없음,1474.0,1119.12,31.71,19.1,40.0,0.0,1.35,False,True,False,37.0,2026-08-06,28.52,2550.0,56.1,-42.2,5.3,False,88.0,45.6,0.0,들쭉날쭉,3,False,- · 손잡이 없는 컵 · 상승일 거래량 1.4배 · 주가강도 상위 12%,-
TSE2767,2767.T,JP,미분류,손잡이없음,2535.0,1905.9,33.01,30.6,24.6,0.0,1.83,False,True,False,44.0,2026-07-28,0.73,4350.0,56.2,-41.7,5.3,False,90.0,53.5,25.7,급등,16,False,- · 손잡이 없는 컵 · 상승일 거래량 1.8배 · 주가강도 상위 10% (최상위권),-
登海种业,002041.SZ,CN,미분류,손잡이없음,10.23,12.61,-18.89,38.5,23.2,0.0,1.12,False,False,False,,,,28.87,56.3,-64.6,18.8,False,52.0,40.2,27.0,급등,16,False,- · 손잡이 없는 컵 · 상승일 거래량 1.1배 · 주가강도 52점,-
"The Pennant Group, Inc. - Common Stock",PNTG,US,미분류,컵앤핸들,39.0,30.29,28.75,28.2,27.4,9.0,,False,True,False,173.0,2026-01-22,3.56,69.56,56.5,-43.9,8.8,False,70.0,42.9,0.0,V자,16,False,- · 주가강도 70점,-
Kilroy Realty Corporation Common Stock,KRC,US,미분류,컵앤핸들,33.27,39.26,-15.26,31.9,21.0,8.2,,False,True,False,62.0,2026-07-02,0.89,90.15,56.5,-63.1,23.7,False,10.0,71.7,74.8,U자,16,False,- · 주가강도 10점,-
昭衍新药,603127.SS,CN,미분류,손잡이형성중,49.3,40.42,21.97,28.6,5.0,8.2,,False,True,False,64.0,2026-07-01,1.41,92.87,56.5,-46.9,11.5,False,74.0,77.1,86.2,U자,16,False,- · 주가강도 74점,-
"EverQuote, Inc. - Class A Common Stock",EVER,US,미분류,컵앤핸들,20.06,27.49,-27.02,51.7,27.8,12.4,,False,True,False,51.0,2026-07-20,1.37,63.44,56.7,-68.4,30.2,False,13.0,56.4,50.9,U자,16,False,- · 주가강도 13점,-
TSE4933,4933.T,JP,미분류,손잡이없음,2199.0,1756.76,25.17,41.9,50.8,0.0,1.04,False,True,False,9.0,2026-09-16,4.14,4060.0,56.7,-45.8,9.7,False,93.0,30.6,4.8,들쭉날쭉,12,False,- · 손잡이 없는 컵 · 상승일 거래량 1.0배 · 주가강도 상위 7% (최상위권),-
"VAALCO Energy, Inc.  Common Stock",EGY,US,미분류,손잡이없음,5.66,6.7,-15.48,28.8,15.0,0.0,0.99,False,False,False,,,,15.5,56.8,-63.5,15.8,False,68.0,41.8,13.4,급등,16,False,- · 손잡이 없는 컵 · 상승일 거래량 1.0배 · 주가강도 68점,-
TSE7280,7280.T,JP,미분류,손잡이없음,1304.0,1545.54,-15.63,31.9,25.8,0.0,1.72,False,False,False,,,,3575.0,56.8,-63.5,39.4,False,62.0,42.9,2.2,급등,16,False,- · 손잡이 없는 컵 · 상승일 거래량 1.7배 · 주가강도 62점,-
"AngioDynamics, Inc. - Common Stock",ANGO,US,미분류,손잡이형성중,15.38,13.8,11.42,32.9,27.8,10.7,,False,True,False,54.0,2026-07-15,3.72,32.0,56.9,-51.9,5.6,False,70.0,62.0,44.6,U자,16,False,- · 주가강도 70점,-
Bio-Techne Corp - Common Stock,TECH,US,미분류,손잡이형성중,72.47,58.62,23.63,30.8,8.4,5.3,,False,True,False,68.0,2026-06-24,1.47,135.96,56.9,-46.7,0.3,False,63.0,52.6,31.3,V자,16,False,- · 주가강도 63점,-
TSE2593,2593.T,JP,미분류,손잡이없음,3062.0,3701.7,-17.28,28.9,44.0,0.0,1.53,False,False,False,,,,8590.0,56.9,-64.4,15.4,False,31.0,38.0,8.5,급등,16,False,- · 손잡이 없는 컵 · 상승일 거래량 1.5배 · 주가강도 31점,-
海南橡胶,601118.SS,CN,미분류,손잡이없음,6.37,7.3,-12.71,37.2,11.4,0.0,2.24,False,True,False,15.0,2026-09-08,3.53,16.98,57.0,-62.5,25.3,False,59.0,59.1,35.2,급등,16,False,- · 손잡이 없는 컵 · 상승일 거래량 2.2배 · 주가강도 59점,-
Columbus McKinnon Corporation - Common,CMCO,US,미분류,손잡이없음,15.93,24.42,-34.78,50.9,23.6,0.0,0.81,False,False,False,,,,57.06,57.2,-72.1,34.7,False,47.0,32.2,0.9,급등,16,False,- · 손잡이 없는 컵 · 상승일 거래량 0.8배 · 주가강도 47점,-
Fortrea Holdings Inc. - Common Stock,FTRE,US,미분류,컵앤핸들,19.95,17.57,13.52,54.2,20.6,15.2,,False,True,False,67.0,2026-06-25,1.32,41.02,57.2,-51.4,6.7,False,90.0,58.8,67.6,U자,16,False,- · 주가강도 상위 10% (최상위권),-
TSE6645,6645.T,JP,미분류,컵앤핸들,6315.0,5186.18,21.77,25.8,7.6,3.2,,False,True,False,105.0,2026-04-27,1.7,12115.0,57.2,-47.9,12.8,False,79.0,65.6,69.6,덜회복,1,True,- · 주가강도 79점,-
"The RealReal, Inc. - Common Stock",REAL,US,미분류,컵앤핸들,8.84,12.91,-31.54,42.7,7.2,13.0,,False,True,False,101.0,2026-05-06,0.82,30.22,57.3,-70.7,49.2,False,2.0,57.2,53.1,V자,16,False,- · 주가강도 2점,-
TSE4043,4043.T,JP,미분류,손잡이형성중,4031.0,4914.91,-17.98,21.1,9.8,16.5,,False,True,False,87.0,2026-05-27,1.34,11500.0,57.3,-64.9,30.1,False,18.0,63.4,54.9,U자,12,False,- · 주가강도 18점,-
Titan Machinery Inc. - Common Stock,TITN,US,미분류,컵앤핸들,23.08,20.41,13.08,37.1,6.8,6.5,,False,True,False,113.0,2026-04-20,0.71,47.87,57.4,-51.8,14.2,False,79.0,43.3,35.0,V자,12,False,- · 주가강도 79점,-
TSE3444,3444.T,JP,미분류,손잡이없음,1117.0,1439.44,-22.4,40.1,11.0,0.0,5.2,False,False,False,,,,3380.0,57.4,-67.0,40.6,False,93.0,48.0,21.1,급등,16,False,- · 손잡이 없는 컵 · 상승일 거래량 5.2배 · 주가강도 상위 7% (최상위권),-
LEGENDHOLDING,3396.HK,HK,미분류,손잡이없음,24.98,18.66,33.88,36.3,9.4,0.0,3.23,False,True,False,34.0,2026-08-13,4.05,43.95,57.5,-43.2,4.7,False,98.0,59.4,35.9,급등,16,False,- · 손잡이 없는 컵 · 상승일 거래량 3.2배 · 주가강도 상위 2% (최상위권),-
中船防务,600685.SS,CN,미분류,손잡이없음,28.71,33.56,-14.46,28.1,18.2,0.0,1.27,False,False,False,,,,79.15,57.6,-63.7,25.5,False,38.0,39.5,10.2,급등,16,False,- · 손잡이 없는 컵 · 상승일 거래량 1.3배 · 주가강도 38점,-
"Dyne Therapeutics, Inc. - Common Stock",DYN,US,미분류,컵앤핸들,16.11,20.05,-19.65,27.8,4.8,15.8,,False,True,False,114.0,2026-04-17,1.23,47.45,57.7,-66.0,41.0,False,7.0,47.3,31.2,급등,16,False,- · 주가강도 7점,-
NextDecade Corporation - Common Stock,NEXT,US,미분류,손잡이없음,6.35,8.46,-24.91,28.5,6.2,0.0,0.75,False,False,False,,,,20.0,57.7,-68.2,31.3,False,14.0,41.6,17.7,V자,16,False,- · 손잡이 없는 컵 · 상승일 거래량 0.8배 · 주가강도 14점,-
云煤能源,600792.SS,CN,미분류,손잡이없음,5.04,4.78,5.33,34.9,12.4,0.0,1.19,False,True,False,14.0,2026-09-09,3.92,11.29,57.7,-55.4,16.1,False,78.0,64.3,73.8,U자,15,False,- · 손잡이 없는 컵 · 상승일 거래량 1.2배 · 주가강도 78점,-
湖北宜化,000422.SZ,CN,미분류,컵앤핸들,11.52,14.81,-22.24,21.7,9.0,11.8,,False,True,False,256.0,2025-09-09,1.44,35.0,57.7,-67.1,43.0,False,2.0,57.6,27.1,급등,16,False,- · 주가강도 2점,-
"Vail Resorts, Inc. Common Stock",MTN,US,미분류,손잡이없음,137.18,158.34,-13.36,25.1,30.6,0.0,1.75,False,True,False,44.0,2026-07-29,0.83,376.24,57.9,-63.5,16.0,False,26.0,33.6,0.0,들쭉날쭉,16,False,- · 손잡이 없는 컵 · 상승일 거래량 1.8배 · 주가강도 26점,-
桂林旅游,000978.SZ,CN,미분류,손잡이없음,7.08,8.69,-18.51,41.5,20.8,0.0,2.11,False,True,False,14.0,2026-09-09,10.11,20.65,57.9,-65.7,39.0,False,48.0,56.6,29.1,급등,16,False,- · 손잡이 없는 컵 · 상승일 거래량 2.1배 · 주가강도 48점,-
TSE9511,9511.T,JP,미분류,손잡이없음,1163.0,1087.09,6.98,19.6,16.4,0.0,2.16,False,True,False,40.0,2026-08-03,4.81,2590.48,58.0,-55.1,6.4,False,63.0,66.2,34.9,급등,3,False,- · 손잡이 없는 컵 · 상승일 거래량 2.2배 · 주가강도 63점,-
Greenfire Resources Ltd. Common Shares,GFR,US,미분류,컵앤핸들,5.65,5.23,8.03,24.7,7.2,7.2,,False,True,False,172.0,2026-01-23,0.67,12.49,58.1,-54.8,21.1,False,44.0,45.0,0.0,V자,15,False,- · 주가강도 44점,-
三人行,605168.SS,CN,미분류,손잡이없음,50.03,61.26,-18.33,50.3,11.0,0.0,1.51,False,False,False,,,,146.26,58.1,-65.8,23.0,False,74.0,49.6,40.4,V자,16,False,- · 손잡이 없는 컵 · 상승일 거래량 1.5배 · 주가강도 74점,-
TSE6723,6723.T,JP,미분류,손잡이없음,3494.0,4057.05,-13.88,24.3,4.8,0.0,1.29,False,False,False,,,,9780.0,58.5,-64.3,33.9,False,75.0,40.6,5.6,급등,1,True,- · 손잡이 없는 컵 · 상승일 거래량 1.3배 · 주가강도 75점,-
广汇能源,600256.SS,CN,미분류,컵앤핸들,6.67,6.29,6.1,33.0,10.4,6.1,,False,True,False,23.0,2026-08-27,1.21,15.2,58.6,-56.1,15.0,False,70.0,55.5,41.6,V자,16,False,- · 주가강도 70점,-
Kinetik Holdings Inc. Class A Common S,KNTK,US,미분류,컵앤핸들,50.2,42.64,17.72,33.7,34.4,5.5,,False,True,False,155.0,2026-02-18,3.79,104.8,59.3,-52.1,11.8,False,57.0,31.1,4.1,V자,16,False,- · 주가강도 57점,-
TSE2170,2170.T,JP,미분류,컵앤핸들,633.0,602.6,5.04,9.4,6.2,4.0,,False,True,False,52.0,2026-07-15,0.63,1484.0,59.4,-57.3,15.5,False,63.0,31.7,28.0,V자,16,False,- · 주가강도 63점,-
BLOKS,0325.HK,HK,미분류,손잡이형성중,65.3,79.83,-18.2,44.6,16.0,23.8,,False,False,False,,,,198.0,59.7,-67.0,40.6,False,42.0,49.7,57.9,U자,16,False,- · 주가강도 42점,-
NICE Ltd - American Depositary Shares ,NICE,US,미분류,컵앤핸들,111.27,128.64,-13.5,34.3,19.6,17.8,,False,False,False,,,,319.88,59.8,-65.2,25.5,False,31.0,44.6,38.1,U자,8,False,- · 주가강도 31점,-
"Praxis Precision Medicines, Inc. - Com",PRAX,US,미분류,손잡이없음,291.23,366.89,-20.62,34.9,4.0,0.0,1.18,False,True,False,38.0,2026-08-06,2.97,914.27,59.9,-68.1,25.8,False,95.0,66.6,80.9,덜회복,16,False,- · 손잡이 없는 컵 · 상승일 거래량 1.2배 · 주가강도 상위 5% (최상위권),-
EVEREST MED,1952.HK,HK,미분류,손잡이없음,30.14,42.04,-28.31,46.0,16.6,0.0,1.34,False,False,False,,,,104.8,59.9,-71.2,49.1,False,3.0,41.3,19.3,급등,16,False,- · 손잡이 없는 컵 · 상승일 거래량 1.3배 · 주가강도 3점,-
MEDBOT-B,2252.HK,HK,미분류,손잡이형성중,21.18,29.45,-28.08,21.2,5.2,11.9,,False,True,False,258.0,2025-09-11,0.96,73.45,59.9,-71.2,40.1,False,5.0,41.6,0.0,V자,16,False,- · 주가강도 5점,-
